kind,id,payload_json
reifier,reifier_02ce02afd6f1e8a5e5a8a0df660f5b80ca4037dfe73a259d10d18e44bf53021d,"{""id"":""reifier_02ce02afd6f1e8a5e5a8a0df660f5b80ca4037dfe73a259d10d18e44bf53021d"",""reifier"":{""kind"":""iri"",""value"":""https://blackcatinformatics.ca/gmeow/examples/claim-date-gregorian-1582""},""statement"":{""kind"":""triple"",""subject"":{""kind"":""iri"",""value"":""https://blackcatinformatics.ca/gmeow/examples/event-reformation-date""},""predicate"":{""kind"":""iri"",""value"":""https://blackcatinformatics.ca/gmeow/eventTime""},""object"":{""kind"":""literal"",""lexical"":""1582-10-15T00:00:00Z"",""datatype"":""http://www.w3.org/2001/XMLSchema#dateTime"",""language"":null,""direction"":null}},""graph"":{""kind"":""default""}}"
reifier,reifier_03c00c80e647c873136e90bd234cd6a35b3f0a57bf8b21205668e8f85c4c7acc,"{""id"":""reifier_03c00c80e647c873136e90bd234cd6a35b3f0a57bf8b21205668e8f85c4c7acc"",""reifier"":{""kind"":""iri"",""value"":""https://blackcatinformatics.ca/gmeow/examples/claim-impersonation-facet-subject-001""},""statement"":{""kind"":""triple"",""subject"":{""kind"":""iri"",""value"":""https://blackcatinformatics.ca/gmeow/examples/identityfacet-impersonation-001""},""predicate"":{""kind"":""iri"",""value"":""https://blackcatinformatics.ca/gmeow/facetSubject""},""object"":{""kind"":""iri"",""value"":""https://blackcatinformatics.ca/gmeow/examples/agent-victim-001""}},""graph"":{""kind"":""default""}}"
reifier,reifier_04bbd5cbe4f443b08b59e8d47e8a16c58186280a30a89ee64e5a63b6db2c7e96,"{""id"":""reifier_04bbd5cbe4f443b08b59e8d47e8a16c58186280a30a89ee64e5a63b6db2c7e96"",""reifier"":{""kind"":""iri"",""value"":""https://blackcatinformatics.ca/gmeow/examples/claim-self-deception-projected-modality-001""},""statement"":{""kind"":""triple"",""subject"":{""kind"":""iri"",""value"":""https://blackcatinformatics.ca/gmeow/examples/standpointclaim-self-deception-projected-001""},""predicate"":{""kind"":""iri"",""value"":""https://blackcatinformatics.ca/gmeow/claimModality""},""object"":{""kind"":""iri"",""value"":""https://blackcatinformatics.ca/gmeow/unequivocal""}},""graph"":{""kind"":""default""}}"
reifier,reifier_05b579aa253c9834b1aa9bcde87c42f473e42dffa8022e5c1786c63401c1fef0,"{""id"":""reifier_05b579aa253c9834b1aa9bcde87c42f473e42dffa8022e5c1786c63401c1fef0"",""reifier"":{""kind"":""iri"",""value"":""https://blackcatinformatics.ca/gmeow/examples/claim-impersonation-observedfeature-001""},""statement"":{""kind"":""triple"",""subject"":{""kind"":""iri"",""value"":""https://blackcatinformatics.ca/gmeow/examples/identityfacet-impersonation-001""},""predicate"":{""kind"":""iri"",""value"":""https://blackcatinformatics.ca/gmeow/observedFeature""},""object"":{""kind"":""iri"",""value"":""https://blackcatinformatics.ca/gmeow/examples/event-impersonation-001""}},""graph"":{""kind"":""default""}}"
reifier,reifier_05d1e52e0e293166962c392bfa40b0a5d69c600df66392e92d1c2d2b8ad27643,"{""id"":""reifier_05d1e52e0e293166962c392bfa40b0a5d69c600df66392e92d1c2d2b8ad27643"",""reifier"":{""kind"":""iri"",""value"":""https://blackcatinformatics.ca/gmeow/examples/claim-fabrication-projected-modality-001""},""statement"":{""kind"":""triple"",""subject"":{""kind"":""iri"",""value"":""https://blackcatinformatics.ca/gmeow/examples/standpointclaim-fabrication-projected-001""},""predicate"":{""kind"":""iri"",""value"":""https://blackcatinformatics.ca/gmeow/claimModality""},""object"":{""kind"":""iri"",""value"":""https://blackcatinformatics.ca/gmeow/unequivocal""}},""graph"":{""kind"":""default""}}"
reifier,reifier_07871bd7081e08ea5ee145960e7f4b27e66be15fa4a193462cd5fe860e7b7b4c,"{""id"":""reifier_07871bd7081e08ea5ee145960e7f4b27e66be15fa4a193462cd5fe860e7b7b4c"",""reifier"":{""kind"":""iri"",""value"":""https://blackcatinformatics.ca/gmeow/examples/ai/claim-east-wing-close""},""statement"":{""kind"":""triple"",""subject"":{""kind"":""iri"",""value"":""https://blackcatinformatics.ca/gmeow/examples/ai/east-wing""},""predicate"":{""kind"":""iri"",""value"":""https://blackcatinformatics.ca/gmeow/validUntil""},""object"":{""kind"":""literal"",""lexical"":""2026-12-31T22:00:00Z"",""datatype"":""http://www.w3.org/2001/XMLSchema#dateTime"",""language"":null,""direction"":null}},""graph"":{""kind"":""default""}}"
reifier,reifier_0990f4d5d6501c863b30de4f6f192ed90b0c5dfc88152d7501835cb5aa672214,"{""id"":""reifier_0990f4d5d6501c863b30de4f6f192ed90b0c5dfc88152d7501835cb5aa672214"",""reifier"":{""kind"":""iri"",""value"":""https://blackcatinformatics.ca/gmeow/examples/claim-disinformation-origin-projected-modality-001""},""statement"":{""kind"":""triple"",""subject"":{""kind"":""iri"",""value"":""https://blackcatinformatics.ca/gmeow/examples/standpointclaim-disinformation-origin-projected-001""},""predicate"":{""kind"":""iri"",""value"":""https://blackcatinformatics.ca/gmeow/claimModality""},""object"":{""kind"":""iri"",""value"":""https://blackcatinformatics.ca/gmeow/unequivocal""}},""graph"":{""kind"":""default""}}"
reifier,reifier_0b375cbb1c820e2fdb846f583213d6b7e2716a2328a24099a7bf964419d71610,"{""id"":""reifier_0b375cbb1c820e2fdb846f583213d6b7e2716a2328a24099a7bf964419d71610"",""reifier"":{""kind"":""iri"",""value"":""https://blackcatinformatics.ca/gmeow/examples/claim-paltering-held-modality-001""},""statement"":{""kind"":""triple"",""subject"":{""kind"":""iri"",""value"":""https://blackcatinformatics.ca/gmeow/examples/standpointclaim-paltering-held-001""},""predicate"":{""kind"":""iri"",""value"":""https://blackcatinformatics.ca/gmeow/claimModality""},""object"":{""kind"":""iri"",""value"":""https://blackcatinformatics.ca/gmeow/refuted""}},""graph"":{""kind"":""default""}}"
reifier,reifier_0f31a21ba32cf68f19cfe9518cd9a036139410eaaee0cb3aa79277de04bbb86f,"{""id"":""reifier_0f31a21ba32cf68f19cfe9518cd9a036139410eaaee0cb3aa79277de04bbb86f"",""reifier"":{""kind"":""iri"",""value"":""https://blackcatinformatics.ca/gmeow/examples/claim-disinformation-origin-deceiver-role-001""},""statement"":{""kind"":""triple"",""subject"":{""kind"":""iri"",""value"":""https://blackcatinformatics.ca/gmeow/examples/participation-disinformation-origin-deceiver-001""},""predicate"":{""kind"":""iri"",""value"":""https://blackcatinformatics.ca/gmeow/participationRole""},""object"":{""kind"":""iri"",""value"":""https://blackcatinformatics.ca/gmeow/roleDeceiver""}},""graph"":{""kind"":""default""}}"
reifier,reifier_1215101192c2f4acef441a7d2dbdea1717b3b6a4ec8073f5a3d870a8a0d010ab,"{""id"":""reifier_1215101192c2f4acef441a7d2dbdea1717b3b6a4ec8073f5a3d870a8a0d010ab"",""reifier"":{""kind"":""iri"",""value"":""https://blackcatinformatics.ca/gmeow/examples/claim-factcheck-001""},""statement"":{""kind"":""triple"",""subject"":{""kind"":""iri"",""value"":""https://blackcatinformatics.ca/gmeow/examples/attestation-factcheck-001""},""predicate"":{""kind"":""iri"",""value"":""https://blackcatinformatics.ca/gmeow/attestationType""},""object"":{""kind"":""iri"",""value"":""https://blackcatinformatics.ca/gmeow/attestationTypeFactCheck""}},""graph"":{""kind"":""default""}}"
reifier,reifier_12bd69e1f8779a3617b6360c211b1c07b0702f1b06cdd68979d69be020708a5a,"{""id"":""reifier_12bd69e1f8779a3617b6360c211b1c07b0702f1b06cdd68979d69be020708a5a"",""reifier"":{""kind"":""iri"",""value"":""https://blackcatinformatics.ca/gmeow/examples/claim-impersonation-held-001""},""statement"":{""kind"":""triple"",""subject"":{""kind"":""iri"",""value"":""https://blackcatinformatics.ca/gmeow/examples/event-impersonation-001""},""predicate"":{""kind"":""iri"",""value"":""https://blackcatinformatics.ca/gmeow/heldStandpoint""},""object"":{""kind"":""iri"",""value"":""https://blackcatinformatics.ca/gmeow/examples/standpointclaim-impersonation-held-001""}},""graph"":{""kind"":""default""}}"
reifier,reifier_198badf866d3106a0170d53770ce257b3d7338514310a9d5791c1ac5e3293e31,"{""id"":""reifier_198badf866d3106a0170d53770ce257b3d7338514310a9d5791c1ac5e3293e31"",""reifier"":{""kind"":""iri"",""value"":""https://blackcatinformatics.ca/gmeow/examples/claim-alice-gender-001""},""statement"":{""kind"":""triple"",""subject"":{""kind"":""iri"",""value"":""https://blackcatinformatics.ca/gmeow/examples/gi-alice""},""predicate"":{""kind"":""iri"",""value"":""https://blackcatinformatics.ca/gmeow/genderValue""},""object"":{""kind"":""iri"",""value"":""https://blackcatinformatics.ca/gmeow/genderWoman""}},""graph"":{""kind"":""default""}}"
reifier,reifier_1e7cdb7157b0521cce584383dd1acfbc0efb70ee7405b68fcfda39080ff40a29,"{""id"":""reifier_1e7cdb7157b0521cce584383dd1acfbc0efb70ee7405b68fcfda39080ff40a29"",""reifier"":{""kind"":""iri"",""value"":""https://blackcatinformatics.ca/gmeow/examples/claim-alice-birthdate""},""statement"":{""kind"":""triple"",""subject"":{""kind"":""iri"",""value"":""https://blackcatinformatics.ca/gmeow/examples/birth-alice""},""predicate"":{""kind"":""iri"",""value"":""https://blackcatinformatics.ca/gmeow/eventTime""},""object"":{""kind"":""literal"",""lexical"":""1990-05-01T00:00:00Z"",""datatype"":""http://www.w3.org/2001/XMLSchema#dateTime"",""language"":null,""direction"":null}},""graph"":{""kind"":""default""}}"
reifier,reifier_2153cda966834ac0a13eae42f8cc8bcdaf86cbc4f6ac842cdd8745b63fc5e628,"{""id"":""reifier_2153cda966834ac0a13eae42f8cc8bcdaf86cbc4f6ac842cdd8745b63fc5e628"",""reifier"":{""kind"":""iri"",""value"":""https://blackcatinformatics.ca/gmeow/examples/claim-fiction-veridicality-001""},""statement"":{""kind"":""triple"",""subject"":{""kind"":""iri"",""value"":""https://blackcatinformatics.ca/gmeow/examples/claim-hogwarts-in-canon""},""predicate"":{""kind"":""iri"",""value"":""https://blackcatinformatics.ca/gmeow/claimVeridicality""},""object"":{""kind"":""iri"",""value"":""https://blackcatinformatics.ca/gmeow/veridicalityLicensedFalsehood""}},""graph"":{""kind"":""default""}}"
reifier,reifier_2489c6dd20d5d7ae0a6aebc82eb17c9e4a180c31dab005707da63824d1cd732f,"{""id"":""reifier_2489c6dd20d5d7ae0a6aebc82eb17c9e4a180c31dab005707da63824d1cd732f"",""reifier"":{""kind"":""iri"",""value"":""https://blackcatinformatics.ca/gmeow/examples/claim-disinformation-downstream-projected-001""},""statement"":{""kind"":""triple"",""subject"":{""kind"":""iri"",""value"":""https://blackcatinformatics.ca/gmeow/examples/event-downstream-reshare-001""},""predicate"":{""kind"":""iri"",""value"":""https://blackcatinformatics.ca/gmeow/projectedStandpoint""},""object"":{""kind"":""iri"",""value"":""https://blackcatinformatics.ca/gmeow/examples/standpointclaim-downstream-belief-001""}},""graph"":{""kind"":""default""}}"
reifier,reifier_274c32ba7df34021d0306598bd866409f0fe96c182d9435d2b13c5264b5cd6f6,"{""id"":""reifier_274c32ba7df34021d0306598bd866409f0fe96c182d9435d2b13c5264b5cd6f6"",""reifier"":{""kind"":""iri"",""value"":""https://blackcatinformatics.ca/gmeow/examples/claim-forgery-held-modality-001""},""statement"":{""kind"":""triple"",""subject"":{""kind"":""iri"",""value"":""https://blackcatinformatics.ca/gmeow/examples/standpointclaim-forgery-held-001""},""predicate"":{""kind"":""iri"",""value"":""https://blackcatinformatics.ca/gmeow/claimModality""},""object"":{""kind"":""iri"",""value"":""https://blackcatinformatics.ca/gmeow/refuted""}},""graph"":{""kind"":""default""}}"
reifier,reifier_2e6e46a912810d3be2d88bedb34bfa82f6e1136fa65b28fcd15b4ad624cdde0e,"{""id"":""reifier_2e6e46a912810d3be2d88bedb34bfa82f6e1136fa65b28fcd15b4ad624cdde0e"",""reifier"":{""kind"":""iri"",""value"":""https://blackcatinformatics.ca/gmeow/examples/claim-disinformation-dupe-projected-001""},""statement"":{""kind"":""triple"",""subject"":{""kind"":""iri"",""value"":""https://blackcatinformatics.ca/gmeow/examples/event-dupe-reshare-001""},""predicate"":{""kind"":""iri"",""value"":""https://blackcatinformatics.ca/gmeow/projectedStandpoint""},""object"":{""kind"":""iri"",""value"":""https://blackcatinformatics.ca/gmeow/examples/standpointclaim-dupe-belief-001""}},""graph"":{""kind"":""default""}}"
reifier,reifier_2e9a6a91757d048c8c2a4ae705d310f9541edd46431efb1a88efb383fa4030c1,"{""id"":""reifier_2e9a6a91757d048c8c2a4ae705d310f9541edd46431efb1a88efb383fa4030c1"",""reifier"":{""kind"":""iri"",""value"":""https://blackcatinformatics.ca/gmeow/examples/claim-disinformation-dupe-participant-001""},""statement"":{""kind"":""triple"",""subject"":{""kind"":""iri"",""value"":""https://blackcatinformatics.ca/gmeow/examples/participation-disinformation-dupe-001""},""predicate"":{""kind"":""iri"",""value"":""https://blackcatinformatics.ca/gmeow/participationParticipant""},""object"":{""kind"":""iri"",""value"":""https://blackcatinformatics.ca/gmeow/examples/agent-dupe-001""}},""graph"":{""kind"":""default""}}"
reifier,reifier_30b628aac9cf03a630e9ec299479a888dd0610c705149bb42ca6a301da6af9ca,"{""id"":""reifier_30b628aac9cf03a630e9ec299479a888dd0610c705149bb42ca6a301da6af9ca"",""reifier"":{""kind"":""iri"",""value"":""https://blackcatinformatics.ca/gmeow/examples/claim-crimea-in-ukraine-per-un""},""statement"":{""kind"":""triple"",""subject"":{""kind"":""iri"",""value"":""https://blackcatinformatics.ca/gmeow/examples/crimea""},""predicate"":{""kind"":""iri"",""value"":""https://blackcatinformatics.ca/gmeow/containedInPlace""},""object"":{""kind"":""iri"",""value"":""https://blackcatinformatics.ca/gmeow/examples/ukraine""}},""graph"":{""kind"":""default""}}"
reifier,reifier_35e8f140387ad5a3dec378e69a50f8183e60907d97a299c1b0d0c9b959145d95,"{""id"":""reifier_35e8f140387ad5a3dec378e69a50f8183e60907d97a299c1b0d0c9b959145d95"",""reifier"":{""kind"":""iri"",""value"":""https://blackcatinformatics.ca/gmeow/examples/claim-impersonation-implicates-001""},""statement"":{""kind"":""triple"",""subject"":{""kind"":""iri"",""value"":""https://blackcatinformatics.ca/gmeow/examples/event-impersonation-001""},""predicate"":{""kind"":""iri"",""value"":""https://blackcatinformatics.ca/gmeow/implicates""},""object"":{""kind"":""iri"",""value"":""https://blackcatinformatics.ca/gmeow/examples/identityfacet-impersonation-001""}},""graph"":{""kind"":""default""}}"
reifier,reifier_3e91662e0cb00361dd1c0890fc5962976370d504a564b24a378b71d381f8c38b,"{""id"":""reifier_3e91662e0cb00361dd1c0890fc5962976370d504a564b24a378b71d381f8c38b"",""reifier"":{""kind"":""iri"",""value"":""https://blackcatinformatics.ca/gmeow/examples/claim-bullshit-projected-001""},""statement"":{""kind"":""triple"",""subject"":{""kind"":""iri"",""value"":""https://blackcatinformatics.ca/gmeow/examples/event-bullshit-001""},""predicate"":{""kind"":""iri"",""value"":""https://blackcatinformatics.ca/gmeow/projectedStandpoint""},""object"":{""kind"":""iri"",""value"":""https://blackcatinformatics.ca/gmeow/examples/standpointclaim-bullshit-projected-001""}},""graph"":{""kind"":""default""}}"
reifier,reifier_3f359da888727652bc7d98bb926784219490081252111addc65bb359b43de800,"{""id"":""reifier_3f359da888727652bc7d98bb926784219490081252111addc65bb359b43de800"",""reifier"":{""kind"":""iri"",""value"":""https://blackcatinformatics.ca/gmeow/examples/music/claim-spectral-key-tonal""},""statement"":{""kind"":""triple"",""subject"":{""kind"":""iri"",""value"":""https://blackcatinformatics.ca/gmeow/examples/music/spectral-key-claim""},""predicate"":{""kind"":""iri"",""value"":""https://blackcatinformatics.ca/gmeow/analysisResult""},""object"":{""kind"":""iri"",""value"":""https://blackcatinformatics.ca/gmeow/pitchValue12EDOE4""}},""graph"":{""kind"":""default""}}"
reifier,reifier_3fb54e672cb4e394e37632f49c06fd2b9f2bc149587a41987509161e0d2f6e27,"{""id"":""reifier_3fb54e672cb4e394e37632f49c06fd2b9f2bc149587a41987509161e0d2f6e27"",""reifier"":{""kind"":""iri"",""value"":""https://blackcatinformatics.ca/gmeow/examples/rights/claim-photo-copyright-holder""},""statement"":{""kind"":""triple"",""subject"":{""kind"":""iri"",""value"":""https://blackcatinformatics.ca/gmeow/examples/rights/photo-copyright""},""predicate"":{""kind"":""iri"",""value"":""https://blackcatinformatics.ca/gmeow/copyrightHolder""},""object"":{""kind"":""iri"",""value"":""https://blackcatinformatics.ca/gmeow/examples/rights/jane""}},""graph"":{""kind"":""default""}}"
reifier,reifier_44f4132ef00402ebbb8325ff569960e354d19b651f7b17f05bc415645856854d,"{""id"":""reifier_44f4132ef00402ebbb8325ff569960e354d19b651f7b17f05bc415645856854d"",""reifier"":{""kind"":""iri"",""value"":""https://blackcatinformatics.ca/gmeow/examples/claim-disinformation-dupe-held-001""},""statement"":{""kind"":""triple"",""subject"":{""kind"":""iri"",""value"":""https://blackcatinformatics.ca/gmeow/examples/event-dupe-reshare-001""},""predicate"":{""kind"":""iri"",""value"":""https://blackcatinformatics.ca/gmeow/heldStandpoint""},""object"":{""kind"":""iri"",""value"":""https://blackcatinformatics.ca/gmeow/examples/standpointclaim-dupe-belief-001""}},""graph"":{""kind"":""default""}}"
reifier,reifier_46f02c43c8ffe43f0aed02980c4445a233f825527e8d35ef61480a87b583ace1,"{""id"":""reifier_46f02c43c8ffe43f0aed02980c4445a233f825527e8d35ef61480a87b583ace1"",""reifier"":{""kind"":""iri"",""value"":""https://blackcatinformatics.ca/gmeow/examples/claim-distortion-held-modality-001""},""statement"":{""kind"":""triple"",""subject"":{""kind"":""iri"",""value"":""https://blackcatinformatics.ca/gmeow/examples/standpointclaim-distortion-held-001""},""predicate"":{""kind"":""iri"",""value"":""https://blackcatinformatics.ca/gmeow/claimModality""},""object"":{""kind"":""iri"",""value"":""https://blackcatinformatics.ca/gmeow/probable""}},""graph"":{""kind"":""default""}}"
reifier,reifier_470e39c9c821e51980bbb4615f03233e433bc4c47b85550ed4383738283eea51,"{""id"":""reifier_470e39c9c821e51980bbb4615f03233e433bc4c47b85550ed4383738283eea51"",""reifier"":{""kind"":""iri"",""value"":""https://blackcatinformatics.ca/gmeow/examples/claim-self-deception-roles-001""},""statement"":{""kind"":""triple"",""subject"":{""kind"":""iri"",""value"":""https://blackcatinformatics.ca/gmeow/examples/event-self-deception-001""},""predicate"":{""kind"":""iri"",""value"":""https://blackcatinformatics.ca/gmeow/hasParticipant""},""object"":{""kind"":""iri"",""value"":""https://blackcatinformatics.ca/gmeow/examples/agent-self-001""}},""graph"":{""kind"":""default""}}"
reifier,reifier_484a725c70b4344558722f2619e3625902cf96df286028a0f5327ede44b22827,"{""id"":""reifier_484a725c70b4344558722f2619e3625902cf96df286028a0f5327ede44b22827"",""reifier"":{""kind"":""iri"",""value"":""https://blackcatinformatics.ca/gmeow/examples/music/claim-spectral-key-refuted""},""statement"":{""kind"":""triple"",""subject"":{""kind"":""iri"",""value"":""https://blackcatinformatics.ca/gmeow/examples/music/spectral-key-claim""},""predicate"":{""kind"":""iri"",""value"":""https://blackcatinformatics.ca/gmeow/analysisResult""},""object"":{""kind"":""iri"",""value"":""https://blackcatinformatics.ca/gmeow/pitchValue12EDOE4""}},""graph"":{""kind"":""default""}}"
reifier,reifier_48504bbb51108b8fd771ab9f8b4d6be4c45d4e6618bc7bc04d378e48828edf31,"{""id"":""reifier_48504bbb51108b8fd771ab9f8b4d6be4c45d4e6618bc7bc04d378e48828edf31"",""reifier"":{""kind"":""iri"",""value"":""https://blackcatinformatics.ca/gmeow/examples/claim-forgery-projected-modality-001""},""statement"":{""kind"":""triple"",""subject"":{""kind"":""iri"",""value"":""https://blackcatinformatics.ca/gmeow/examples/standpointclaim-forgery-projected-001""},""predicate"":{""kind"":""iri"",""value"":""https://blackcatinformatics.ca/gmeow/claimModality""},""object"":{""kind"":""iri"",""value"":""https://blackcatinformatics.ca/gmeow/unequivocal""}},""graph"":{""kind"":""default""}}"
reifier,reifier_485b522dde5f6e5929bb5ed1d1b07e0849eab2f707b62e8df0eab21bbac571e7,"{""id"":""reifier_485b522dde5f6e5929bb5ed1d1b07e0849eab2f707b62e8df0eab21bbac571e7"",""reifier"":{""kind"":""iri"",""value"":""https://blackcatinformatics.ca/gmeow/examples/music/claim-ai-german-sixth""},""statement"":{""kind"":""triple"",""subject"":{""kind"":""iri"",""value"":""https://blackcatinformatics.ca/gmeow/fixtureRomanNumeralGermanSixthClaim""},""predicate"":{""kind"":""iri"",""value"":""https://blackcatinformatics.ca/gmeow/analysisResult""},""object"":{""kind"":""iri"",""value"":""https://blackcatinformatics.ca/gmeow/harmonicFunctionGermanSixth""}},""graph"":{""kind"":""default""}}"
reifier,reifier_4a365994dbe7107b4dfa960eb0bc8dca1a16c7415a4b25870b0d89707e2f6d97,"{""id"":""reifier_4a365994dbe7107b4dfa960eb0bc8dca1a16c7415a4b25870b0d89707e2f6d97"",""reifier"":{""kind"":""iri"",""value"":""https://blackcatinformatics.ca/gmeow/examples/claim-paltering-held-refutes-implicated-001""},""statement"":{""kind"":""triple"",""subject"":{""kind"":""iri"",""value"":""https://blackcatinformatics.ca/gmeow/examples/event-paltering-001""},""predicate"":{""kind"":""iri"",""value"":""https://blackcatinformatics.ca/gmeow/heldStandpoint""},""object"":{""kind"":""iri"",""value"":""https://blackcatinformatics.ca/gmeow/examples/standpointclaim-paltering-held-001""}},""graph"":{""kind"":""default""}}"
reifier,reifier_4b5c51a8c70da31e3bbac4a393ab18fc371b9f1aac7f9c17f24d047e2b7082cd,"{""id"":""reifier_4b5c51a8c70da31e3bbac4a393ab18fc371b9f1aac7f9c17f24d047e2b7082cd"",""reifier"":{""kind"":""iri"",""value"":""https://blackcatinformatics.ca/gmeow/examples/music/claim-greensleeves-anonymous""},""statement"":{""kind"":""triple"",""subject"":{""kind"":""iri"",""value"":""https://blackcatinformatics.ca/gmeow/examples/music/greensleeves-work""},""predicate"":{""kind"":""iri"",""value"":""https://blackcatinformatics.ca/gmeow/hasComposer""},""object"":{""kind"":""iri"",""value"":""https://blackcatinformatics.ca/gmeow/examples/music/anonymous-composer""}},""graph"":{""kind"":""default""}}"
reifier,reifier_4fd799aaabd0a1c6518102999b848c9a8e0a6d668612bc5986148487418a4dcb,"{""id"":""reifier_4fd799aaabd0a1c6518102999b848c9a8e0a6d668612bc5986148487418a4dcb"",""reifier"":{""kind"":""iri"",""value"":""https://blackcatinformatics.ca/gmeow/examples/rights/claim-mark-holder-omega""},""statement"":{""kind"":""triple"",""subject"":{""kind"":""iri"",""value"":""https://blackcatinformatics.ca/gmeow/examples/rights/contested-trademark""},""predicate"":{""kind"":""iri"",""value"":""https://blackcatinformatics.ca/gmeow/trademarkHolder""},""object"":{""kind"":""iri"",""value"":""https://blackcatinformatics.ca/gmeow/examples/rights/omega""}},""graph"":{""kind"":""default""}}"
reifier,reifier_523ac1e3d70da0f0213034a5e0509ca762444c744f407ffb69da017ff75d539b,"{""id"":""reifier_523ac1e3d70da0f0213034a5e0509ca762444c744f407ffb69da017ff75d539b"",""reifier"":{""kind"":""iri"",""value"":""https://blackcatinformatics.ca/gmeow/examples/claim-disinformation-origin-held-modality-001""},""statement"":{""kind"":""triple"",""subject"":{""kind"":""iri"",""value"":""https://blackcatinformatics.ca/gmeow/examples/standpointclaim-disinformation-origin-held-001""},""predicate"":{""kind"":""iri"",""value"":""https://blackcatinformatics.ca/gmeow/claimModality""},""object"":{""kind"":""iri"",""value"":""https://blackcatinformatics.ca/gmeow/refuted""}},""graph"":{""kind"":""default""}}"
reifier,reifier_523ff99cb92a37baf4ff1722903281e01208074add5c1af23f551556b6ef852b,"{""id"":""reifier_523ff99cb92a37baf4ff1722903281e01208074add5c1af23f551556b6ef852b"",""reifier"":{""kind"":""iri"",""value"":""https://blackcatinformatics.ca/gmeow/examples/claim-event-lie-001""},""statement"":{""kind"":""triple"",""subject"":{""kind"":""iri"",""value"":""https://blackcatinformatics.ca/gmeow/examples/event-lie-001""},""predicate"":{""kind"":""iri"",""value"":""https://blackcatinformatics.ca/gmeow/eventType""},""object"":{""kind"":""iri"",""value"":""https://blackcatinformatics.ca/gmeow/eventTypeLie""}},""graph"":{""kind"":""default""}}"
reifier,reifier_53f407e0f2da2bb4ec526062d121e1640f146bae75a3dda6fab1d05574be1c9c,"{""id"":""reifier_53f407e0f2da2bb4ec526062d121e1640f146bae75a3dda6fab1d05574be1c9c"",""reifier"":{""kind"":""iri"",""value"":""https://blackcatinformatics.ca/gmeow/examples/claim-impersonation-held-modality-001""},""statement"":{""kind"":""triple"",""subject"":{""kind"":""iri"",""value"":""https://blackcatinformatics.ca/gmeow/examples/standpointclaim-impersonation-held-001""},""predicate"":{""kind"":""iri"",""value"":""https://blackcatinformatics.ca/gmeow/claimModality""},""object"":{""kind"":""iri"",""value"":""https://blackcatinformatics.ca/gmeow/refuted""}},""graph"":{""kind"":""default""}}"
reifier,reifier_543c6ba1d50238066b2aed23fb2c3b52861ae15bbd516a074bb55d2534455f2c,"{""id"":""reifier_543c6ba1d50238066b2aed23fb2c3b52861ae15bbd516a074bb55d2534455f2c"",""reifier"":{""kind"":""iri"",""value"":""https://blackcatinformatics.ca/gmeow/examples/claim-forgery-signature-fail-001""},""statement"":{""kind"":""triple"",""subject"":{""kind"":""iri"",""value"":""https://blackcatinformatics.ca/gmeow/examples/cryptographicsignature-forgery-001""},""predicate"":{""kind"":""iri"",""value"":""https://blackcatinformatics.ca/gmeow/hasVerificationStatus""},""object"":{""kind"":""iri"",""value"":""https://blackcatinformatics.ca/gmeow/verificationStatusFailed""}},""graph"":{""kind"":""default""}}"
reifier,reifier_546673366edfddfb979f9334d7f28e321cd8af8d157a7ca8b5ec89b8629610d6,"{""id"":""reifier_546673366edfddfb979f9334d7f28e321cd8af8d157a7ca8b5ec89b8629610d6"",""reifier"":{""kind"":""iri"",""value"":""https://blackcatinformatics.ca/gmeow/examples/claim-distortion-participant-001""},""statement"":{""kind"":""triple"",""subject"":{""kind"":""iri"",""value"":""https://blackcatinformatics.ca/gmeow/examples/event-distortion-001""},""predicate"":{""kind"":""iri"",""value"":""https://blackcatinformatics.ca/gmeow/hasParticipant""},""object"":{""kind"":""iri"",""value"":""https://blackcatinformatics.ca/gmeow/examples/standpoint-spin-doctor""}},""graph"":{""kind"":""default""}}"
reifier,reifier_5883569c4399d77b15c4e877d0485e4315620174c6704c543cef232d6c2f5e7c,"{""id"":""reifier_5883569c4399d77b15c4e877d0485e4315620174c6704c543cef232d6c2f5e7c"",""reifier"":{""kind"":""iri"",""value"":""https://blackcatinformatics.ca/gmeow/examples/claim-disinformation-dupe-event-binding-001""},""statement"":{""kind"":""triple"",""subject"":{""kind"":""iri"",""value"":""https://blackcatinformatics.ca/gmeow/examples/participation-disinformation-dupe-001""},""predicate"":{""kind"":""iri"",""value"":""https://blackcatinformatics.ca/gmeow/participationEvent""},""object"":{""kind"":""iri"",""value"":""https://blackcatinformatics.ca/gmeow/examples/event-dupe-reshare-001""}},""graph"":{""kind"":""default""}}"
reifier,reifier_5d915b574026145ed9553f78581b8a8b8c5f43d7510efe35bcb349a7b4b5c247,"{""id"":""reifier_5d915b574026145ed9553f78581b8a8b8c5f43d7510efe35bcb349a7b4b5c247"",""reifier"":{""kind"":""iri"",""value"":""https://blackcatinformatics.ca/gmeow/examples/claim-disinformation-dupe-role-001""},""statement"":{""kind"":""triple"",""subject"":{""kind"":""iri"",""value"":""https://blackcatinformatics.ca/gmeow/examples/participation-disinformation-dupe-001""},""predicate"":{""kind"":""iri"",""value"":""https://blackcatinformatics.ca/gmeow/participationRole""},""object"":{""kind"":""iri"",""value"":""https://blackcatinformatics.ca/gmeow/roleDupe""}},""graph"":{""kind"":""default""}}"
reifier,reifier_5f21726c5ad969c1068b5b19dcd1ae00e4227d402661d9d706f6ed65b1f31782,"{""id"":""reifier_5f21726c5ad969c1068b5b19dcd1ae00e4227d402661d9d706f6ed65b1f31782"",""reifier"":{""kind"":""iri"",""value"":""https://blackcatinformatics.ca/gmeow/examples/claim-disinformation-downstream-held-001""},""statement"":{""kind"":""triple"",""subject"":{""kind"":""iri"",""value"":""https://blackcatinformatics.ca/gmeow/examples/event-downstream-reshare-001""},""predicate"":{""kind"":""iri"",""value"":""https://blackcatinformatics.ca/gmeow/heldStandpoint""},""object"":{""kind"":""iri"",""value"":""https://blackcatinformatics.ca/gmeow/examples/standpointclaim-downstream-belief-001""}},""graph"":{""kind"":""default""}}"
reifier,reifier_645548aee63cd92fb2dfcdae4578875c1dc21e37eaa5e8d71e52a686be0dc320,"{""id"":""reifier_645548aee63cd92fb2dfcdae4578875c1dc21e37eaa5e8d71e52a686be0dc320"",""reifier"":{""kind"":""iri"",""value"":""https://blackcatinformatics.ca/gmeow/examples/claim-event-omission-001""},""statement"":{""kind"":""triple"",""subject"":{""kind"":""iri"",""value"":""https://blackcatinformatics.ca/gmeow/examples/event-omission-001""},""predicate"":{""kind"":""iri"",""value"":""https://blackcatinformatics.ca/gmeow/eventType""},""object"":{""kind"":""iri"",""value"":""https://blackcatinformatics.ca/gmeow/eventTypeOmission""}},""graph"":{""kind"":""default""}}"
reifier,reifier_653efec72f7ad19ee44effcc4a8d1aa79fc50451878402d217a1723410b58a40,"{""id"":""reifier_653efec72f7ad19ee44effcc4a8d1aa79fc50451878402d217a1723410b58a40"",""reifier"":{""kind"":""iri"",""value"":""https://blackcatinformatics.ca/gmeow/examples/claim-forgery-projected-001""},""statement"":{""kind"":""triple"",""subject"":{""kind"":""iri"",""value"":""https://blackcatinformatics.ca/gmeow/examples/event-forgery-001""},""predicate"":{""kind"":""iri"",""value"":""https://blackcatinformatics.ca/gmeow/projectedStandpoint""},""object"":{""kind"":""iri"",""value"":""https://blackcatinformatics.ca/gmeow/examples/standpointclaim-forgery-projected-001""}},""graph"":{""kind"":""default""}}"
reifier,reifier_6658379d4048546d0a04f8ba4c21de823f4e96bb817b2236f9297085f3c63d94,"{""id"":""reifier_6658379d4048546d0a04f8ba4c21de823f4e96bb817b2236f9297085f3c63d94"",""reifier"":{""kind"":""iri"",""value"":""https://blackcatinformatics.ca/gmeow/reifier/48dcc08cba7412ad99d7a65cc9d0db751589d0a2""},""statement"":{""kind"":""triple"",""subject"":{""kind"":""iri"",""value"":""https://blackcatinformatics.ca/gmeow/examples/alice""},""predicate"":{""kind"":""iri"",""value"":""https://blackcatinformatics.ca/gmeow/knowsLanguage""},""object"":{""kind"":""iri"",""value"":""https://blackcatinformatics.ca/gmeow/examples/lang-toki-pona""}},""graph"":{""kind"":""default""}}"
reifier,reifier_66bc48874d1ee5d55c052b53fb704ebf860a84b26e02dd6f8dda2aa88435aade,"{""id"":""reifier_66bc48874d1ee5d55c052b53fb704ebf860a84b26e02dd6f8dda2aa88435aade"",""reifier"":{""kind"":""iri"",""value"":""https://blackcatinformatics.ca/gmeow/examples/claim-lie-held-001""},""statement"":{""kind"":""triple"",""subject"":{""kind"":""iri"",""value"":""https://blackcatinformatics.ca/gmeow/examples/event-lie-001""},""predicate"":{""kind"":""iri"",""value"":""https://blackcatinformatics.ca/gmeow/heldStandpoint""},""object"":{""kind"":""iri"",""value"":""https://blackcatinformatics.ca/gmeow/examples/standpointclaim-lie-held-001""}},""graph"":{""kind"":""default""}}"
reifier,reifier_67e698f2a3a2eb3f2b459873b2bee72d11131b1bbab4c1472519e089e2d54ed6,"{""id"":""reifier_67e698f2a3a2eb3f2b459873b2bee72d11131b1bbab4c1472519e089e2d54ed6"",""reifier"":{""kind"":""iri"",""value"":""https://blackcatinformatics.ca/gmeow/examples/claim-disinformation-dupe-event-001""},""statement"":{""kind"":""triple"",""subject"":{""kind"":""iri"",""value"":""https://blackcatinformatics.ca/gmeow/examples/event-dupe-reshare-001""},""predicate"":{""kind"":""iri"",""value"":""https://blackcatinformatics.ca/gmeow/eventType""},""object"":{""kind"":""iri"",""value"":""https://blackcatinformatics.ca/gmeow/eventTypeDeception""}},""graph"":{""kind"":""default""}}"
reifier,reifier_6baf3df44aca727eec0249155b26a342ed0d571aeba1b96f8d6a796a0eb34f43,"{""id"":""reifier_6baf3df44aca727eec0249155b26a342ed0d571aeba1b96f8d6a796a0eb34f43"",""reifier"":{""kind"":""iri"",""value"":""https://blackcatinformatics.ca/gmeow/examples/claim-forgery-counterpart-001""},""statement"":{""kind"":""triple"",""subject"":{""kind"":""iri"",""value"":""https://blackcatinformatics.ca/gmeow/examples/creativework-forged-001""},""predicate"":{""kind"":""iri"",""value"":""https://blackcatinformatics.ca/gmeow/counterpartOf""},""object"":{""kind"":""iri"",""value"":""https://blackcatinformatics.ca/gmeow/examples/creativework-genuine-001""}},""graph"":{""kind"":""default""}}"
reifier,reifier_6ca9b5312767f8167fbe426ff1f2e45b580b5b6ce78f49fe4c12173887354207,"{""id"":""reifier_6ca9b5312767f8167fbe426ff1f2e45b580b5b6ce78f49fe4c12173887354207"",""reifier"":{""kind"":""iri"",""value"":""https://blackcatinformatics.ca/gmeow/examples/claim-lie-projected-001""},""statement"":{""kind"":""triple"",""subject"":{""kind"":""iri"",""value"":""https://blackcatinformatics.ca/gmeow/examples/event-lie-001""},""predicate"":{""kind"":""iri"",""value"":""https://blackcatinformatics.ca/gmeow/projectedStandpoint""},""object"":{""kind"":""iri"",""value"":""https://blackcatinformatics.ca/gmeow/examples/standpointclaim-lie-projected-001""}},""graph"":{""kind"":""default""}}"
reifier,reifier_6d659eeb88120f22e5117748065d0485f462ec2023e8b5c8f9286f20b7dfb663,"{""id"":""reifier_6d659eeb88120f22e5117748065d0485f462ec2023e8b5c8f9286f20b7dfb663"",""reifier"":{""kind"":""iri"",""value"":""https://blackcatinformatics.ca/gmeow/examples/claim-distortion-held-001""},""statement"":{""kind"":""triple"",""subject"":{""kind"":""iri"",""value"":""https://blackcatinformatics.ca/gmeow/examples/event-distortion-001""},""predicate"":{""kind"":""iri"",""value"":""https://blackcatinformatics.ca/gmeow/heldStandpoint""},""object"":{""kind"":""iri"",""value"":""https://blackcatinformatics.ca/gmeow/examples/standpointclaim-distortion-held-001""}},""graph"":{""kind"":""default""}}"
reifier,reifier_704acbf23f758148eb123738598ab3a0f4b0660fe18b09447c01b9eb160d3a69,"{""id"":""reifier_704acbf23f758148eb123738598ab3a0f4b0660fe18b09447c01b9eb160d3a69"",""reifier"":{""kind"":""iri"",""value"":""https://blackcatinformatics.ca/gmeow/examples/claim-disinformation-origin-deceiver-participant-001""},""statement"":{""kind"":""triple"",""subject"":{""kind"":""iri"",""value"":""https://blackcatinformatics.ca/gmeow/examples/participation-disinformation-origin-deceiver-001""},""predicate"":{""kind"":""iri"",""value"":""https://blackcatinformatics.ca/gmeow/participationParticipant""},""object"":{""kind"":""iri"",""value"":""https://blackcatinformatics.ca/gmeow/examples/agent-deceiver-001""}},""graph"":{""kind"":""default""}}"
reifier,reifier_72908cf3c7f85633b13964b9c9f8d75a4b01749e0817ef5d4a8d789b2f9e504f,"{""id"":""reifier_72908cf3c7f85633b13964b9c9f8d75a4b01749e0817ef5d4a8d789b2f9e504f"",""reifier"":{""kind"":""iri"",""value"":""https://blackcatinformatics.ca/gmeow/examples/claim-held-001""},""statement"":{""kind"":""triple"",""subject"":{""kind"":""iri"",""value"":""https://blackcatinformatics.ca/gmeow/examples/event-deception-001""},""predicate"":{""kind"":""iri"",""value"":""https://blackcatinformatics.ca/gmeow/heldStandpoint""},""object"":{""kind"":""iri"",""value"":""https://blackcatinformatics.ca/gmeow/examples/standpointclaim-held-001""}},""graph"":{""kind"":""default""}}"
reifier,reifier_72e56d2074c2760dfce55f76cffbeb58335e064e17544d7b660a8dd7b65f027d,"{""id"":""reifier_72e56d2074c2760dfce55f76cffbeb58335e064e17544d7b660a8dd7b65f027d"",""reifier"":{""kind"":""iri"",""value"":""https://blackcatinformatics.ca/gmeow/examples/claim-fiction-narrative-frame-001""},""statement"":{""kind"":""triple"",""subject"":{""kind"":""iri"",""value"":""https://blackcatinformatics.ca/gmeow/examples/claim-hogwarts-in-canon""},""predicate"":{""kind"":""iri"",""value"":""https://blackcatinformatics.ca/gmeow/accordingTo""},""object"":{""kind"":""iri"",""value"":""https://blackcatinformatics.ca/gmeow/examples/narrative-frame-harry-potter""}},""graph"":{""kind"":""default""}}"
reifier,reifier_763a12728cf3aaccada64e20e9806e16b03a6b8b3a7f70764ed7d675e545ccaa,"{""id"":""reifier_763a12728cf3aaccada64e20e9806e16b03a6b8b3a7f70764ed7d675e545ccaa"",""reifier"":{""kind"":""iri"",""value"":""https://blackcatinformatics.ca/gmeow/examples/claim-bullshit-held-001""},""statement"":{""kind"":""triple"",""subject"":{""kind"":""iri"",""value"":""https://blackcatinformatics.ca/gmeow/examples/event-bullshit-001""},""predicate"":{""kind"":""iri"",""value"":""https://blackcatinformatics.ca/gmeow/heldStandpoint""},""object"":{""kind"":""iri"",""value"":""https://blackcatinformatics.ca/gmeow/examples/standpointclaim-bullshit-held-001""}},""graph"":{""kind"":""default""}}"
reifier,reifier_76f994c7dc5f4da698bd9b36f31ae877e58c09d98d8786a6a6e0902d481d3881,"{""id"":""reifier_76f994c7dc5f4da698bd9b36f31ae877e58c09d98d8786a6a6e0902d481d3881"",""reifier"":{""kind"":""iri"",""value"":""https://blackcatinformatics.ca/gmeow/examples/claim-slam-occupancy-cell-42""},""statement"":{""kind"":""triple"",""subject"":{""kind"":""iri"",""value"":""https://blackcatinformatics.ca/gmeow/examples/slam-cell-42""},""predicate"":{""kind"":""iri"",""value"":""https://blackcatinformatics.ca/gmeow/hasReferenceFrame""},""object"":{""kind"":""iri"",""value"":""https://blackcatinformatics.ca/gmeow/referenceFrameRobotSLAM""}},""graph"":{""kind"":""default""}}"
reifier,reifier_7725d0987c2706d3ad25f2beb210d6c44d54c02506f4809d14cf50523acac1fe,"{""id"":""reifier_7725d0987c2706d3ad25f2beb210d6c44d54c02506f4809d14cf50523acac1fe"",""reifier"":{""kind"":""iri"",""value"":""https://blackcatinformatics.ca/gmeow/examples/claim-forgery-held-001""},""statement"":{""kind"":""triple"",""subject"":{""kind"":""iri"",""value"":""https://blackcatinformatics.ca/gmeow/examples/event-forgery-001""},""predicate"":{""kind"":""iri"",""value"":""https://blackcatinformatics.ca/gmeow/heldStandpoint""},""object"":{""kind"":""iri"",""value"":""https://blackcatinformatics.ca/gmeow/examples/standpointclaim-forgery-held-001""}},""graph"":{""kind"":""default""}}"
reifier,reifier_78c5843550ac2c7daee5cc29daccacaca51f13cca08e3f9465bb1b7ee01a4b4d,"{""id"":""reifier_78c5843550ac2c7daee5cc29daccacaca51f13cca08e3f9465bb1b7ee01a4b4d"",""reifier"":{""kind"":""iri"",""value"":""https://blackcatinformatics.ca/gmeow/examples/claim-disinformation-downstream-belief-modality-001""},""statement"":{""kind"":""triple"",""subject"":{""kind"":""iri"",""value"":""https://blackcatinformatics.ca/gmeow/examples/standpointclaim-downstream-belief-001""},""predicate"":{""kind"":""iri"",""value"":""https://blackcatinformatics.ca/gmeow/claimModality""},""object"":{""kind"":""iri"",""value"":""https://blackcatinformatics.ca/gmeow/unequivocal""}},""graph"":{""kind"":""default""}}"
reifier,reifier_7d869c34ffd30ca18229223a3ae5e9112bc455197fd4559e7cd1348264f21b65,"{""id"":""reifier_7d869c34ffd30ca18229223a3ae5e9112bc455197fd4559e7cd1348264f21b65"",""reifier"":{""kind"":""iri"",""value"":""https://blackcatinformatics.ca/gmeow/examples/claim-event-forgery-001""},""statement"":{""kind"":""triple"",""subject"":{""kind"":""iri"",""value"":""https://blackcatinformatics.ca/gmeow/examples/event-forgery-001""},""predicate"":{""kind"":""iri"",""value"":""https://blackcatinformatics.ca/gmeow/eventType""},""object"":{""kind"":""iri"",""value"":""https://blackcatinformatics.ca/gmeow/eventTypeForgery""}},""graph"":{""kind"":""default""}}"
reifier,reifier_7f3f3e7ab11065c1cdf03169e6d819642ed25e05dfc1fc827b37c7a98ba9aa71,"{""id"":""reifier_7f3f3e7ab11065c1cdf03169e6d819642ed25e05dfc1fc827b37c7a98ba9aa71"",""reifier"":{""kind"":""iri"",""value"":""https://blackcatinformatics.ca/gmeow/examples/claim-omission-held-001""},""statement"":{""kind"":""triple"",""subject"":{""kind"":""iri"",""value"":""https://blackcatinformatics.ca/gmeow/examples/event-omission-001""},""predicate"":{""kind"":""iri"",""value"":""https://blackcatinformatics.ca/gmeow/heldStandpoint""},""object"":{""kind"":""iri"",""value"":""https://blackcatinformatics.ca/gmeow/examples/standpointclaim-omission-held-001""}},""graph"":{""kind"":""default""}}"
reifier,reifier_807a46fa44e07edc82bd3932fa04ed1358e9d43a1f4dd4a85247c206074fbfe7,"{""id"":""reifier_807a46fa44e07edc82bd3932fa04ed1358e9d43a1f4dd4a85247c206074fbfe7"",""reifier"":{""kind"":""iri"",""value"":""https://blackcatinformatics.ca/gmeow/examples/claim-sockpuppet-counterpart-001""},""statement"":{""kind"":""triple"",""subject"":{""kind"":""iri"",""value"":""https://blackcatinformatics.ca/gmeow/examples/identity-sockpuppet-001""},""predicate"":{""kind"":""iri"",""value"":""https://blackcatinformatics.ca/gmeow/counterpartOf""},""object"":{""kind"":""iri"",""value"":""https://blackcatinformatics.ca/gmeow/examples/identity-deceiver-001""}},""graph"":{""kind"":""default""}}"
reifier,reifier_8122452d5f5c878fb1cb7ee51035d54741604e91fb9c2b708bb464deb2200fd1,"{""id"":""reifier_8122452d5f5c878fb1cb7ee51035d54741604e91fb9c2b708bb464deb2200fd1"",""reifier"":{""kind"":""iri"",""value"":""https://blackcatinformatics.ca/gmeow/examples/claim-impersonation-projected-modality-001""},""statement"":{""kind"":""triple"",""subject"":{""kind"":""iri"",""value"":""https://blackcatinformatics.ca/gmeow/examples/standpointclaim-impersonation-projected-001""},""predicate"":{""kind"":""iri"",""value"":""https://blackcatinformatics.ca/gmeow/claimModality""},""object"":{""kind"":""iri"",""value"":""https://blackcatinformatics.ca/gmeow/unequivocal""}},""graph"":{""kind"":""default""}}"
reifier,reifier_81815b8e10a806fcadc113fd05cc947ce075371cd4c443cccf756f5e4876e80d,"{""id"":""reifier_81815b8e10a806fcadc113fd05cc947ce075371cd4c443cccf756f5e4876e80d"",""reifier"":{""kind"":""iri"",""value"":""https://blackcatinformatics.ca/gmeow/examples/claim-distortion-projected-001""},""statement"":{""kind"":""triple"",""subject"":{""kind"":""iri"",""value"":""https://blackcatinformatics.ca/gmeow/examples/event-distortion-001""},""predicate"":{""kind"":""iri"",""value"":""https://blackcatinformatics.ca/gmeow/projectedStandpoint""},""object"":{""kind"":""iri"",""value"":""https://blackcatinformatics.ca/gmeow/examples/standpointclaim-distortion-projected-001""}},""graph"":{""kind"":""default""}}"
reifier,reifier_81dd06f17162140d47dbcad43e8834a4fc37d80d631eeb4158c8295bf13951fb,"{""id"":""reifier_81dd06f17162140d47dbcad43e8834a4fc37d80d631eeb4158c8295bf13951fb"",""reifier"":{""kind"":""iri"",""value"":""https://blackcatinformatics.ca/gmeow/examples/music/claim-not-math-rock-band""},""statement"":{""kind"":""triple"",""subject"":{""kind"":""iri"",""value"":""https://blackcatinformatics.ca/gmeow/fixtureMathRockWork""},""predicate"":{""kind"":""iri"",""value"":""https://blackcatinformatics.ca/gmeow/hasGenre""},""object"":{""kind"":""iri"",""value"":""https://blackcatinformatics.ca/gmeow/genreMathRock""}},""graph"":{""kind"":""default""}}"
reifier,reifier_85ee4d9632b176e27aedf52f453219ccc1a02695eaa675bb5699fce6542a251f,"{""id"":""reifier_85ee4d9632b176e27aedf52f453219ccc1a02695eaa675bb5699fce6542a251f"",""reifier"":{""kind"":""iri"",""value"":""https://blackcatinformatics.ca/gmeow/examples/claim-deception-event-001""},""statement"":{""kind"":""triple"",""subject"":{""kind"":""iri"",""value"":""https://blackcatinformatics.ca/gmeow/examples/event-deception-001""},""predicate"":{""kind"":""iri"",""value"":""https://blackcatinformatics.ca/gmeow/eventType""},""object"":{""kind"":""iri"",""value"":""https://blackcatinformatics.ca/gmeow/eventTypeDeception""}},""graph"":{""kind"":""default""}}"
reifier,reifier_87e687d11387b8e2526dadc426110b71ecc3e0dac4365078f612ccd49237b1e4,"{""id"":""reifier_87e687d11387b8e2526dadc426110b71ecc3e0dac4365078f612ccd49237b1e4"",""reifier"":{""kind"":""iri"",""value"":""https://blackcatinformatics.ca/gmeow/examples/rights/claim-photo-license""},""statement"":{""kind"":""triple"",""subject"":{""kind"":""iri"",""value"":""https://blackcatinformatics.ca/gmeow/examples/rights/photo""},""predicate"":{""kind"":""iri"",""value"":""https://blackcatinformatics.ca/gmeow/hasLicense""},""object"":{""kind"":""iri"",""value"":""https://blackcatinformatics.ca/gmeow/examples/rights/cc-by-4""}},""graph"":{""kind"":""default""}}"
reifier,reifier_887c3fe7d36fed9dceda3a8d8d1b1915221c06206d467bccf942a7682b00817d,"{""id"":""reifier_887c3fe7d36fed9dceda3a8d8d1b1915221c06206d467bccf942a7682b00817d"",""reifier"":{""kind"":""iri"",""value"":""https://blackcatinformatics.ca/gmeow/examples/claim-omission-held-modality-001""},""statement"":{""kind"":""triple"",""subject"":{""kind"":""iri"",""value"":""https://blackcatinformatics.ca/gmeow/examples/standpointclaim-omission-held-001""},""predicate"":{""kind"":""iri"",""value"":""https://blackcatinformatics.ca/gmeow/claimModality""},""object"":{""kind"":""iri"",""value"":""https://blackcatinformatics.ca/gmeow/unequivocal""}},""graph"":{""kind"":""default""}}"
reifier,reifier_8a32d37ef08ec5200b0b9eafe5db3b53860bc8af014b4e5fd0bcd7792d3034a3,"{""id"":""reifier_8a32d37ef08ec5200b0b9eafe5db3b53860bc8af014b4e5fd0bcd7792d3034a3"",""reifier"":{""kind"":""iri"",""value"":""https://blackcatinformatics.ca/gmeow/examples/claim-event-paltering-001""},""statement"":{""kind"":""triple"",""subject"":{""kind"":""iri"",""value"":""https://blackcatinformatics.ca/gmeow/examples/event-paltering-001""},""predicate"":{""kind"":""iri"",""value"":""https://blackcatinformatics.ca/gmeow/eventType""},""object"":{""kind"":""iri"",""value"":""https://blackcatinformatics.ca/gmeow/eventTypePaltering""}},""graph"":{""kind"":""default""}}"
reifier,reifier_8ea7e386e5d2055c9dfb7a21b6024eedadbb7c123b11e1cb12a3de927184a032,"{""id"":""reifier_8ea7e386e5d2055c9dfb7a21b6024eedadbb7c123b11e1cb12a3de927184a032"",""reifier"":{""kind"":""iri"",""value"":""https://blackcatinformatics.ca/gmeow/examples/claim-paltering-projected-001""},""statement"":{""kind"":""triple"",""subject"":{""kind"":""iri"",""value"":""https://blackcatinformatics.ca/gmeow/examples/event-paltering-001""},""predicate"":{""kind"":""iri"",""value"":""https://blackcatinformatics.ca/gmeow/projectedStandpoint""},""object"":{""kind"":""iri"",""value"":""https://blackcatinformatics.ca/gmeow/examples/standpointclaim-paltering-projected-001""}},""graph"":{""kind"":""default""}}"
reifier,reifier_8fed8de82b83699362154aea972c64c866feafa6c34b29ab1db23695f9d8d950,"{""id"":""reifier_8fed8de82b83699362154aea972c64c866feafa6c34b29ab1db23695f9d8d950"",""reifier"":{""kind"":""iri"",""value"":""https://blackcatinformatics.ca/gmeow/examples/claim-territory-1850-per-2025-historiography""},""statement"":{""kind"":""triple"",""subject"":{""kind"":""iri"",""value"":""https://blackcatinformatics.ca/gmeow/examples/territory-x""},""predicate"":{""kind"":""iri"",""value"":""https://blackcatinformatics.ca/gmeow/containedInPlace""},""object"":{""kind"":""iri"",""value"":""https://blackcatinformatics.ca/gmeow/examples/polity-y""}},""graph"":{""kind"":""default""}}"
reifier,reifier_940f6296791d1ddf44dd05c65dca72a893f5fb4dc8397b6a49a9ce0113602201,"{""id"":""reifier_940f6296791d1ddf44dd05c65dca72a893f5fb4dc8397b6a49a9ce0113602201"",""reifier"":{""kind"":""iri"",""value"":""https://blackcatinformatics.ca/gmeow/examples/claim-paltering-implicates-001""},""statement"":{""kind"":""triple"",""subject"":{""kind"":""iri"",""value"":""https://blackcatinformatics.ca/gmeow/examples/event-paltering-001""},""predicate"":{""kind"":""iri"",""value"":""https://blackcatinformatics.ca/gmeow/implicates""},""object"":{""kind"":""iri"",""value"":""https://blackcatinformatics.ca/gmeow/examples/proposition-paltering-implicated-001""}},""graph"":{""kind"":""default""}}"
reifier,reifier_9740899df3a35ec90c9967d2ab97dee314185f3c6ea9c0608c83f581f53af089,"{""id"":""reifier_9740899df3a35ec90c9967d2ab97dee314185f3c6ea9c0608c83f581f53af089"",""reifier"":{""kind"":""iri"",""value"":""https://blackcatinformatics.ca/gmeow/examples/claim-crimea-in-russia-per-ru""},""statement"":{""kind"":""triple"",""subject"":{""kind"":""iri"",""value"":""https://blackcatinformatics.ca/gmeow/examples/crimea""},""predicate"":{""kind"":""iri"",""value"":""https://blackcatinformatics.ca/gmeow/containedInPlace""},""object"":{""kind"":""iri"",""value"":""https://blackcatinformatics.ca/gmeow/examples/russia""}},""graph"":{""kind"":""default""}}"
reifier,reifier_97ea30df0e0c4cd5a2fcc2d825296e534aa7522f8d2fbf455af5a916c6ba052b,"{""id"":""reifier_97ea30df0e0c4cd5a2fcc2d825296e534aa7522f8d2fbf455af5a916c6ba052b"",""reifier"":{""kind"":""iri"",""value"":""https://blackcatinformatics.ca/gmeow/examples/music/claim-math-rock-critics""},""statement"":{""kind"":""triple"",""subject"":{""kind"":""iri"",""value"":""https://blackcatinformatics.ca/gmeow/fixtureMathRockWork""},""predicate"":{""kind"":""iri"",""value"":""https://blackcatinformatics.ca/gmeow/hasGenre""},""object"":{""kind"":""iri"",""value"":""https://blackcatinformatics.ca/gmeow/genreMathRock""}},""graph"":{""kind"":""default""}}"
reifier,reifier_9a0ef386c4cf46a4e39750f9dc2d8826c714ad7b1a40d67497df30bf413d50d5,"{""id"":""reifier_9a0ef386c4cf46a4e39750f9dc2d8826c714ad7b1a40d67497df30bf413d50d5"",""reifier"":{""kind"":""iri"",""value"":""https://blackcatinformatics.ca/gmeow/examples/claim-forgery-implicates-signature-001""},""statement"":{""kind"":""triple"",""subject"":{""kind"":""iri"",""value"":""https://blackcatinformatics.ca/gmeow/examples/event-forgery-001""},""predicate"":{""kind"":""iri"",""value"":""https://blackcatinformatics.ca/gmeow/implicates""},""object"":{""kind"":""iri"",""value"":""https://blackcatinformatics.ca/gmeow/examples/cryptographicsignature-forgery-001""}},""graph"":{""kind"":""default""}}"
reifier,reifier_9a48952791410a9206193dd10830a651a7face5297e09beb1ff2593dfb0c4b5c,"{""id"":""reifier_9a48952791410a9206193dd10830a651a7face5297e09beb1ff2593dfb0c4b5c"",""reifier"":{""kind"":""iri"",""value"":""https://blackcatinformatics.ca/gmeow/examples/claim-disinformation-downstream-belief-veridicality-001""},""statement"":{""kind"":""triple"",""subject"":{""kind"":""iri"",""value"":""https://blackcatinformatics.ca/gmeow/examples/standpointclaim-downstream-belief-001""},""predicate"":{""kind"":""iri"",""value"":""https://blackcatinformatics.ca/gmeow/claimVeridicality""},""object"":{""kind"":""iri"",""value"":""https://blackcatinformatics.ca/gmeow/veridicalityUntrue""}},""graph"":{""kind"":""default""}}"
reifier,reifier_9b66562f6c35943d099fcde3b54f7e418a1aa893f0b6c1b3811d415d644cb7c7,"{""id"":""reifier_9b66562f6c35943d099fcde3b54f7e418a1aa893f0b6c1b3811d415d644cb7c7"",""reifier"":{""kind"":""iri"",""value"":""https://blackcatinformatics.ca/gmeow/examples/claim-event-bullshit-001""},""statement"":{""kind"":""triple"",""subject"":{""kind"":""iri"",""value"":""https://blackcatinformatics.ca/gmeow/examples/event-bullshit-001""},""predicate"":{""kind"":""iri"",""value"":""https://blackcatinformatics.ca/gmeow/eventType""},""object"":{""kind"":""iri"",""value"":""https://blackcatinformatics.ca/gmeow/eventTypeBullshit""}},""graph"":{""kind"":""default""}}"
reifier,reifier_9fe9fa6b6b57dcdadada199350639a69223a7cfef96aaaa2ff1792ff643c7e0f,"{""id"":""reifier_9fe9fa6b6b57dcdadada199350639a69223a7cfef96aaaa2ff1792ff643c7e0f"",""reifier"":{""kind"":""iri"",""value"":""https://blackcatinformatics.ca/gmeow/examples/claim-bullshit-held-modality-001""},""statement"":{""kind"":""triple"",""subject"":{""kind"":""iri"",""value"":""https://blackcatinformatics.ca/gmeow/examples/standpointclaim-bullshit-held-001""},""predicate"":{""kind"":""iri"",""value"":""https://blackcatinformatics.ca/gmeow/claimModality""},""object"":{""kind"":""iri"",""value"":""https://blackcatinformatics.ca/gmeow/bullshit""}},""graph"":{""kind"":""default""}}"
reifier,reifier_a52b70d1db77e83e6c92d912984cdfbb147eddfac81cc6d519aca1ad04e88e94,"{""id"":""reifier_a52b70d1db77e83e6c92d912984cdfbb147eddfac81cc6d519aca1ad04e88e94"",""reifier"":{""kind"":""iri"",""value"":""https://blackcatinformatics.ca/gmeow/examples/claim-ai-commit-authorship""},""statement"":{""kind"":""triple"",""subject"":{""kind"":""iri"",""value"":""https://blackcatinformatics.ca/gmeow/examples/aiCommit""},""predicate"":{""kind"":""iri"",""value"":""https://blackcatinformatics.ca/gmeow/authoredBy""},""object"":{""kind"":""iri"",""value"":""https://blackcatinformatics.ca/gmeow/examples/copilot""}},""graph"":{""kind"":""default""}}"
reifier,reifier_a536fe057a2651e4d1994e65c71bdf1f1feb44aa96461665254a73c720183758,"{""id"":""reifier_a536fe057a2651e4d1994e65c71bdf1f1feb44aa96461665254a73c720183758"",""reifier"":{""kind"":""iri"",""value"":""https://blackcatinformatics.ca/gmeow/examples/music/claim-greensleeves-henry-viii""},""statement"":{""kind"":""triple"",""subject"":{""kind"":""iri"",""value"":""https://blackcatinformatics.ca/gmeow/examples/music/greensleeves-work""},""predicate"":{""kind"":""iri"",""value"":""https://blackcatinformatics.ca/gmeow/hasComposer""},""object"":{""kind"":""iri"",""value"":""https://blackcatinformatics.ca/gmeow/examples/music/henry-viii""}},""graph"":{""kind"":""default""}}"
reifier,reifier_abdcfc266840a2c80465e8193faa74a5ed9df806e88cfdce3548fd9032ca75d2,"{""id"":""reifier_abdcfc266840a2c80465e8193faa74a5ed9df806e88cfdce3548fd9032ca75d2"",""reifier"":{""kind"":""iri"",""value"":""https://blackcatinformatics.ca/gmeow/examples/claim-lie-projected-modality-001""},""statement"":{""kind"":""triple"",""subject"":{""kind"":""iri"",""value"":""https://blackcatinformatics.ca/gmeow/examples/standpointclaim-lie-projected-001""},""predicate"":{""kind"":""iri"",""value"":""https://blackcatinformatics.ca/gmeow/claimModality""},""object"":{""kind"":""iri"",""value"":""https://blackcatinformatics.ca/gmeow/unequivocal""}},""graph"":{""kind"":""default""}}"
reifier,reifier_b068fa56ca9d50a8b7a90f9c6b031ae700705e47bfae222122b7dfb5141f38a8,"{""id"":""reifier_b068fa56ca9d50a8b7a90f9c6b031ae700705e47bfae222122b7dfb5141f38a8"",""reifier"":{""kind"":""iri"",""value"":""https://blackcatinformatics.ca/gmeow/examples/claim-forgery-implicates-work-001""},""statement"":{""kind"":""triple"",""subject"":{""kind"":""iri"",""value"":""https://blackcatinformatics.ca/gmeow/examples/event-forgery-001""},""predicate"":{""kind"":""iri"",""value"":""https://blackcatinformatics.ca/gmeow/implicates""},""object"":{""kind"":""iri"",""value"":""https://blackcatinformatics.ca/gmeow/examples/creativework-forged-001""}},""graph"":{""kind"":""default""}}"
reifier,reifier_b1685f8773475819ee84914b49052963e819da44b1d12ee4419be5d593dadaa4,"{""id"":""reifier_b1685f8773475819ee84914b49052963e819da44b1d12ee4419be5d593dadaa4"",""reifier"":{""kind"":""iri"",""value"":""https://blackcatinformatics.ca/gmeow/examples/claim-tf-dynamic-end-effector""},""statement"":{""kind"":""triple"",""subject"":{""kind"":""iri"",""value"":""https://blackcatinformatics.ca/gmeow/examples/referenceFrameRobotEndEffector""},""predicate"":{""kind"":""iri"",""value"":""https://blackcatinformatics.ca/gmeow/parentFrame""},""object"":{""kind"":""iri"",""value"":""https://blackcatinformatics.ca/gmeow/referenceFrameRobotBase""}},""graph"":{""kind"":""default""}}"
reifier,reifier_b295b0ab442c89a61bb030ef54285e1188ce23cf2949c1bd04936adb33df91c7,"{""id"":""reifier_b295b0ab442c89a61bb030ef54285e1188ce23cf2949c1bd04936adb33df91c7"",""reifier"":{""kind"":""iri"",""value"":""https://blackcatinformatics.ca/gmeow/examples/claim-fiction-001""},""statement"":{""kind"":""triple"",""subject"":{""kind"":""iri"",""value"":""https://blackcatinformatics.ca/gmeow/examples/claim-hogwarts-exists""},""predicate"":{""kind"":""iri"",""value"":""https://blackcatinformatics.ca/gmeow/claimVeridicality""},""object"":{""kind"":""iri"",""value"":""https://blackcatinformatics.ca/gmeow/veridicalityLicensedFalsehood""}},""graph"":{""kind"":""default""}}"
reifier,reifier_b50d650ee7f9d9b6274770e103a071308ed2268b285bcc9ccdc7344e57fe81be,"{""id"":""reifier_b50d650ee7f9d9b6274770e103a071308ed2268b285bcc9ccdc7344e57fe81be"",""reifier"":{""kind"":""iri"",""value"":""https://blackcatinformatics.ca/gmeow/examples/rights/claim-repo-spdx""},""statement"":{""kind"":""triple"",""subject"":{""kind"":""iri"",""value"":""https://blackcatinformatics.ca/gmeow/examples/rights/repo-license""},""predicate"":{""kind"":""iri"",""value"":""https://blackcatinformatics.ca/gmeow/spdxLicenseId""},""object"":{""kind"":""literal"",""lexical"":""Apache-2.0"",""datatype"":""http://www.w3.org/2001/XMLSchema#string"",""language"":null,""direction"":null}},""graph"":{""kind"":""default""}}"
reifier,reifier_b5aad6556e93fdb942d7af851ad79fb045e8913de0e2500501039d430f0a28ff,"{""id"":""reifier_b5aad6556e93fdb942d7af851ad79fb045e8913de0e2500501039d430f0a28ff"",""reifier"":{""kind"":""iri"",""value"":""https://blackcatinformatics.ca/gmeow/examples/claim-bullshit-001""},""statement"":{""kind"":""triple"",""subject"":{""kind"":""iri"",""value"":""https://blackcatinformatics.ca/gmeow/examples/standpointclaim-bullshit-001""},""predicate"":{""kind"":""iri"",""value"":""https://blackcatinformatics.ca/gmeow/claimModality""},""object"":{""kind"":""iri"",""value"":""https://blackcatinformatics.ca/gmeow/bullshit""}},""graph"":{""kind"":""default""}}"
reifier,reifier_b5de03c389800d2b57e74a6baec7c92e2c9deb1c6eb0870f84b97ee41abc1bc5,"{""id"":""reifier_b5de03c389800d2b57e74a6baec7c92e2c9deb1c6eb0870f84b97ee41abc1bc5"",""reifier"":{""kind"":""iri"",""value"":""https://blackcatinformatics.ca/gmeow/examples/claim-fabrication-implicates-001""},""statement"":{""kind"":""triple"",""subject"":{""kind"":""iri"",""value"":""https://blackcatinformatics.ca/gmeow/examples/event-fabrication-001""},""predicate"":{""kind"":""iri"",""value"":""https://blackcatinformatics.ca/gmeow/implicates""},""object"":{""kind"":""iri"",""value"":""https://blackcatinformatics.ca/gmeow/examples/verificationresult-fabrication-001""}},""graph"":{""kind"":""default""}}"
reifier,reifier_b6f2f40982e727fd76901c2328ebacb66ad976830509f2b9737f3779aabd3772,"{""id"":""reifier_b6f2f40982e727fd76901c2328ebacb66ad976830509f2b9737f3779aabd3772"",""reifier"":{""kind"":""iri"",""value"":""https://blackcatinformatics.ca/gmeow/examples/claim-self-deception-held-001""},""statement"":{""kind"":""triple"",""subject"":{""kind"":""iri"",""value"":""https://blackcatinformatics.ca/gmeow/examples/event-self-deception-001""},""predicate"":{""kind"":""iri"",""value"":""https://blackcatinformatics.ca/gmeow/heldStandpoint""},""object"":{""kind"":""iri"",""value"":""https://blackcatinformatics.ca/gmeow/examples/standpointclaim-self-deception-held-001""}},""graph"":{""kind"":""default""}}"
reifier,reifier_ba1791cbece00a7bf7cc8ac6956527c9a76b41a2efff46a31fdf8acb4e64a2aa,"{""id"":""reifier_ba1791cbece00a7bf7cc8ac6956527c9a76b41a2efff46a31fdf8acb4e64a2aa"",""reifier"":{""kind"":""iri"",""value"":""https://blackcatinformatics.ca/gmeow/examples/claim-disinformation-downstream-event-001""},""statement"":{""kind"":""triple"",""subject"":{""kind"":""iri"",""value"":""https://blackcatinformatics.ca/gmeow/examples/event-downstream-reshare-001""},""predicate"":{""kind"":""iri"",""value"":""https://blackcatinformatics.ca/gmeow/eventType""},""object"":{""kind"":""iri"",""value"":""https://blackcatinformatics.ca/gmeow/eventTypeDeception""}},""graph"":{""kind"":""default""}}"
reifier,reifier_bdb8e9743ee11f8a0831e763e4f7448bd1ed189283611e29e45e85d78effee32,"{""id"":""reifier_bdb8e9743ee11f8a0831e763e4f7448bd1ed189283611e29e45e85d78effee32"",""reifier"":{""kind"":""iri"",""value"":""https://blackcatinformatics.ca/gmeow/examples/claim-disinformation-origin-projected-001""},""statement"":{""kind"":""triple"",""subject"":{""kind"":""iri"",""value"":""https://blackcatinformatics.ca/gmeow/examples/event-disinformation-001""},""predicate"":{""kind"":""iri"",""value"":""https://blackcatinformatics.ca/gmeow/projectedStandpoint""},""object"":{""kind"":""iri"",""value"":""https://blackcatinformatics.ca/gmeow/examples/standpointclaim-disinformation-origin-projected-001""}},""graph"":{""kind"":""default""}}"
reifier,reifier_c1c0556cbff1be894584575f643b02087b3b380a0dbb544c051c7576a22477ff,"{""id"":""reifier_c1c0556cbff1be894584575f643b02087b3b380a0dbb544c051c7576a22477ff"",""reifier"":{""kind"":""iri"",""value"":""https://blackcatinformatics.ca/gmeow/examples/claim-disinformation-origin-intent-001""},""statement"":{""kind"":""triple"",""subject"":{""kind"":""iri"",""value"":""https://blackcatinformatics.ca/gmeow/examples/event-disinformation-001""},""predicate"":{""kind"":""iri"",""value"":""https://blackcatinformatics.ca/gmeow/deceptiveIntentClaim""},""object"":{""kind"":""iri"",""value"":""https://blackcatinformatics.ca/gmeow/examples/standpointclaim-disinformation-origin-intent-001""}},""graph"":{""kind"":""default""}}"
reifier,reifier_c5731fb7797decb9b39c5683fe40ab85a9cc6e8920cf2a82aafb7ab2ed89832f,"{""id"":""reifier_c5731fb7797decb9b39c5683fe40ab85a9cc6e8920cf2a82aafb7ab2ed89832f"",""reifier"":{""kind"":""iri"",""value"":""https://blackcatinformatics.ca/gmeow/examples/claim-event-disinformation-001""},""statement"":{""kind"":""triple"",""subject"":{""kind"":""iri"",""value"":""https://blackcatinformatics.ca/gmeow/examples/event-disinformation-001""},""predicate"":{""kind"":""iri"",""value"":""https://blackcatinformatics.ca/gmeow/eventType""},""object"":{""kind"":""iri"",""value"":""https://blackcatinformatics.ca/gmeow/eventTypeDisinformation""}},""graph"":{""kind"":""default""}}"
reifier,reifier_c80c62fce102d40f0008885b4577c32d9ce6c7b38f11a15d294abca195fe7528,"{""id"":""reifier_c80c62fce102d40f0008885b4577c32d9ce6c7b38f11a15d294abca195fe7528"",""reifier"":{""kind"":""iri"",""value"":""https://blackcatinformatics.ca/gmeow/examples/music/claim-bar17-meter-4_4-plus-3_8""},""statement"":{""kind"":""triple"",""subject"":{""kind"":""iri"",""value"":""https://blackcatinformatics.ca/gmeow/examples/music/bar17""},""predicate"":{""kind"":""iri"",""value"":""https://blackcatinformatics.ca/gmeow/assignedMeter""},""object"":{""kind"":""iri"",""value"":""https://blackcatinformatics.ca/gmeow/examples/music/metricStructure-4_4-plus-3_8""}},""graph"":{""kind"":""default""}}"
reifier,reifier_ca5f548519613e4a2082b98c98063ac6d88ae73d67d78213a49496a2d182871f,"{""id"":""reifier_ca5f548519613e4a2082b98c98063ac6d88ae73d67d78213a49496a2d182871f"",""reifier"":{""kind"":""iri"",""value"":""https://blackcatinformatics.ca/gmeow/examples/claim-myth-propagation-001""},""statement"":{""kind"":""triple"",""subject"":{""kind"":""iri"",""value"":""https://blackcatinformatics.ca/gmeow/examples/telling-social-post-001""},""predicate"":{""kind"":""iri"",""value"":""https://blackcatinformatics.ca/gmeow/propagatesFrom""},""object"":{""kind"":""iri"",""value"":""https://blackcatinformatics.ca/gmeow/examples/telling-article-001""}},""graph"":{""kind"":""default""}}"
reifier,reifier_cff602d13427fda82b16efd42a41df1885b56db60fe99d14d7c65c4fb668d729,"{""id"":""reifier_cff602d13427fda82b16efd42a41df1885b56db60fe99d14d7c65c4fb668d729"",""reifier"":{""kind"":""iri"",""value"":""https://blackcatinformatics.ca/gmeow/examples/claim-disinformation-dupe-belief-veridicality-001""},""statement"":{""kind"":""triple"",""subject"":{""kind"":""iri"",""value"":""https://blackcatinformatics.ca/gmeow/examples/standpointclaim-dupe-belief-001""},""predicate"":{""kind"":""iri"",""value"":""https://blackcatinformatics.ca/gmeow/claimVeridicality""},""object"":{""kind"":""iri"",""value"":""https://blackcatinformatics.ca/gmeow/veridicalityUntrue""}},""graph"":{""kind"":""default""}}"
reifier,reifier_d0e14effaf8b199a28323152fedc424f2ad4d697a08aa1b7409cff7d96f92863,"{""id"":""reifier_d0e14effaf8b199a28323152fedc424f2ad4d697a08aa1b7409cff7d96f92863"",""reifier"":{""kind"":""iri"",""value"":""https://blackcatinformatics.ca/gmeow/examples/claim-self-deception-projected-001""},""statement"":{""kind"":""triple"",""subject"":{""kind"":""iri"",""value"":""https://blackcatinformatics.ca/gmeow/examples/event-self-deception-001""},""predicate"":{""kind"":""iri"",""value"":""https://blackcatinformatics.ca/gmeow/projectedStandpoint""},""object"":{""kind"":""iri"",""value"":""https://blackcatinformatics.ca/gmeow/examples/standpointclaim-self-deception-projected-001""}},""graph"":{""kind"":""default""}}"
reifier,reifier_d6392e4f9cf6963672e9f6bfd73dbf34d70b37931f3cccbdd285103e5d779cd2,"{""id"":""reifier_d6392e4f9cf6963672e9f6bfd73dbf34d70b37931f3cccbdd285103e5d779cd2"",""reifier"":{""kind"":""iri"",""value"":""https://blackcatinformatics.ca/gmeow/examples/claim-disinformation-origin-deceiver-event-001""},""statement"":{""kind"":""triple"",""subject"":{""kind"":""iri"",""value"":""https://blackcatinformatics.ca/gmeow/examples/participation-disinformation-origin-deceiver-001""},""predicate"":{""kind"":""iri"",""value"":""https://blackcatinformatics.ca/gmeow/participationEvent""},""object"":{""kind"":""iri"",""value"":""https://blackcatinformatics.ca/gmeow/examples/event-disinformation-001""}},""graph"":{""kind"":""default""}}"
reifier,reifier_d9a5f50f62bc12fd7f015c2476f8a0df0c32383ff7ba993f24260b6fca9a37cf,"{""id"":""reifier_d9a5f50f62bc12fd7f015c2476f8a0df0c32383ff7ba993f24260b6fca9a37cf"",""reifier"":{""kind"":""iri"",""value"":""https://blackcatinformatics.ca/gmeow/examples/claim-distortion-projected-modality-001""},""statement"":{""kind"":""triple"",""subject"":{""kind"":""iri"",""value"":""https://blackcatinformatics.ca/gmeow/examples/standpointclaim-distortion-projected-001""},""predicate"":{""kind"":""iri"",""value"":""https://blackcatinformatics.ca/gmeow/claimModality""},""object"":{""kind"":""iri"",""value"":""https://blackcatinformatics.ca/gmeow/unequivocal""}},""graph"":{""kind"":""default""}}"
reifier,reifier_da696665b2f8aee6ce7df991bf280249c956aa42d814c87426933bbfb574499d,"{""id"":""reifier_da696665b2f8aee6ce7df991bf280249c956aa42d814c87426933bbfb574499d"",""reifier"":{""kind"":""iri"",""value"":""https://blackcatinformatics.ca/gmeow/examples/claim-forgery-signature-of-001""},""statement"":{""kind"":""triple"",""subject"":{""kind"":""iri"",""value"":""https://blackcatinformatics.ca/gmeow/examples/cryptographicsignature-forgery-001""},""predicate"":{""kind"":""iri"",""value"":""https://blackcatinformatics.ca/gmeow/signatureOf""},""object"":{""kind"":""iri"",""value"":""https://blackcatinformatics.ca/gmeow/examples/creativework-forged-001""}},""graph"":{""kind"":""default""}}"
reifier,reifier_dc73aa49cb4aa487ac1f9e3a275a76e2edd2a6f80b1e79f8e64e6f9264e6ad9a,"{""id"":""reifier_dc73aa49cb4aa487ac1f9e3a275a76e2edd2a6f80b1e79f8e64e6f9264e6ad9a"",""reifier"":{""kind"":""iri"",""value"":""https://blackcatinformatics.ca/gmeow/examples/claim-fabrication-held-001""},""statement"":{""kind"":""triple"",""subject"":{""kind"":""iri"",""value"":""https://blackcatinformatics.ca/gmeow/examples/event-fabrication-001""},""predicate"":{""kind"":""iri"",""value"":""https://blackcatinformatics.ca/gmeow/heldStandpoint""},""object"":{""kind"":""iri"",""value"":""https://blackcatinformatics.ca/gmeow/examples/standpointclaim-fabrication-held-001""}},""graph"":{""kind"":""default""}}"
reifier,reifier_df914bac7ac900f841088ef7ddc2cc4e5b6b46a030fba6a7fd1058710148b629,"{""id"":""reifier_df914bac7ac900f841088ef7ddc2cc4e5b6b46a030fba6a7fd1058710148b629"",""reifier"":{""kind"":""iri"",""value"":""https://blackcatinformatics.ca/gmeow/examples/claim-disinformation-downstream-telling-001""},""statement"":{""kind"":""triple"",""subject"":{""kind"":""iri"",""value"":""https://blackcatinformatics.ca/gmeow/examples/telling-downstream-blog-001""},""predicate"":{""kind"":""iri"",""value"":""https://blackcatinformatics.ca/gmeow/propagatesFrom""},""object"":{""kind"":""iri"",""value"":""https://blackcatinformatics.ca/gmeow/examples/telling-dupe-post-001""}},""graph"":{""kind"":""default""}}"
reifier,reifier_e3eff9f855cab9f868ceddc1e21ab81b1c2bfbabae0d2fa1952ff8e4c7890392,"{""id"":""reifier_e3eff9f855cab9f868ceddc1e21ab81b1c2bfbabae0d2fa1952ff8e4c7890392"",""reifier"":{""kind"":""iri"",""value"":""https://blackcatinformatics.ca/gmeow/examples/claim-fabrication-projected-001""},""statement"":{""kind"":""triple"",""subject"":{""kind"":""iri"",""value"":""https://blackcatinformatics.ca/gmeow/examples/event-fabrication-001""},""predicate"":{""kind"":""iri"",""value"":""https://blackcatinformatics.ca/gmeow/projectedStandpoint""},""object"":{""kind"":""iri"",""value"":""https://blackcatinformatics.ca/gmeow/examples/standpointclaim-fabrication-projected-001""}},""graph"":{""kind"":""default""}}"
reifier,reifier_e591e82b07ac61bd6cb54c7b6e08c33ed994c14a0d4a7f0f08102588a9f0ea04,"{""id"":""reifier_e591e82b07ac61bd6cb54c7b6e08c33ed994c14a0d4a7f0f08102588a9f0ea04"",""reifier"":{""kind"":""iri"",""value"":""https://blackcatinformatics.ca/gmeow/examples/claim-date-julian-1582""},""statement"":{""kind"":""triple"",""subject"":{""kind"":""iri"",""value"":""https://blackcatinformatics.ca/gmeow/examples/event-reformation-date""},""predicate"":{""kind"":""iri"",""value"":""https://blackcatinformatics.ca/gmeow/eventTime""},""object"":{""kind"":""literal"",""lexical"":""1582-10-05T00:00:00Z"",""datatype"":""http://www.w3.org/2001/XMLSchema#dateTime"",""language"":null,""direction"":null}},""graph"":{""kind"":""default""}}"
reifier,reifier_e5f98ba13b11c0e1aa2cb8089a3d7192ce0d0cbe7e3ada9e4fda2526d62a5520,"{""id"":""reifier_e5f98ba13b11c0e1aa2cb8089a3d7192ce0d0cbe7e3ada9e4fda2526d62a5520"",""reifier"":{""kind"":""iri"",""value"":""https://blackcatinformatics.ca/gmeow/examples/claim-disinformation-origin-held-001""},""statement"":{""kind"":""triple"",""subject"":{""kind"":""iri"",""value"":""https://blackcatinformatics.ca/gmeow/examples/event-disinformation-001""},""predicate"":{""kind"":""iri"",""value"":""https://blackcatinformatics.ca/gmeow/heldStandpoint""},""object"":{""kind"":""iri"",""value"":""https://blackcatinformatics.ca/gmeow/examples/standpointclaim-disinformation-origin-held-001""}},""graph"":{""kind"":""default""}}"
reifier,reifier_e7619fbed2f52d50c5e702bb16bd1c9c39f1860d5179bed8101feefff1f7861d,"{""id"":""reifier_e7619fbed2f52d50c5e702bb16bd1c9c39f1860d5179bed8101feefff1f7861d"",""reifier"":{""kind"":""iri"",""value"":""https://blackcatinformatics.ca/gmeow/examples/claim-impersonation-projected-001""},""statement"":{""kind"":""triple"",""subject"":{""kind"":""iri"",""value"":""https://blackcatinformatics.ca/gmeow/examples/event-impersonation-001""},""predicate"":{""kind"":""iri"",""value"":""https://blackcatinformatics.ca/gmeow/projectedStandpoint""},""object"":{""kind"":""iri"",""value"":""https://blackcatinformatics.ca/gmeow/examples/standpointclaim-impersonation-projected-001""}},""graph"":{""kind"":""default""}}"
reifier,reifier_e7bd0aa7dac06afb7bd89edccfe61c1b26e4d46fff045ae9e20f743c6daffe05,"{""id"":""reifier_e7bd0aa7dac06afb7bd89edccfe61c1b26e4d46fff045ae9e20f743c6daffe05"",""reifier"":{""kind"":""iri"",""value"":""https://blackcatinformatics.ca/gmeow/examples/claim-bullshit-projected-modality-001""},""statement"":{""kind"":""triple"",""subject"":{""kind"":""iri"",""value"":""https://blackcatinformatics.ca/gmeow/examples/standpointclaim-bullshit-projected-001""},""predicate"":{""kind"":""iri"",""value"":""https://blackcatinformatics.ca/gmeow/claimModality""},""object"":{""kind"":""iri"",""value"":""https://blackcatinformatics.ca/gmeow/unequivocal""}},""graph"":{""kind"":""default""}}"
reifier,reifier_e9d9b7405faebcb99efaa3f51fa071cbb1db7b2b9de25ec9cec927ba8afb7c84,"{""id"":""reifier_e9d9b7405faebcb99efaa3f51fa071cbb1db7b2b9de25ec9cec927ba8afb7c84"",""reifier"":{""kind"":""iri"",""value"":""https://blackcatinformatics.ca/gmeow/examples/claim-fabrication-verification-001""},""statement"":{""kind"":""triple"",""subject"":{""kind"":""iri"",""value"":""https://blackcatinformatics.ca/gmeow/examples/verificationresult-fabrication-001""},""predicate"":{""kind"":""iri"",""value"":""https://blackcatinformatics.ca/gmeow/hasVerificationStatus""},""object"":{""kind"":""iri"",""value"":""https://blackcatinformatics.ca/gmeow/verificationStatusFailed""}},""graph"":{""kind"":""default""}}"
reifier,reifier_eb0babe2fe9f59b69afbdd49761f7c903a2140d0656b56e18a0b7ca76f117ad2,"{""id"":""reifier_eb0babe2fe9f59b69afbdd49761f7c903a2140d0656b56e18a0b7ca76f117ad2"",""reifier"":{""kind"":""iri"",""value"":""https://blackcatinformatics.ca/gmeow/examples/claim-disinformation-dupe-belief-modality-001""},""statement"":{""kind"":""triple"",""subject"":{""kind"":""iri"",""value"":""https://blackcatinformatics.ca/gmeow/examples/standpointclaim-dupe-belief-001""},""predicate"":{""kind"":""iri"",""value"":""https://blackcatinformatics.ca/gmeow/claimModality""},""object"":{""kind"":""iri"",""value"":""https://blackcatinformatics.ca/gmeow/unequivocal""}},""graph"":{""kind"":""default""}}"
reifier,reifier_eb206a9a5ee135be9639e9396f060d69cd160582fb3f15c507015ffb6fb8fee8,"{""id"":""reifier_eb206a9a5ee135be9639e9396f060d69cd160582fb3f15c507015ffb6fb8fee8"",""reifier"":{""kind"":""iri"",""value"":""https://blackcatinformatics.ca/gmeow/examples/claim-lie-held-modality-001""},""statement"":{""kind"":""triple"",""subject"":{""kind"":""iri"",""value"":""https://blackcatinformatics.ca/gmeow/examples/standpointclaim-lie-held-001""},""predicate"":{""kind"":""iri"",""value"":""https://blackcatinformatics.ca/gmeow/claimModality""},""object"":{""kind"":""iri"",""value"":""https://blackcatinformatics.ca/gmeow/refuted""}},""graph"":{""kind"":""default""}}"
reifier,reifier_eba0ac71612ceaf2a178bd9f06ff9c15c96f9b054cd1abbff1e39e7ecf8b630b,"{""id"":""reifier_eba0ac71612ceaf2a178bd9f06ff9c15c96f9b054cd1abbff1e39e7ecf8b630b"",""reifier"":{""kind"":""iri"",""value"":""https://blackcatinformatics.ca/gmeow/examples/claim-projected-001""},""statement"":{""kind"":""triple"",""subject"":{""kind"":""iri"",""value"":""https://blackcatinformatics.ca/gmeow/examples/event-deception-001""},""predicate"":{""kind"":""iri"",""value"":""https://blackcatinformatics.ca/gmeow/projectedStandpoint""},""object"":{""kind"":""iri"",""value"":""https://blackcatinformatics.ca/gmeow/examples/standpointclaim-projected-001""}},""graph"":{""kind"":""default""}}"
reifier,reifier_ed230b434ae41794fc9ca3ac35b17bd943ba27bd6a65ca92e11ffe63830b1c09,"{""id"":""reifier_ed230b434ae41794fc9ca3ac35b17bd943ba27bd6a65ca92e11ffe63830b1c09"",""reifier"":{""kind"":""iri"",""value"":""https://blackcatinformatics.ca/gmeow/examples/claim-fabrication-held-modality-001""},""statement"":{""kind"":""triple"",""subject"":{""kind"":""iri"",""value"":""https://blackcatinformatics.ca/gmeow/examples/standpointclaim-fabrication-held-001""},""predicate"":{""kind"":""iri"",""value"":""https://blackcatinformatics.ca/gmeow/claimModality""},""object"":{""kind"":""iri"",""value"":""https://blackcatinformatics.ca/gmeow/refuted""}},""graph"":{""kind"":""default""}}"
reifier,reifier_ef7fb84374f818391de046026db8ae9b406de3716c9db384e06a0cca2add8938,"{""id"":""reifier_ef7fb84374f818391de046026db8ae9b406de3716c9db384e06a0cca2add8938"",""reifier"":{""kind"":""iri"",""value"":""https://blackcatinformatics.ca/gmeow/examples/rights/claim-mark-holder-acme""},""statement"":{""kind"":""triple"",""subject"":{""kind"":""iri"",""value"":""https://blackcatinformatics.ca/gmeow/examples/rights/contested-trademark""},""predicate"":{""kind"":""iri"",""value"":""https://blackcatinformatics.ca/gmeow/trademarkHolder""},""object"":{""kind"":""iri"",""value"":""https://blackcatinformatics.ca/gmeow/examples/rights/acme""}},""graph"":{""kind"":""default""}}"
reifier,reifier_f249a011cf3ec4e8a2f12f9b8a61f8fecec91739f303b4735d7c0bbc3465f399,"{""id"":""reifier_f249a011cf3ec4e8a2f12f9b8a61f8fecec91739f303b4735d7c0bbc3465f399"",""reifier"":{""kind"":""iri"",""value"":""https://blackcatinformatics.ca/gmeow/examples/claim-disinformation-origin-deceiver-001""},""statement"":{""kind"":""triple"",""subject"":{""kind"":""iri"",""value"":""https://blackcatinformatics.ca/gmeow/examples/event-disinformation-001""},""predicate"":{""kind"":""iri"",""value"":""https://blackcatinformatics.ca/gmeow/hasParticipant""},""object"":{""kind"":""iri"",""value"":""https://blackcatinformatics.ca/gmeow/examples/agent-deceiver-001""}},""graph"":{""kind"":""default""}}"
reifier,reifier_f2f184bf00a9e7dad884f15111bc757d97d54081d5174b7a516e1bc282ee1798,"{""id"":""reifier_f2f184bf00a9e7dad884f15111bc757d97d54081d5174b7a516e1bc282ee1798"",""reifier"":{""kind"":""iri"",""value"":""https://blackcatinformatics.ca/gmeow/examples/music/claim-bar17-meter-7_8""},""statement"":{""kind"":""triple"",""subject"":{""kind"":""iri"",""value"":""https://blackcatinformatics.ca/gmeow/examples/music/bar17""},""predicate"":{""kind"":""iri"",""value"":""https://blackcatinformatics.ca/gmeow/assignedMeter""},""object"":{""kind"":""iri"",""value"":""https://blackcatinformatics.ca/gmeow/metricStructure78""}},""graph"":{""kind"":""default""}}"
reifier,reifier_f4979dd33323f0ad9f9a83662f888e25de94c107a2695fd347f1377c57c1ae71,"{""id"":""reifier_f4979dd33323f0ad9f9a83662f888e25de94c107a2695fd347f1377c57c1ae71"",""reifier"":{""kind"":""iri"",""value"":""https://blackcatinformatics.ca/gmeow/examples/claim-self-deception-held-modality-001""},""statement"":{""kind"":""triple"",""subject"":{""kind"":""iri"",""value"":""https://blackcatinformatics.ca/gmeow/examples/standpointclaim-self-deception-held-001""},""predicate"":{""kind"":""iri"",""value"":""https://blackcatinformatics.ca/gmeow/claimModality""},""object"":{""kind"":""iri"",""value"":""https://blackcatinformatics.ca/gmeow/refuted""}},""graph"":{""kind"":""default""}}"
reifier,reifier_f8187d7f23b00c9b6d50eca26128572603b0c48684ac9670c6dd79efff83839c,"{""id"":""reifier_f8187d7f23b00c9b6d50eca26128572603b0c48684ac9670c6dd79efff83839c"",""reifier"":{""kind"":""iri"",""value"":""https://blackcatinformatics.ca/gmeow/examples/claim-event-fabrication-001""},""statement"":{""kind"":""triple"",""subject"":{""kind"":""iri"",""value"":""https://blackcatinformatics.ca/gmeow/examples/event-fabrication-001""},""predicate"":{""kind"":""iri"",""value"":""https://blackcatinformatics.ca/gmeow/eventType""},""object"":{""kind"":""iri"",""value"":""https://blackcatinformatics.ca/gmeow/eventTypeFabrication""}},""graph"":{""kind"":""default""}}"
reifier,reifier_f9bdfdd6236dc6bec72f040f74633e473575f0439a08977dbbb6a811952f9418,"{""id"":""reifier_f9bdfdd6236dc6bec72f040f74633e473575f0439a08977dbbb6a811952f9418"",""reifier"":{""kind"":""iri"",""value"":""https://blackcatinformatics.ca/gmeow/examples/claim-event-distortion-001""},""statement"":{""kind"":""triple"",""subject"":{""kind"":""iri"",""value"":""https://blackcatinformatics.ca/gmeow/examples/event-distortion-001""},""predicate"":{""kind"":""iri"",""value"":""https://blackcatinformatics.ca/gmeow/eventType""},""object"":{""kind"":""iri"",""value"":""https://blackcatinformatics.ca/gmeow/eventTypeDistortion""}},""graph"":{""kind"":""default""}}"
reifier,reifier_fa4ce4685e64f937308014ee52b37d9c0fc75d7ecf089d46a48c4d4451505bd2,"{""id"":""reifier_fa4ce4685e64f937308014ee52b37d9c0fc75d7ecf089d46a48c4d4451505bd2"",""reifier"":{""kind"":""iri"",""value"":""https://blackcatinformatics.ca/gmeow/examples/claim-event-self-deception-001""},""statement"":{""kind"":""triple"",""subject"":{""kind"":""iri"",""value"":""https://blackcatinformatics.ca/gmeow/examples/event-self-deception-001""},""predicate"":{""kind"":""iri"",""value"":""https://blackcatinformatics.ca/gmeow/eventType""},""object"":{""kind"":""iri"",""value"":""https://blackcatinformatics.ca/gmeow/eventTypeSelfDeception""}},""graph"":{""kind"":""default""}}"
reifier,reifier_fd8f3da0c8ef7bbf32b00604ee21fe8e1140fa3b429ef99d961fad2b4b10dc58,"{""id"":""reifier_fd8f3da0c8ef7bbf32b00604ee21fe8e1140fa3b429ef99d961fad2b4b10dc58"",""reifier"":{""kind"":""iri"",""value"":""https://blackcatinformatics.ca/gmeow/examples/claim-event-impersonation-001""},""statement"":{""kind"":""triple"",""subject"":{""kind"":""iri"",""value"":""https://blackcatinformatics.ca/gmeow/examples/event-impersonation-001""},""predicate"":{""kind"":""iri"",""value"":""https://blackcatinformatics.ca/gmeow/eventType""},""object"":{""kind"":""iri"",""value"":""https://blackcatinformatics.ca/gmeow/eventTypeImpersonation""}},""graph"":{""kind"":""default""}}"
reifier,reifier_ff9042002536862724eaaed04fd4437d9c837011bfaeff95e752d5e399bfc054,"{""id"":""reifier_ff9042002536862724eaaed04fd4437d9c837011bfaeff95e752d5e399bfc054"",""reifier"":{""kind"":""iri"",""value"":""https://blackcatinformatics.ca/gmeow/examples/claim-disinformation-dupe-telling-001""},""statement"":{""kind"":""triple"",""subject"":{""kind"":""iri"",""value"":""https://blackcatinformatics.ca/gmeow/examples/telling-dupe-post-001""},""predicate"":{""kind"":""iri"",""value"":""https://blackcatinformatics.ca/gmeow/propagatesFrom""},""object"":{""kind"":""iri"",""value"":""https://blackcatinformatics.ca/gmeow/examples/telling-origin-article-001""}},""graph"":{""kind"":""default""}}"
annotation,annotation_0080ce04484c0f11761881c4fa39c0bc859ab54ba4840abc3876a6dd2aa95c6c,"{""id"":""annotation_0080ce04484c0f11761881c4fa39c0bc859ab54ba4840abc3876a6dd2aa95c6c"",""reifier"":{""kind"":""iri"",""value"":""https://blackcatinformatics.ca/gmeow/examples/claim-fabrication-projected-modality-001""},""predicate"":""https://blackcatinformatics.ca/gmeow/assertedAt"",""object"":{""kind"":""literal"",""lexical"":""2026-06-08T00:00:00Z"",""datatype"":""http://www.w3.org/2001/XMLSchema#dateTime"",""language"":null,""direction"":null},""graph"":{""kind"":""default""}}"
annotation,annotation_00de63a15093d63d622745545d698376480ab540151013177e91f80c39779513,"{""id"":""annotation_00de63a15093d63d622745545d698376480ab540151013177e91f80c39779513"",""reifier"":{""kind"":""iri"",""value"":""https://blackcatinformatics.ca/gmeow/examples/claim-fiction-narrative-frame-001""},""predicate"":""https://blackcatinformatics.ca/gmeow/assertedAt"",""object"":{""kind"":""literal"",""lexical"":""2026-06-07T00:00:00Z"",""datatype"":""http://www.w3.org/2001/XMLSchema#dateTime"",""language"":null,""direction"":null},""graph"":{""kind"":""default""}}"
annotation,annotation_0294141142766feb0c73c320c379725f1214707337dceecf0eb00522053c760a,"{""id"":""annotation_0294141142766feb0c73c320c379725f1214707337dceecf0eb00522053c760a"",""reifier"":{""kind"":""iri"",""value"":""https://blackcatinformatics.ca/gmeow/examples/claim-disinformation-origin-projected-001""},""predicate"":""https://blackcatinformatics.ca/gmeow/confidence"",""object"":{""kind"":""literal"",""lexical"":""0.9"",""datatype"":""http://www.w3.org/2001/XMLSchema#decimal"",""language"":null,""direction"":null},""graph"":{""kind"":""default""}}"
annotation,annotation_02a82573301e9544cc1153243dc2b7fd1bde63fb062f6666c8f01ec9f0cac85d,"{""id"":""annotation_02a82573301e9544cc1153243dc2b7fd1bde63fb062f6666c8f01ec9f0cac85d"",""reifier"":{""kind"":""iri"",""value"":""https://blackcatinformatics.ca/gmeow/examples/claim-impersonation-held-001""},""predicate"":""https://blackcatinformatics.ca/gmeow/assertedAt"",""object"":{""kind"":""literal"",""lexical"":""2026-06-10T00:00:00Z"",""datatype"":""http://www.w3.org/2001/XMLSchema#dateTime"",""language"":null,""direction"":null},""graph"":{""kind"":""default""}}"
annotation,annotation_0581e91eebceceaedde26b4656911b62127f5bd8a361d23bd8b9ff48ca6a3603,"{""id"":""annotation_0581e91eebceceaedde26b4656911b62127f5bd8a361d23bd8b9ff48ca6a3603"",""reifier"":{""kind"":""iri"",""value"":""https://blackcatinformatics.ca/gmeow/examples/claim-ai-commit-authorship""},""predicate"":""https://blackcatinformatics.ca/gmeow/confidence"",""object"":{""kind"":""literal"",""lexical"":""0.9"",""datatype"":""http://www.w3.org/2001/XMLSchema#decimal"",""language"":null,""direction"":null},""graph"":{""kind"":""default""}}"
annotation,annotation_0642490b39210693c78a3bd04b376af0090bdb1ba6b02caea6041b11d3de9dec,"{""id"":""annotation_0642490b39210693c78a3bd04b376af0090bdb1ba6b02caea6041b11d3de9dec"",""reifier"":{""kind"":""iri"",""value"":""https://blackcatinformatics.ca/gmeow/examples/claim-slam-occupancy-cell-42""},""predicate"":""https://blackcatinformatics.ca/gmeow/assertedAt"",""object"":{""kind"":""literal"",""lexical"":""2026-06-07T09:30:00Z"",""datatype"":""http://www.w3.org/2001/XMLSchema#dateTime"",""language"":null,""direction"":null},""graph"":{""kind"":""default""}}"
annotation,annotation_080d91d7ec84fc6fbde7516ef559d1e418d2dc636ee07db2565e857869142925,"{""id"":""annotation_080d91d7ec84fc6fbde7516ef559d1e418d2dc636ee07db2565e857869142925"",""reifier"":{""kind"":""iri"",""value"":""https://blackcatinformatics.ca/gmeow/examples/claim-date-gregorian-1582""},""predicate"":""https://blackcatinformatics.ca/gmeow/confidence"",""object"":{""kind"":""literal"",""lexical"":""0.95"",""datatype"":""http://www.w3.org/2001/XMLSchema#decimal"",""language"":null,""direction"":null},""graph"":{""kind"":""default""}}"
annotation,annotation_0b301417a8a055029c05f29a973308a4d17d0a4582c1593412523479be16fe41,"{""id"":""annotation_0b301417a8a055029c05f29a973308a4d17d0a4582c1593412523479be16fe41"",""reifier"":{""kind"":""iri"",""value"":""https://blackcatinformatics.ca/gmeow/examples/ai/claim-east-wing-close""},""predicate"":""https://blackcatinformatics.ca/gmeow/confidence"",""object"":{""kind"":""literal"",""lexical"":""0.85"",""datatype"":""http://www.w3.org/2001/XMLSchema#decimal"",""language"":null,""direction"":null},""graph"":{""kind"":""default""}}"
annotation,annotation_0b4c0600f1a2588c4a7debfc29e9cb7569e3587733cae44f1dc621d3f7118fa2,"{""id"":""annotation_0b4c0600f1a2588c4a7debfc29e9cb7569e3587733cae44f1dc621d3f7118fa2"",""reifier"":{""kind"":""iri"",""value"":""https://blackcatinformatics.ca/gmeow/examples/ai/claim-east-wing-close""},""predicate"":""https://blackcatinformatics.ca/gmeow/mappedFrom"",""object"":{""kind"":""iri"",""value"":""https://blackcatinformatics.ca/gmeow/examples/ai/invocation-19""},""graph"":{""kind"":""default""}}"
annotation,annotation_0c378971b775e986aaa9f09f7ea8e705ec5aa98841953d5c8ad118fd752e6818,"{""id"":""annotation_0c378971b775e986aaa9f09f7ea8e705ec5aa98841953d5c8ad118fd752e6818"",""reifier"":{""kind"":""iri"",""value"":""https://blackcatinformatics.ca/gmeow/examples/claim-disinformation-origin-deceiver-participant-001""},""predicate"":""https://blackcatinformatics.ca/gmeow/assertedAt"",""object"":{""kind"":""literal"",""lexical"":""2026-06-11T00:00:00Z"",""datatype"":""http://www.w3.org/2001/XMLSchema#dateTime"",""language"":null,""direction"":null},""graph"":{""kind"":""default""}}"
annotation,annotation_0e8a37ecb94b6705b599c26a988175e52fe82abbc1086e8ce5fbef50061e7b0b,"{""id"":""annotation_0e8a37ecb94b6705b599c26a988175e52fe82abbc1086e8ce5fbef50061e7b0b"",""reifier"":{""kind"":""iri"",""value"":""https://blackcatinformatics.ca/gmeow/examples/claim-distortion-projected-modality-001""},""predicate"":""https://blackcatinformatics.ca/gmeow/assertedAt"",""object"":{""kind"":""literal"",""lexical"":""2026-06-04T00:00:00Z"",""datatype"":""http://www.w3.org/2001/XMLSchema#dateTime"",""language"":null,""direction"":null},""graph"":{""kind"":""default""}}"
annotation,annotation_0ee7b19acd393caf2a271ebc60431c0e61ff38c4e5f06aaf80166a406862bc6f,"{""id"":""annotation_0ee7b19acd393caf2a271ebc60431c0e61ff38c4e5f06aaf80166a406862bc6f"",""reifier"":{""kind"":""iri"",""value"":""https://blackcatinformatics.ca/gmeow/examples/claim-bullshit-projected-001""},""predicate"":""https://blackcatinformatics.ca/gmeow/assertedAt"",""object"":{""kind"":""literal"",""lexical"":""2026-06-05T00:00:00Z"",""datatype"":""http://www.w3.org/2001/XMLSchema#dateTime"",""language"":null,""direction"":null},""graph"":{""kind"":""default""}}"
annotation,annotation_10204887bd0ed73be8b4d7892b9299fd5db36aba6fdefe4966c3a8abe2fe00cb,"{""id"":""annotation_10204887bd0ed73be8b4d7892b9299fd5db36aba6fdefe4966c3a8abe2fe00cb"",""reifier"":{""kind"":""iri"",""value"":""https://blackcatinformatics.ca/gmeow/examples/claim-fiction-veridicality-001""},""predicate"":""https://blackcatinformatics.ca/gmeow/confidence"",""object"":{""kind"":""literal"",""lexical"":""0.95"",""datatype"":""http://www.w3.org/2001/XMLSchema#decimal"",""language"":null,""direction"":null},""graph"":{""kind"":""default""}}"
annotation,annotation_10d1e943e3157408986c4ada7ba19e294dec16b2abf01ecc0d0b873108ba2f9f,"{""id"":""annotation_10d1e943e3157408986c4ada7ba19e294dec16b2abf01ecc0d0b873108ba2f9f"",""reifier"":{""kind"":""iri"",""value"":""https://blackcatinformatics.ca/gmeow/examples/claim-territory-1850-per-2025-historiography""},""predicate"":""https://blackcatinformatics.ca/gmeow/standpointModality"",""object"":{""kind"":""iri"",""value"":""https://blackcatinformatics.ca/gmeow/conceivable""},""graph"":{""kind"":""default""}}"
annotation,annotation_112fcf0695a0694207a5c78d00cec1a685becec6697d9e13d689f082836eeb18,"{""id"":""annotation_112fcf0695a0694207a5c78d00cec1a685becec6697d9e13d689f082836eeb18"",""reifier"":{""kind"":""iri"",""value"":""https://blackcatinformatics.ca/gmeow/examples/claim-event-distortion-001""},""predicate"":""https://blackcatinformatics.ca/gmeow/accordingTo"",""object"":{""kind"":""iri"",""value"":""https://blackcatinformatics.ca/gmeow/examples/standpoint-investigator""},""graph"":{""kind"":""default""}}"
annotation,annotation_116b537f2d9c04c3a0026f95be9e0139717ce500402759cc94b98692d05c0bf4,"{""id"":""annotation_116b537f2d9c04c3a0026f95be9e0139717ce500402759cc94b98692d05c0bf4"",""reifier"":{""kind"":""iri"",""value"":""https://blackcatinformatics.ca/gmeow/examples/claim-forgery-implicates-signature-001""},""predicate"":""https://blackcatinformatics.ca/gmeow/confidence"",""object"":{""kind"":""literal"",""lexical"":""0.85"",""datatype"":""http://www.w3.org/2001/XMLSchema#decimal"",""language"":null,""direction"":null},""graph"":{""kind"":""default""}}"
annotation,annotation_124daa4e9c9d5edf9e4404978a55f6f745045151a8119a334e5bf200e1221ffb,"{""id"":""annotation_124daa4e9c9d5edf9e4404978a55f6f745045151a8119a334e5bf200e1221ffb"",""reifier"":{""kind"":""iri"",""value"":""https://blackcatinformatics.ca/gmeow/examples/claim-self-deception-roles-001""},""predicate"":""https://blackcatinformatics.ca/gmeow/accordingTo"",""object"":{""kind"":""iri"",""value"":""https://blackcatinformatics.ca/gmeow/examples/standpoint-therapist""},""graph"":{""kind"":""default""}}"
annotation,annotation_12c6063a214bc4d31c4567d312859954641d51963412606994f1ed95e25a6079,"{""id"":""annotation_12c6063a214bc4d31c4567d312859954641d51963412606994f1ed95e25a6079"",""reifier"":{""kind"":""iri"",""value"":""https://blackcatinformatics.ca/gmeow/examples/claim-crimea-in-ukraine-per-un""},""predicate"":""https://blackcatinformatics.ca/gmeow/accordingTo"",""object"":{""kind"":""iri"",""value"":""https://blackcatinformatics.ca/gmeow/examples/standpoint-un""},""graph"":{""kind"":""default""}}"
annotation,annotation_133089ebe55cc3bb1dc527207356d8c6f44b43fc47b166434ec20761729c1efe,"{""id"":""annotation_133089ebe55cc3bb1dc527207356d8c6f44b43fc47b166434ec20761729c1efe"",""reifier"":{""kind"":""iri"",""value"":""https://blackcatinformatics.ca/gmeow/reifier/48dcc08cba7412ad99d7a65cc9d0db751589d0a2""},""predicate"":""https://blackcatinformatics.ca/gmeow/importanceLevel"",""object"":{""kind"":""literal"",""lexical"":""2"",""datatype"":""http://www.w3.org/2001/XMLSchema#integer"",""language"":null,""direction"":null},""graph"":{""kind"":""default""}}"
annotation,annotation_13cd81dfcd1e5f18d04941e0b8f7ace6f9db0d696836df62f2a9a361a24437f9,"{""id"":""annotation_13cd81dfcd1e5f18d04941e0b8f7ace6f9db0d696836df62f2a9a361a24437f9"",""reifier"":{""kind"":""iri"",""value"":""https://blackcatinformatics.ca/gmeow/examples/claim-disinformation-downstream-belief-modality-001""},""predicate"":""https://blackcatinformatics.ca/gmeow/confidence"",""object"":{""kind"":""literal"",""lexical"":""0.6"",""datatype"":""http://www.w3.org/2001/XMLSchema#decimal"",""language"":null,""direction"":null},""graph"":{""kind"":""default""}}"
annotation,annotation_15929e7c247668d1ccb9bd14c717af4d63e1a4434aee7ece13321a0eadf06ce8,"{""id"":""annotation_15929e7c247668d1ccb9bd14c717af4d63e1a4434aee7ece13321a0eadf06ce8"",""reifier"":{""kind"":""iri"",""value"":""https://blackcatinformatics.ca/gmeow/examples/claim-omission-held-modality-001""},""predicate"":""https://blackcatinformatics.ca/gmeow/confidence"",""object"":{""kind"":""literal"",""lexical"":""0.85"",""datatype"":""http://www.w3.org/2001/XMLSchema#decimal"",""language"":null,""direction"":null},""graph"":{""kind"":""default""}}"
annotation,annotation_15c9b28bb5a9e11e9dddecb0baf1512d23d39934804c34eaa63eca88d689456f,"{""id"":""annotation_15c9b28bb5a9e11e9dddecb0baf1512d23d39934804c34eaa63eca88d689456f"",""reifier"":{""kind"":""iri"",""value"":""https://blackcatinformatics.ca/gmeow/examples/claim-event-forgery-001""},""predicate"":""https://blackcatinformatics.ca/gmeow/accordingTo"",""object"":{""kind"":""iri"",""value"":""https://blackcatinformatics.ca/gmeow/examples/standpoint-investigator""},""graph"":{""kind"":""default""}}"
annotation,annotation_162f12f7ca46ebf19f17728b62a919fe3d80f7ebb5555fa3640bf3fc2109a44d,"{""id"":""annotation_162f12f7ca46ebf19f17728b62a919fe3d80f7ebb5555fa3640bf3fc2109a44d"",""reifier"":{""kind"":""iri"",""value"":""https://blackcatinformatics.ca/gmeow/examples/claim-paltering-projected-001""},""predicate"":""https://blackcatinformatics.ca/gmeow/assertedAt"",""object"":{""kind"":""literal"",""lexical"":""2026-06-02T00:00:00Z"",""datatype"":""http://www.w3.org/2001/XMLSchema#dateTime"",""language"":null,""direction"":null},""graph"":{""kind"":""default""}}"
annotation,annotation_16963b38baea495ebcf82f8892c33d3524e265f01236b3e6b8e180703195f179,"{""id"":""annotation_16963b38baea495ebcf82f8892c33d3524e265f01236b3e6b8e180703195f179"",""reifier"":{""kind"":""iri"",""value"":""https://blackcatinformatics.ca/gmeow/examples/claim-impersonation-facet-subject-001""},""predicate"":""https://blackcatinformatics.ca/gmeow/confidence"",""object"":{""kind"":""literal"",""lexical"":""0.8"",""datatype"":""http://www.w3.org/2001/XMLSchema#decimal"",""language"":null,""direction"":null},""graph"":{""kind"":""default""}}"
annotation,annotation_177da863e10b8c66ff9cd79f5e5b518866ca716673fb2ff0ec7368257ce5c2f8,"{""id"":""annotation_177da863e10b8c66ff9cd79f5e5b518866ca716673fb2ff0ec7368257ce5c2f8"",""reifier"":{""kind"":""iri"",""value"":""https://blackcatinformatics.ca/gmeow/examples/claim-fabrication-projected-modality-001""},""predicate"":""https://blackcatinformatics.ca/gmeow/confidence"",""object"":{""kind"":""literal"",""lexical"":""0.88"",""datatype"":""http://www.w3.org/2001/XMLSchema#decimal"",""language"":null,""direction"":null},""graph"":{""kind"":""default""}}"
annotation,annotation_1796ee7d683ba7c8a74632d68fe8b1ee576fba84de11e9ed31dcfd4884432233,"{""id"":""annotation_1796ee7d683ba7c8a74632d68fe8b1ee576fba84de11e9ed31dcfd4884432233"",""reifier"":{""kind"":""iri"",""value"":""https://blackcatinformatics.ca/gmeow/examples/claim-impersonation-implicates-001""},""predicate"":""https://blackcatinformatics.ca/gmeow/assertedAt"",""object"":{""kind"":""literal"",""lexical"":""2026-06-10T00:00:00Z"",""datatype"":""http://www.w3.org/2001/XMLSchema#dateTime"",""language"":null,""direction"":null},""graph"":{""kind"":""default""}}"
annotation,annotation_17d5e38679ac9bdafca54329a55285fb2db1d793cdc36b5f371ae89bd797c9db,"{""id"":""annotation_17d5e38679ac9bdafca54329a55285fb2db1d793cdc36b5f371ae89bd797c9db"",""reifier"":{""kind"":""iri"",""value"":""https://blackcatinformatics.ca/gmeow/examples/claim-impersonation-projected-001""},""predicate"":""https://blackcatinformatics.ca/gmeow/confidence"",""object"":{""kind"":""literal"",""lexical"":""0.85"",""datatype"":""http://www.w3.org/2001/XMLSchema#decimal"",""language"":null,""direction"":null},""graph"":{""kind"":""default""}}"
annotation,annotation_184e33c35697a592dbf5330f8055be9aefc2493e2aa2361a721c7f7586df24da,"{""id"":""annotation_184e33c35697a592dbf5330f8055be9aefc2493e2aa2361a721c7f7586df24da"",""reifier"":{""kind"":""iri"",""value"":""https://blackcatinformatics.ca/gmeow/examples/claim-disinformation-dupe-belief-veridicality-001""},""predicate"":""https://blackcatinformatics.ca/gmeow/assertedAt"",""object"":{""kind"":""literal"",""lexical"":""2026-06-11T00:00:00Z"",""datatype"":""http://www.w3.org/2001/XMLSchema#dateTime"",""language"":null,""direction"":null},""graph"":{""kind"":""default""}}"
annotation,annotation_18661b6a0c43b9f091bb21b40f0f79691ba551f492616d47d51ccfbda352efec,"{""id"":""annotation_18661b6a0c43b9f091bb21b40f0f79691ba551f492616d47d51ccfbda352efec"",""reifier"":{""kind"":""iri"",""value"":""https://blackcatinformatics.ca/gmeow/examples/claim-lie-held-001""},""predicate"":""https://blackcatinformatics.ca/gmeow/confidence"",""object"":{""kind"":""literal"",""lexical"":""0.8"",""datatype"":""http://www.w3.org/2001/XMLSchema#decimal"",""language"":null,""direction"":null},""graph"":{""kind"":""default""}}"
annotation,annotation_18755b0854f03bd92dbf0d3dfb2a929935cb0fcffb7b78fa584491d89ee3e3e7,"{""id"":""annotation_18755b0854f03bd92dbf0d3dfb2a929935cb0fcffb7b78fa584491d89ee3e3e7"",""reifier"":{""kind"":""iri"",""value"":""https://blackcatinformatics.ca/gmeow/examples/claim-self-deception-projected-modality-001""},""predicate"":""https://blackcatinformatics.ca/gmeow/accordingTo"",""object"":{""kind"":""iri"",""value"":""https://blackcatinformatics.ca/gmeow/examples/standpoint-avowed-self""},""graph"":{""kind"":""default""}}"
annotation,annotation_188dab52235b30b965adcd8d458acf3fcf36862f90b0a3f546858a74ebbcce45,"{""id"":""annotation_188dab52235b30b965adcd8d458acf3fcf36862f90b0a3f546858a74ebbcce45"",""reifier"":{""kind"":""iri"",""value"":""https://blackcatinformatics.ca/gmeow/examples/claim-impersonation-projected-modality-001""},""predicate"":""https://blackcatinformatics.ca/gmeow/confidence"",""object"":{""kind"":""literal"",""lexical"":""0.85"",""datatype"":""http://www.w3.org/2001/XMLSchema#decimal"",""language"":null,""direction"":null},""graph"":{""kind"":""default""}}"
annotation,annotation_1bf2dbdc1769ef4aaa4e6c7a65ed210d717606c944801e44f1ef20579e01af93,"{""id"":""annotation_1bf2dbdc1769ef4aaa4e6c7a65ed210d717606c944801e44f1ef20579e01af93"",""reifier"":{""kind"":""iri"",""value"":""https://blackcatinformatics.ca/gmeow/examples/claim-date-gregorian-1582""},""predicate"":""https://blackcatinformatics.ca/gmeow/accordingTo"",""object"":{""kind"":""iri"",""value"":""https://blackcatinformatics.ca/gmeow/examples/standpoint-gregorian-historiography""},""graph"":{""kind"":""default""}}"
annotation,annotation_1c3fd67c58cae1fd406c4fa6eb19c9935db574b952579c41e4a0b6e7e0b26626,"{""id"":""annotation_1c3fd67c58cae1fd406c4fa6eb19c9935db574b952579c41e4a0b6e7e0b26626"",""reifier"":{""kind"":""iri"",""value"":""https://blackcatinformatics.ca/gmeow/examples/rights/claim-photo-license""},""predicate"":""https://blackcatinformatics.ca/gmeow/validFrom"",""object"":{""kind"":""literal"",""lexical"":""2026-01-01T00:00:00Z"",""datatype"":""http://www.w3.org/2001/XMLSchema#dateTime"",""language"":null,""direction"":null},""graph"":{""kind"":""default""}}"
annotation,annotation_1c5dfbd2aa3b544aba2cdbc24ffda6a2cbaf37c70ccf55efd3615fddde904793,"{""id"":""annotation_1c5dfbd2aa3b544aba2cdbc24ffda6a2cbaf37c70ccf55efd3615fddde904793"",""reifier"":{""kind"":""iri"",""value"":""https://blackcatinformatics.ca/gmeow/examples/claim-event-fabrication-001""},""predicate"":""https://blackcatinformatics.ca/gmeow/accordingTo"",""object"":{""kind"":""iri"",""value"":""https://blackcatinformatics.ca/gmeow/examples/standpoint-investigator""},""graph"":{""kind"":""default""}}"
annotation,annotation_1c7f75b808a74b9cc56ae321c13eba3e6093b8cf98d05b926a737b31e4e260de,"{""id"":""annotation_1c7f75b808a74b9cc56ae321c13eba3e6093b8cf98d05b926a737b31e4e260de"",""reifier"":{""kind"":""iri"",""value"":""https://blackcatinformatics.ca/gmeow/examples/music/claim-bar17-meter-7_8""},""predicate"":""https://blackcatinformatics.ca/gmeow/standpointModality"",""object"":{""kind"":""iri"",""value"":""https://blackcatinformatics.ca/gmeow/unequivocal""},""graph"":{""kind"":""default""}}"
annotation,annotation_1f8e1f0563fcdeaaa559b6141a9139505a44a3961c6e6acfb0a85771b093c4c2,"{""id"":""annotation_1f8e1f0563fcdeaaa559b6141a9139505a44a3961c6e6acfb0a85771b093c4c2"",""reifier"":{""kind"":""iri"",""value"":""https://blackcatinformatics.ca/gmeow/examples/claim-forgery-held-modality-001""},""predicate"":""https://blackcatinformatics.ca/gmeow/confidence"",""object"":{""kind"":""literal"",""lexical"":""0.8"",""datatype"":""http://www.w3.org/2001/XMLSchema#decimal"",""language"":null,""direction"":null},""graph"":{""kind"":""default""}}"
annotation,annotation_1fe7145db55b2cb5bb20b40d050fc8ad83e5005e8c65fd56f6aa3c0b285fccfb,"{""id"":""annotation_1fe7145db55b2cb5bb20b40d050fc8ad83e5005e8c65fd56f6aa3c0b285fccfb"",""reifier"":{""kind"":""iri"",""value"":""https://blackcatinformatics.ca/gmeow/examples/claim-disinformation-origin-intent-001""},""predicate"":""https://blackcatinformatics.ca/gmeow/assertedAt"",""object"":{""kind"":""literal"",""lexical"":""2026-06-11T00:00:00Z"",""datatype"":""http://www.w3.org/2001/XMLSchema#dateTime"",""language"":null,""direction"":null},""graph"":{""kind"":""default""}}"
annotation,annotation_214faec84d4ca82cad367dc0d05bdf1653ba1beb9517a73a9b9649fcdca3641f,"{""id"":""annotation_214faec84d4ca82cad367dc0d05bdf1653ba1beb9517a73a9b9649fcdca3641f"",""reifier"":{""kind"":""iri"",""value"":""https://blackcatinformatics.ca/gmeow/examples/music/claim-bar17-meter-4_4-plus-3_8""},""predicate"":""https://blackcatinformatics.ca/gmeow/accordingTo"",""object"":{""kind"":""iri"",""value"":""https://blackcatinformatics.ca/gmeow/examples/music/standpoint-transcriber-b""},""graph"":{""kind"":""default""}}"
annotation,annotation_231d0a46af2d6cce1a8e69571eadc3f6066564d8bc3c9e4aef7ae3732ee8d2fd,"{""id"":""annotation_231d0a46af2d6cce1a8e69571eadc3f6066564d8bc3c9e4aef7ae3732ee8d2fd"",""reifier"":{""kind"":""iri"",""value"":""https://blackcatinformatics.ca/gmeow/examples/claim-tf-dynamic-end-effector""},""predicate"":""https://blackcatinformatics.ca/gmeow/assertedAt"",""object"":{""kind"":""literal"",""lexical"":""2026-06-07T10:00:00Z"",""datatype"":""http://www.w3.org/2001/XMLSchema#dateTime"",""language"":null,""direction"":null},""graph"":{""kind"":""default""}}"
annotation,annotation_23e40757090d67cba572dcd972bab9ba9442f981c30320ec35c4d13009198eaf,"{""id"":""annotation_23e40757090d67cba572dcd972bab9ba9442f981c30320ec35c4d13009198eaf"",""reifier"":{""kind"":""iri"",""value"":""https://blackcatinformatics.ca/gmeow/examples/claim-lie-projected-modality-001""},""predicate"":""https://blackcatinformatics.ca/gmeow/accordingTo"",""object"":{""kind"":""iri"",""value"":""https://blackcatinformatics.ca/gmeow/examples/standpoint-deceiver""},""graph"":{""kind"":""default""}}"
annotation,annotation_2492192e911544ee34c43ad5f8605dff3347f7a4ec174c4be72513473a43d28b,"{""id"":""annotation_2492192e911544ee34c43ad5f8605dff3347f7a4ec174c4be72513473a43d28b"",""reifier"":{""kind"":""iri"",""value"":""https://blackcatinformatics.ca/gmeow/examples/claim-alice-birthdate""},""predicate"":""https://blackcatinformatics.ca/gmeow/mappedFrom"",""object"":{""kind"":""iri"",""value"":""https://blackcatinformatics.ca/gmeow/examples/src-civil-register""},""graph"":{""kind"":""default""}}"
annotation,annotation_25367be628e8409d83be64ebb49b039583daccf386ae88903154160d4d619dbe,"{""id"":""annotation_25367be628e8409d83be64ebb49b039583daccf386ae88903154160d4d619dbe"",""reifier"":{""kind"":""iri"",""value"":""https://blackcatinformatics.ca/gmeow/examples/claim-fabrication-implicates-001""},""predicate"":""https://blackcatinformatics.ca/gmeow/assertedAt"",""object"":{""kind"":""literal"",""lexical"":""2026-06-08T00:00:00Z"",""datatype"":""http://www.w3.org/2001/XMLSchema#dateTime"",""language"":null,""direction"":null},""graph"":{""kind"":""default""}}"
annotation,annotation_25585730ffaf0090be2f81450f52092f48c5b5593e4de2ab0518aa43ea313648,"{""id"":""annotation_25585730ffaf0090be2f81450f52092f48c5b5593e4de2ab0518aa43ea313648"",""reifier"":{""kind"":""iri"",""value"":""https://blackcatinformatics.ca/gmeow/examples/rights/claim-photo-license""},""predicate"":""https://blackcatinformatics.ca/gmeow/assertedAt"",""object"":{""kind"":""literal"",""lexical"":""2026-01-01T00:00:00Z"",""datatype"":""http://www.w3.org/2001/XMLSchema#dateTime"",""language"":null,""direction"":null},""graph"":{""kind"":""default""}}"
annotation,annotation_25e827fa5df08b695715fb9c11674d938dee90081080489dc8bcfcdfa22f37c3,"{""id"":""annotation_25e827fa5df08b695715fb9c11674d938dee90081080489dc8bcfcdfa22f37c3"",""reifier"":{""kind"":""iri"",""value"":""https://blackcatinformatics.ca/gmeow/examples/claim-deception-event-001""},""predicate"":""https://blackcatinformatics.ca/gmeow/confidence"",""object"":{""kind"":""literal"",""lexical"":""0.85"",""datatype"":""http://www.w3.org/2001/XMLSchema#decimal"",""language"":null,""direction"":null},""graph"":{""kind"":""default""}}"
annotation,annotation_26cf5f681d9def41e67ddb9b94c24a32c98e997ded9d602f5ecff1d4682b2183,"{""id"":""annotation_26cf5f681d9def41e67ddb9b94c24a32c98e997ded9d602f5ecff1d4682b2183"",""reifier"":{""kind"":""iri"",""value"":""https://blackcatinformatics.ca/gmeow/examples/claim-omission-held-001""},""predicate"":""https://blackcatinformatics.ca/gmeow/confidence"",""object"":{""kind"":""literal"",""lexical"":""0.85"",""datatype"":""http://www.w3.org/2001/XMLSchema#decimal"",""language"":null,""direction"":null},""graph"":{""kind"":""default""}}"
annotation,annotation_26dbc9e78cd447be90a9cf74a89fed7fbc5fe7f5f5fdaf2bc3820084f6b44087,"{""id"":""annotation_26dbc9e78cd447be90a9cf74a89fed7fbc5fe7f5f5fdaf2bc3820084f6b44087"",""reifier"":{""kind"":""iri"",""value"":""https://blackcatinformatics.ca/gmeow/examples/claim-distortion-participant-001""},""predicate"":""https://blackcatinformatics.ca/gmeow/confidence"",""object"":{""kind"":""literal"",""lexical"":""0.85"",""datatype"":""http://www.w3.org/2001/XMLSchema#decimal"",""language"":null,""direction"":null},""graph"":{""kind"":""default""}}"
annotation,annotation_281a98e5033eecc678bc092e7e5821e7ef1156a683d9ef7cc13ee9eb985ae472,"{""id"":""annotation_281a98e5033eecc678bc092e7e5821e7ef1156a683d9ef7cc13ee9eb985ae472"",""reifier"":{""kind"":""iri"",""value"":""https://blackcatinformatics.ca/gmeow/examples/claim-disinformation-downstream-projected-001""},""predicate"":""https://blackcatinformatics.ca/gmeow/confidence"",""object"":{""kind"":""literal"",""lexical"":""0.6"",""datatype"":""http://www.w3.org/2001/XMLSchema#decimal"",""language"":null,""direction"":null},""graph"":{""kind"":""default""}}"
annotation,annotation_2a20fe9ebd62bbc12d6ce6b22b7cdad59e241b767edcc3a3bbaf8d7d7adf80a6,"{""id"":""annotation_2a20fe9ebd62bbc12d6ce6b22b7cdad59e241b767edcc3a3bbaf8d7d7adf80a6"",""reifier"":{""kind"":""iri"",""value"":""https://blackcatinformatics.ca/gmeow/examples/claim-disinformation-downstream-event-001""},""predicate"":""https://blackcatinformatics.ca/gmeow/assertedAt"",""object"":{""kind"":""literal"",""lexical"":""2026-06-11T00:00:00Z"",""datatype"":""http://www.w3.org/2001/XMLSchema#dateTime"",""language"":null,""direction"":null},""graph"":{""kind"":""default""}}"
annotation,annotation_2a43505e7cdc785c1af112c29b4890473e9437ceeba216b99ef21f5395c35cfc,"{""id"":""annotation_2a43505e7cdc785c1af112c29b4890473e9437ceeba216b99ef21f5395c35cfc"",""reifier"":{""kind"":""iri"",""value"":""https://blackcatinformatics.ca/gmeow/reifier/48dcc08cba7412ad99d7a65cc9d0db751589d0a2""},""predicate"":""https://blackcatinformatics.ca/gmeow/confidence"",""object"":{""kind"":""literal"",""lexical"":""0.6"",""datatype"":""http://www.w3.org/2001/XMLSchema#decimal"",""language"":null,""direction"":null},""graph"":{""kind"":""default""}}"
annotation,annotation_2b13c3ec00ea5919ba124c2d5055436ead97e1aa8721d132d91a8aa3380d0d51,"{""id"":""annotation_2b13c3ec00ea5919ba124c2d5055436ead97e1aa8721d132d91a8aa3380d0d51"",""reifier"":{""kind"":""iri"",""value"":""https://blackcatinformatics.ca/gmeow/examples/claim-disinformation-origin-deceiver-event-001""},""predicate"":""https://blackcatinformatics.ca/gmeow/assertedAt"",""object"":{""kind"":""literal"",""lexical"":""2026-06-11T00:00:00Z"",""datatype"":""http://www.w3.org/2001/XMLSchema#dateTime"",""language"":null,""direction"":null},""graph"":{""kind"":""default""}}"
annotation,annotation_2c7327ff4fca6c2c3ddbe3815d34b965f89657c29c094c17e384baa8ee9c659b,"{""id"":""annotation_2c7327ff4fca6c2c3ddbe3815d34b965f89657c29c094c17e384baa8ee9c659b"",""reifier"":{""kind"":""iri"",""value"":""https://blackcatinformatics.ca/gmeow/examples/claim-disinformation-dupe-telling-001""},""predicate"":""https://blackcatinformatics.ca/gmeow/assertedAt"",""object"":{""kind"":""literal"",""lexical"":""2026-06-11T00:00:00Z"",""datatype"":""http://www.w3.org/2001/XMLSchema#dateTime"",""language"":null,""direction"":null},""graph"":{""kind"":""default""}}"
annotation,annotation_2c77fc0765076d173632d08e09dbbd0a0c0aca00086a430ed57d31856aca0226,"{""id"":""annotation_2c77fc0765076d173632d08e09dbbd0a0c0aca00086a430ed57d31856aca0226"",""reifier"":{""kind"":""iri"",""value"":""https://blackcatinformatics.ca/gmeow/examples/claim-crimea-in-russia-per-ru""},""predicate"":""https://blackcatinformatics.ca/gmeow/accordingTo"",""object"":{""kind"":""iri"",""value"":""https://blackcatinformatics.ca/gmeow/examples/standpoint-ru""},""graph"":{""kind"":""default""}}"
annotation,annotation_2d012b951f96bafa9b09bbc854c9efdc0167e5e59b9ac2985111b19b0734f8d7,"{""id"":""annotation_2d012b951f96bafa9b09bbc854c9efdc0167e5e59b9ac2985111b19b0734f8d7"",""reifier"":{""kind"":""iri"",""value"":""https://blackcatinformatics.ca/gmeow/examples/claim-disinformation-dupe-role-001""},""predicate"":""https://blackcatinformatics.ca/gmeow/confidence"",""object"":{""kind"":""literal"",""lexical"":""0.75"",""datatype"":""http://www.w3.org/2001/XMLSchema#decimal"",""language"":null,""direction"":null},""graph"":{""kind"":""default""}}"
annotation,annotation_2d2c1819357e25866af23e550865d18445038c2ad545cd0f3fa6cea689f46b3c,"{""id"":""annotation_2d2c1819357e25866af23e550865d18445038c2ad545cd0f3fa6cea689f46b3c"",""reifier"":{""kind"":""iri"",""value"":""https://blackcatinformatics.ca/gmeow/examples/music/claim-greensleeves-anonymous""},""predicate"":""https://blackcatinformatics.ca/gmeow/confidence"",""object"":{""kind"":""literal"",""lexical"":""0.95"",""datatype"":""http://www.w3.org/2001/XMLSchema#decimal"",""language"":null,""direction"":null},""graph"":{""kind"":""default""}}"
annotation,annotation_2dd6a588ef14b2e86438b103bdfe677719261b370767f4d2d60def18e2421826,"{""id"":""annotation_2dd6a588ef14b2e86438b103bdfe677719261b370767f4d2d60def18e2421826"",""reifier"":{""kind"":""iri"",""value"":""https://blackcatinformatics.ca/gmeow/examples/claim-fabrication-held-modality-001""},""predicate"":""https://blackcatinformatics.ca/gmeow/confidence"",""object"":{""kind"":""literal"",""lexical"":""0.75"",""datatype"":""http://www.w3.org/2001/XMLSchema#decimal"",""language"":null,""direction"":null},""graph"":{""kind"":""default""}}"
annotation,annotation_2ea38ff729717e6cd3ea21bdc2a8b66b3f0f76cf80c5c065ddbf39bc0895b420,"{""id"":""annotation_2ea38ff729717e6cd3ea21bdc2a8b66b3f0f76cf80c5c065ddbf39bc0895b420"",""reifier"":{""kind"":""iri"",""value"":""https://blackcatinformatics.ca/gmeow/examples/claim-date-gregorian-1582""},""predicate"":""https://blackcatinformatics.ca/gmeow/assertedAt"",""object"":{""kind"":""literal"",""lexical"":""2020-01-01T00:00:00Z"",""datatype"":""http://www.w3.org/2001/XMLSchema#dateTime"",""language"":null,""direction"":null},""graph"":{""kind"":""default""}}"
annotation,annotation_2f3768ec70abd63ba46220d6f3ce552c741369c62500a1640ff3031885d6a274,"{""id"":""annotation_2f3768ec70abd63ba46220d6f3ce552c741369c62500a1640ff3031885d6a274"",""reifier"":{""kind"":""iri"",""value"":""https://blackcatinformatics.ca/gmeow/examples/claim-tf-dynamic-end-effector""},""predicate"":""https://blackcatinformatics.ca/gmeow/validUntil"",""object"":{""kind"":""literal"",""lexical"":""2026-06-07T10:05:00Z"",""datatype"":""http://www.w3.org/2001/XMLSchema#dateTime"",""language"":null,""direction"":null},""graph"":{""kind"":""default""}}"
annotation,annotation_2f6cf9d951dad16db8c59a2e209e7fbffa1992cd9275e82c5d7df24326797d38,"{""id"":""annotation_2f6cf9d951dad16db8c59a2e209e7fbffa1992cd9275e82c5d7df24326797d38"",""reifier"":{""kind"":""iri"",""value"":""https://blackcatinformatics.ca/gmeow/examples/claim-distortion-projected-001""},""predicate"":""https://blackcatinformatics.ca/gmeow/assertedAt"",""object"":{""kind"":""literal"",""lexical"":""2026-06-04T00:00:00Z"",""datatype"":""http://www.w3.org/2001/XMLSchema#dateTime"",""language"":null,""direction"":null},""graph"":{""kind"":""default""}}"
annotation,annotation_2f83b8108cf4c896e981c9424953270c9043332e33e5727548f7a51f14f506d8,"{""id"":""annotation_2f83b8108cf4c896e981c9424953270c9043332e33e5727548f7a51f14f506d8"",""reifier"":{""kind"":""iri"",""value"":""https://blackcatinformatics.ca/gmeow/examples/claim-disinformation-origin-held-modality-001""},""predicate"":""https://blackcatinformatics.ca/gmeow/confidence"",""object"":{""kind"":""literal"",""lexical"":""0.85"",""datatype"":""http://www.w3.org/2001/XMLSchema#decimal"",""language"":null,""direction"":null},""graph"":{""kind"":""default""}}"
annotation,annotation_304c4643ff79d07ad8a2784f7101615b37ebe8edc8c476ed39564ed0047f6f90,"{""id"":""annotation_304c4643ff79d07ad8a2784f7101615b37ebe8edc8c476ed39564ed0047f6f90"",""reifier"":{""kind"":""iri"",""value"":""https://blackcatinformatics.ca/gmeow/examples/music/claim-spectral-key-refuted""},""predicate"":""https://blackcatinformatics.ca/gmeow/standpointModality"",""object"":{""kind"":""iri"",""value"":""https://blackcatinformatics.ca/gmeow/refuted""},""graph"":{""kind"":""default""}}"
annotation,annotation_310f6ad704ef5ff9dd344d7413272f8818bd94787289ef54e29b049b061980d4,"{""id"":""annotation_310f6ad704ef5ff9dd344d7413272f8818bd94787289ef54e29b049b061980d4"",""reifier"":{""kind"":""iri"",""value"":""https://blackcatinformatics.ca/gmeow/examples/claim-disinformation-origin-held-modality-001""},""predicate"":""https://blackcatinformatics.ca/gmeow/assertedAt"",""object"":{""kind"":""literal"",""lexical"":""2026-06-11T00:00:00Z"",""datatype"":""http://www.w3.org/2001/XMLSchema#dateTime"",""language"":null,""direction"":null},""graph"":{""kind"":""default""}}"
annotation,annotation_314f95670ad6c60d3d48279e78865cbbdda79d463947c5723ece16a50a112df2,"{""id"":""annotation_314f95670ad6c60d3d48279e78865cbbdda79d463947c5723ece16a50a112df2"",""reifier"":{""kind"":""iri"",""value"":""https://blackcatinformatics.ca/gmeow/examples/claim-disinformation-dupe-event-binding-001""},""predicate"":""https://blackcatinformatics.ca/gmeow/confidence"",""object"":{""kind"":""literal"",""lexical"":""0.75"",""datatype"":""http://www.w3.org/2001/XMLSchema#decimal"",""language"":null,""direction"":null},""graph"":{""kind"":""default""}}"
annotation,annotation_3350d85e841457fb645466b4063c746e69278ce6197545e7211795972c1fad79,"{""id"":""annotation_3350d85e841457fb645466b4063c746e69278ce6197545e7211795972c1fad79"",""reifier"":{""kind"":""iri"",""value"":""https://blackcatinformatics.ca/gmeow/examples/claim-forgery-held-001""},""predicate"":""https://blackcatinformatics.ca/gmeow/confidence"",""object"":{""kind"":""literal"",""lexical"":""0.8"",""datatype"":""http://www.w3.org/2001/XMLSchema#decimal"",""language"":null,""direction"":null},""graph"":{""kind"":""default""}}"
annotation,annotation_3363fd929613e86aea69612f9591673520dfe9c9aba1445308968c2a926cc628,"{""id"":""annotation_3363fd929613e86aea69612f9591673520dfe9c9aba1445308968c2a926cc628"",""reifier"":{""kind"":""iri"",""value"":""https://blackcatinformatics.ca/gmeow/examples/claim-bullshit-held-modality-001""},""predicate"":""https://blackcatinformatics.ca/gmeow/assertedAt"",""object"":{""kind"":""literal"",""lexical"":""2026-06-05T00:00:00Z"",""datatype"":""http://www.w3.org/2001/XMLSchema#dateTime"",""language"":null,""direction"":null},""graph"":{""kind"":""default""}}"
annotation,annotation_341883faeb6247667e4ba0b6a1fc96f38cf336a6c65678ac7635ad73aa453778,"{""id"":""annotation_341883faeb6247667e4ba0b6a1fc96f38cf336a6c65678ac7635ad73aa453778"",""reifier"":{""kind"":""iri"",""value"":""https://blackcatinformatics.ca/gmeow/examples/claim-fabrication-implicates-001""},""predicate"":""https://blackcatinformatics.ca/gmeow/accordingTo"",""object"":{""kind"":""iri"",""value"":""https://blackcatinformatics.ca/gmeow/examples/standpoint-investigator""},""graph"":{""kind"":""default""}}"
annotation,annotation_34a0f7d6042fefd458b50cfe21a05df6cdfa4d08d1ed168102443093b047b96f,"{""id"":""annotation_34a0f7d6042fefd458b50cfe21a05df6cdfa4d08d1ed168102443093b047b96f"",""reifier"":{""kind"":""iri"",""value"":""https://blackcatinformatics.ca/gmeow/examples/claim-projected-001""},""predicate"":""https://blackcatinformatics.ca/gmeow/confidence"",""object"":{""kind"":""literal"",""lexical"":""0.9"",""datatype"":""http://www.w3.org/2001/XMLSchema#decimal"",""language"":null,""direction"":null},""graph"":{""kind"":""default""}}"
annotation,annotation_34f6a2218156a9802dab26eb7a92aa9b4fb2ead0f1a8a72123e9962d3d4cbe42,"{""id"":""annotation_34f6a2218156a9802dab26eb7a92aa9b4fb2ead0f1a8a72123e9962d3d4cbe42"",""reifier"":{""kind"":""iri"",""value"":""https://blackcatinformatics.ca/gmeow/examples/claim-disinformation-dupe-belief-modality-001""},""predicate"":""https://blackcatinformatics.ca/gmeow/confidence"",""object"":{""kind"":""literal"",""lexical"":""0.7"",""datatype"":""http://www.w3.org/2001/XMLSchema#decimal"",""language"":null,""direction"":null},""graph"":{""kind"":""default""}}"
annotation,annotation_35e5fdb0f789230dc83325362cf0719f7822e3c705c207a22489c043fc4a1a32,"{""id"":""annotation_35e5fdb0f789230dc83325362cf0719f7822e3c705c207a22489c043fc4a1a32"",""reifier"":{""kind"":""iri"",""value"":""https://blackcatinformatics.ca/gmeow/examples/claim-impersonation-observedfeature-001""},""predicate"":""https://blackcatinformatics.ca/gmeow/assertedAt"",""object"":{""kind"":""literal"",""lexical"":""2026-06-10T00:00:00Z"",""datatype"":""http://www.w3.org/2001/XMLSchema#dateTime"",""language"":null,""direction"":null},""graph"":{""kind"":""default""}}"
annotation,annotation_364839640c366b58c9e581a31d727956e03e70919f2042c7e1e54dba58eb63c8,"{""id"":""annotation_364839640c366b58c9e581a31d727956e03e70919f2042c7e1e54dba58eb63c8"",""reifier"":{""kind"":""iri"",""value"":""https://blackcatinformatics.ca/gmeow/examples/claim-disinformation-dupe-event-001""},""predicate"":""https://blackcatinformatics.ca/gmeow/confidence"",""object"":{""kind"":""literal"",""lexical"":""0.7"",""datatype"":""http://www.w3.org/2001/XMLSchema#decimal"",""language"":null,""direction"":null},""graph"":{""kind"":""default""}}"
annotation,annotation_366043503d858a0f4f81b96416a5733f98dd161d2c516bd60e860dcbb4ab98b7,"{""id"":""annotation_366043503d858a0f4f81b96416a5733f98dd161d2c516bd60e860dcbb4ab98b7"",""reifier"":{""kind"":""iri"",""value"":""https://blackcatinformatics.ca/gmeow/examples/claim-crimea-in-russia-per-ru""},""predicate"":""https://blackcatinformatics.ca/gmeow/validFrom"",""object"":{""kind"":""literal"",""lexical"":""2014-03-18T00:00:00Z"",""datatype"":""http://www.w3.org/2001/XMLSchema#dateTime"",""language"":null,""direction"":null},""graph"":{""kind"":""default""}}"
annotation,annotation_36e6b3aa7eb64a62d1c8323e41bf3c89f8471b2973b1c0ae50e38061a91d2ecb,"{""id"":""annotation_36e6b3aa7eb64a62d1c8323e41bf3c89f8471b2973b1c0ae50e38061a91d2ecb"",""reifier"":{""kind"":""iri"",""value"":""https://blackcatinformatics.ca/gmeow/examples/music/claim-ai-german-sixth""},""predicate"":""https://blackcatinformatics.ca/gmeow/mappedFrom"",""object"":{""kind"":""iri"",""value"":""https://blackcatinformatics.ca/gmeow/examples/music/ai-chord-model-v3""},""graph"":{""kind"":""default""}}"
annotation,annotation_37daa1991fa15a6fecbb117fc8b904d715daf9656e94fe296d495b78c809f912,"{""id"":""annotation_37daa1991fa15a6fecbb117fc8b904d715daf9656e94fe296d495b78c809f912"",""reifier"":{""kind"":""iri"",""value"":""https://blackcatinformatics.ca/gmeow/examples/claim-myth-propagation-001""},""predicate"":""https://blackcatinformatics.ca/gmeow/confidence"",""object"":{""kind"":""literal"",""lexical"":""0.78"",""datatype"":""http://www.w3.org/2001/XMLSchema#decimal"",""language"":null,""direction"":null},""graph"":{""kind"":""default""}}"
annotation,annotation_37dbbd6f008c32ffe4ecf6de94cf041391ae71fd774861f88cb153166fa2d07e,"{""id"":""annotation_37dbbd6f008c32ffe4ecf6de94cf041391ae71fd774861f88cb153166fa2d07e"",""reifier"":{""kind"":""iri"",""value"":""https://blackcatinformatics.ca/gmeow/examples/claim-event-fabrication-001""},""predicate"":""https://blackcatinformatics.ca/gmeow/confidence"",""object"":{""kind"":""literal"",""lexical"":""0.82"",""datatype"":""http://www.w3.org/2001/XMLSchema#decimal"",""language"":null,""direction"":null},""graph"":{""kind"":""default""}}"
annotation,annotation_37e18d9e42929e5de314141e7dcd1368c012b62778b3f47dc93db66d62dfbaef,"{""id"":""annotation_37e18d9e42929e5de314141e7dcd1368c012b62778b3f47dc93db66d62dfbaef"",""reifier"":{""kind"":""iri"",""value"":""https://blackcatinformatics.ca/gmeow/examples/claim-fabrication-projected-001""},""predicate"":""https://blackcatinformatics.ca/gmeow/confidence"",""object"":{""kind"":""literal"",""lexical"":""0.88"",""datatype"":""http://www.w3.org/2001/XMLSchema#decimal"",""language"":null,""direction"":null},""graph"":{""kind"":""default""}}"
annotation,annotation_38445b41be479500893e5336c90a8d473eb6de9bafc94f3edd9b7155d29ecc37,"{""id"":""annotation_38445b41be479500893e5336c90a8d473eb6de9bafc94f3edd9b7155d29ecc37"",""reifier"":{""kind"":""iri"",""value"":""https://blackcatinformatics.ca/gmeow/examples/claim-self-deception-roles-001""},""predicate"":""https://blackcatinformatics.ca/gmeow/confidence"",""object"":{""kind"":""literal"",""lexical"":""0.7"",""datatype"":""http://www.w3.org/2001/XMLSchema#decimal"",""language"":null,""direction"":null},""graph"":{""kind"":""default""}}"
annotation,annotation_3854b3731299237a15405faaa24a8bcdaf612cbc3ef9786c857fd43e4aec5ca7,"{""id"":""annotation_3854b3731299237a15405faaa24a8bcdaf612cbc3ef9786c857fd43e4aec5ca7"",""reifier"":{""kind"":""iri"",""value"":""https://blackcatinformatics.ca/gmeow/examples/claim-fabrication-verification-001""},""predicate"":""https://blackcatinformatics.ca/gmeow/accordingTo"",""object"":{""kind"":""iri"",""value"":""https://blackcatinformatics.ca/gmeow/examples/standpoint-verifier""},""graph"":{""kind"":""default""}}"
annotation,annotation_3880c6e37ae8bcceff1eb3e9f0f7f7812c83bf05c22aa251c3c758c581cb8e44,"{""id"":""annotation_3880c6e37ae8bcceff1eb3e9f0f7f7812c83bf05c22aa251c3c758c581cb8e44"",""reifier"":{""kind"":""iri"",""value"":""https://blackcatinformatics.ca/gmeow/examples/claim-disinformation-dupe-event-001""},""predicate"":""https://blackcatinformatics.ca/gmeow/accordingTo"",""object"":{""kind"":""iri"",""value"":""https://blackcatinformatics.ca/gmeow/examples/standpoint-investigator""},""graph"":{""kind"":""default""}}"
annotation,annotation_390b8224232efc2734fa4f4c521cb0284ca17ee3c95ed22d883e2adc041a6f12,"{""id"":""annotation_390b8224232efc2734fa4f4c521cb0284ca17ee3c95ed22d883e2adc041a6f12"",""reifier"":{""kind"":""iri"",""value"":""https://blackcatinformatics.ca/gmeow/examples/claim-alice-gender-001""},""predicate"":""https://blackcatinformatics.ca/gmeow/validFrom"",""object"":{""kind"":""literal"",""lexical"":""2019-06-01"",""datatype"":""http://www.w3.org/2001/XMLSchema#date"",""language"":null,""direction"":null},""graph"":{""kind"":""default""}}"
annotation,annotation_3919e308380494afefcd03230f5a77862bc6c94470c08129fba235941e76b2ba,"{""id"":""annotation_3919e308380494afefcd03230f5a77862bc6c94470c08129fba235941e76b2ba"",""reifier"":{""kind"":""iri"",""value"":""https://blackcatinformatics.ca/gmeow/examples/claim-self-deception-projected-modality-001""},""predicate"":""https://blackcatinformatics.ca/gmeow/assertedAt"",""object"":{""kind"":""literal"",""lexical"":""2026-06-06T00:00:00Z"",""datatype"":""http://www.w3.org/2001/XMLSchema#dateTime"",""language"":null,""direction"":null},""graph"":{""kind"":""default""}}"
annotation,annotation_39f8c599e3ddf3f9832361e2d494652a0705ec78f88cf5c1049c77ead18d488b,"{""id"":""annotation_39f8c599e3ddf3f9832361e2d494652a0705ec78f88cf5c1049c77ead18d488b"",""reifier"":{""kind"":""iri"",""value"":""https://blackcatinformatics.ca/gmeow/examples/claim-alice-gender-001""},""predicate"":""https://blackcatinformatics.ca/gmeow/confidence"",""object"":{""kind"":""literal"",""lexical"":""0.98"",""datatype"":""http://www.w3.org/2001/XMLSchema#decimal"",""language"":null,""direction"":null},""graph"":{""kind"":""default""}}"
annotation,annotation_3bd8add465d9bc89b328caa77c0c1adf81e9ee070e6321e222f7c0553ea90927,"{""id"":""annotation_3bd8add465d9bc89b328caa77c0c1adf81e9ee070e6321e222f7c0553ea90927"",""reifier"":{""kind"":""iri"",""value"":""https://blackcatinformatics.ca/gmeow/examples/claim-sockpuppet-counterpart-001""},""predicate"":""https://blackcatinformatics.ca/gmeow/accordingTo"",""object"":{""kind"":""iri"",""value"":""https://blackcatinformatics.ca/gmeow/examples/standpoint-investigator""},""graph"":{""kind"":""default""}}"
annotation,annotation_3be28cba9bd59c99d97f32838e17b133d1298ebfb4d02a2cda789e2f807ee373,"{""id"":""annotation_3be28cba9bd59c99d97f32838e17b133d1298ebfb4d02a2cda789e2f807ee373"",""reifier"":{""kind"":""iri"",""value"":""https://blackcatinformatics.ca/gmeow/examples/claim-lie-projected-modality-001""},""predicate"":""https://blackcatinformatics.ca/gmeow/confidence"",""object"":{""kind"":""literal"",""lexical"":""0.9"",""datatype"":""http://www.w3.org/2001/XMLSchema#decimal"",""language"":null,""direction"":null},""graph"":{""kind"":""default""}}"
annotation,annotation_3d3de4cf2cbebb81bad271556f466bcdf4a544d1c272bd0b40ec136844a8ea97,"{""id"":""annotation_3d3de4cf2cbebb81bad271556f466bcdf4a544d1c272bd0b40ec136844a8ea97"",""reifier"":{""kind"":""iri"",""value"":""https://blackcatinformatics.ca/gmeow/examples/claim-fiction-narrative-frame-001""},""predicate"":""https://blackcatinformatics.ca/gmeow/accordingTo"",""object"":{""kind"":""iri"",""value"":""https://blackcatinformatics.ca/gmeow/examples/standpoint-publisher""},""graph"":{""kind"":""default""}}"
annotation,annotation_3d6b893d874998a6c73e0ea4a4e9b403abfa653cca47a88af1755f4ca31dda2d,"{""id"":""annotation_3d6b893d874998a6c73e0ea4a4e9b403abfa653cca47a88af1755f4ca31dda2d"",""reifier"":{""kind"":""iri"",""value"":""https://blackcatinformatics.ca/gmeow/examples/claim-bullshit-projected-001""},""predicate"":""https://blackcatinformatics.ca/gmeow/confidence"",""object"":{""kind"":""literal"",""lexical"":""0.8"",""datatype"":""http://www.w3.org/2001/XMLSchema#decimal"",""language"":null,""direction"":null},""graph"":{""kind"":""default""}}"
annotation,annotation_3d812f17e24d08602ecc5e376d8efab68f88dc28d48c21c10238e031fa69fda6,"{""id"":""annotation_3d812f17e24d08602ecc5e376d8efab68f88dc28d48c21c10238e031fa69fda6"",""reifier"":{""kind"":""iri"",""value"":""https://blackcatinformatics.ca/gmeow/examples/claim-disinformation-downstream-projected-001""},""predicate"":""https://blackcatinformatics.ca/gmeow/assertedAt"",""object"":{""kind"":""literal"",""lexical"":""2026-06-11T00:00:00Z"",""datatype"":""http://www.w3.org/2001/XMLSchema#dateTime"",""language"":null,""direction"":null},""graph"":{""kind"":""default""}}"
annotation,annotation_402153cf9ff1c2e961d8fd94003f4ee41a67b48be18e1416517ae12f838e79ce,"{""id"":""annotation_402153cf9ff1c2e961d8fd94003f4ee41a67b48be18e1416517ae12f838e79ce"",""reifier"":{""kind"":""iri"",""value"":""https://blackcatinformatics.ca/gmeow/examples/claim-fabrication-projected-001""},""predicate"":""https://blackcatinformatics.ca/gmeow/assertedAt"",""object"":{""kind"":""literal"",""lexical"":""2026-06-08T00:00:00Z"",""datatype"":""http://www.w3.org/2001/XMLSchema#dateTime"",""language"":null,""direction"":null},""graph"":{""kind"":""default""}}"
annotation,annotation_403f1fec8ea03023713d8993837bb2a9cb3d9d18c9c02987d873666dc0f7ee99,"{""id"":""annotation_403f1fec8ea03023713d8993837bb2a9cb3d9d18c9c02987d873666dc0f7ee99"",""reifier"":{""kind"":""iri"",""value"":""https://blackcatinformatics.ca/gmeow/examples/claim-disinformation-dupe-projected-001""},""predicate"":""https://blackcatinformatics.ca/gmeow/confidence"",""object"":{""kind"":""literal"",""lexical"":""0.7"",""datatype"":""http://www.w3.org/2001/XMLSchema#decimal"",""language"":null,""direction"":null},""graph"":{""kind"":""default""}}"
annotation,annotation_4095f51dc07cd5a5ef7612503bac24b02a32ab2c01d1e78675a233a866644969,"{""id"":""annotation_4095f51dc07cd5a5ef7612503bac24b02a32ab2c01d1e78675a233a866644969"",""reifier"":{""kind"":""iri"",""value"":""https://blackcatinformatics.ca/gmeow/examples/claim-omission-held-modality-001""},""predicate"":""https://blackcatinformatics.ca/gmeow/assertedAt"",""object"":{""kind"":""literal"",""lexical"":""2026-06-03T00:00:00Z"",""datatype"":""http://www.w3.org/2001/XMLSchema#dateTime"",""language"":null,""direction"":null},""graph"":{""kind"":""default""}}"
annotation,annotation_40df084b4d6cb0c76bd7b55eaf5729bc0208efce06a0bdd49fd679d87b1baf69,"{""id"":""annotation_40df084b4d6cb0c76bd7b55eaf5729bc0208efce06a0bdd49fd679d87b1baf69"",""reifier"":{""kind"":""iri"",""value"":""https://blackcatinformatics.ca/gmeow/examples/claim-disinformation-dupe-held-001""},""predicate"":""https://blackcatinformatics.ca/gmeow/assertedAt"",""object"":{""kind"":""literal"",""lexical"":""2026-06-11T00:00:00Z"",""datatype"":""http://www.w3.org/2001/XMLSchema#dateTime"",""language"":null,""direction"":null},""graph"":{""kind"":""default""}}"
annotation,annotation_411a1e57e26a18dfcad1d271e4f797be208730647daf3e4e3fab3bfe5579917f,"{""id"":""annotation_411a1e57e26a18dfcad1d271e4f797be208730647daf3e4e3fab3bfe5579917f"",""reifier"":{""kind"":""iri"",""value"":""https://blackcatinformatics.ca/gmeow/examples/claim-forgery-implicates-work-001""},""predicate"":""https://blackcatinformatics.ca/gmeow/confidence"",""object"":{""kind"":""literal"",""lexical"":""0.85"",""datatype"":""http://www.w3.org/2001/XMLSchema#decimal"",""language"":null,""direction"":null},""graph"":{""kind"":""default""}}"
annotation,annotation_411d78e86b57e522a1a8d8958b6d76cad7dd671e144996044d30575a774d5e67,"{""id"":""annotation_411d78e86b57e522a1a8d8958b6d76cad7dd671e144996044d30575a774d5e67"",""reifier"":{""kind"":""iri"",""value"":""https://blackcatinformatics.ca/gmeow/examples/claim-distortion-held-001""},""predicate"":""https://blackcatinformatics.ca/gmeow/assertedAt"",""object"":{""kind"":""literal"",""lexical"":""2026-06-04T00:00:00Z"",""datatype"":""http://www.w3.org/2001/XMLSchema#dateTime"",""language"":null,""direction"":null},""graph"":{""kind"":""default""}}"
annotation,annotation_41ee7013e312bee8f32337f992c34d0f25ef92dfcd1168841cd1aaa3d007ee6e,"{""id"":""annotation_41ee7013e312bee8f32337f992c34d0f25ef92dfcd1168841cd1aaa3d007ee6e"",""reifier"":{""kind"":""iri"",""value"":""https://blackcatinformatics.ca/gmeow/examples/claim-disinformation-dupe-belief-modality-001""},""predicate"":""https://blackcatinformatics.ca/gmeow/accordingTo"",""object"":{""kind"":""iri"",""value"":""https://blackcatinformatics.ca/gmeow/examples/standpoint-dupe""},""graph"":{""kind"":""default""}}"
annotation,annotation_4258fada7d86645087e4098f139be1b86bf57f0c065652ff0342cd7fe2d25d55,"{""id"":""annotation_4258fada7d86645087e4098f139be1b86bf57f0c065652ff0342cd7fe2d25d55"",""reifier"":{""kind"":""iri"",""value"":""https://blackcatinformatics.ca/gmeow/examples/claim-alice-gender-001""},""predicate"":""https://blackcatinformatics.ca/gmeow/assertedAt"",""object"":{""kind"":""literal"",""lexical"":""2019-06-01T00:00:00Z"",""datatype"":""http://www.w3.org/2001/XMLSchema#dateTime"",""language"":null,""direction"":null},""graph"":{""kind"":""default""}}"
annotation,annotation_42d1cf490879bbe87f2c478ddfe8b42e0f21bcf5d296816fb76afdf9533fddce,"{""id"":""annotation_42d1cf490879bbe87f2c478ddfe8b42e0f21bcf5d296816fb76afdf9533fddce"",""reifier"":{""kind"":""iri"",""value"":""https://blackcatinformatics.ca/gmeow/examples/rights/claim-mark-holder-omega""},""predicate"":""https://blackcatinformatics.ca/gmeow/confidence"",""object"":{""kind"":""literal"",""lexical"":""0.6"",""datatype"":""http://www.w3.org/2001/XMLSchema#decimal"",""language"":null,""direction"":null},""graph"":{""kind"":""default""}}"
annotation,annotation_42ea2f2437a30a19be3eb47a3732344a3cb178cbb61a26d4ee264ac4765aa2a3,"{""id"":""annotation_42ea2f2437a30a19be3eb47a3732344a3cb178cbb61a26d4ee264ac4765aa2a3"",""reifier"":{""kind"":""iri"",""value"":""https://blackcatinformatics.ca/gmeow/examples/claim-disinformation-origin-deceiver-role-001""},""predicate"":""https://blackcatinformatics.ca/gmeow/assertedAt"",""object"":{""kind"":""literal"",""lexical"":""2026-06-11T00:00:00Z"",""datatype"":""http://www.w3.org/2001/XMLSchema#dateTime"",""language"":null,""direction"":null},""graph"":{""kind"":""default""}}"
annotation,annotation_431e01e77cb55c909a6818679871a017c9da4b6c6af6ca485c856b4091a3f326,"{""id"":""annotation_431e01e77cb55c909a6818679871a017c9da4b6c6af6ca485c856b4091a3f326"",""reifier"":{""kind"":""iri"",""value"":""https://blackcatinformatics.ca/gmeow/examples/claim-fiction-narrative-frame-001""},""predicate"":""https://blackcatinformatics.ca/gmeow/confidence"",""object"":{""kind"":""literal"",""lexical"":""0.95"",""datatype"":""http://www.w3.org/2001/XMLSchema#decimal"",""language"":null,""direction"":null},""graph"":{""kind"":""default""}}"
annotation,annotation_44119bd6cf7fe72775c4f92a2a66b12bf86455e9db70cae7f99e58e54826d936,"{""id"":""annotation_44119bd6cf7fe72775c4f92a2a66b12bf86455e9db70cae7f99e58e54826d936"",""reifier"":{""kind"":""iri"",""value"":""https://blackcatinformatics.ca/gmeow/examples/rights/claim-repo-spdx""},""predicate"":""https://blackcatinformatics.ca/gmeow/importanceLevel"",""object"":{""kind"":""literal"",""lexical"":""2"",""datatype"":""http://www.w3.org/2001/XMLSchema#integer"",""language"":null,""direction"":null},""graph"":{""kind"":""default""}}"
annotation,annotation_477a12c0b415625cbc56edaea2ca997b3abd52bf9de974f4b698405ae3d5c8a9,"{""id"":""annotation_477a12c0b415625cbc56edaea2ca997b3abd52bf9de974f4b698405ae3d5c8a9"",""reifier"":{""kind"":""iri"",""value"":""https://blackcatinformatics.ca/gmeow/examples/claim-event-forgery-001""},""predicate"":""https://blackcatinformatics.ca/gmeow/confidence"",""object"":{""kind"":""literal"",""lexical"":""0.85"",""datatype"":""http://www.w3.org/2001/XMLSchema#decimal"",""language"":null,""direction"":null},""graph"":{""kind"":""default""}}"
annotation,annotation_479bf2a97634d09b46126691744958dc482844109ed25f5851c197b31ac5524f,"{""id"":""annotation_479bf2a97634d09b46126691744958dc482844109ed25f5851c197b31ac5524f"",""reifier"":{""kind"":""iri"",""value"":""https://blackcatinformatics.ca/gmeow/examples/music/claim-greensleeves-henry-viii""},""predicate"":""https://blackcatinformatics.ca/gmeow/confidence"",""object"":{""kind"":""literal"",""lexical"":""0.6"",""datatype"":""http://www.w3.org/2001/XMLSchema#decimal"",""language"":null,""direction"":null},""graph"":{""kind"":""default""}}"
annotation,annotation_48bfacdae5faa0153cd5aa162fe323bf021b89cf2a92a1966dd6db1c3ecb6c65,"{""id"":""annotation_48bfacdae5faa0153cd5aa162fe323bf021b89cf2a92a1966dd6db1c3ecb6c65"",""reifier"":{""kind"":""iri"",""value"":""https://blackcatinformatics.ca/gmeow/examples/music/claim-spectral-key-refuted""},""predicate"":""https://blackcatinformatics.ca/gmeow/confidence"",""object"":{""kind"":""literal"",""lexical"":""0.9"",""datatype"":""http://www.w3.org/2001/XMLSchema#decimal"",""language"":null,""direction"":null},""graph"":{""kind"":""default""}}"
annotation,annotation_4a90b65611505650e3ff4369bfd117556093f8bdc1dd53d0fc211e3d26ed526b,"{""id"":""annotation_4a90b65611505650e3ff4369bfd117556093f8bdc1dd53d0fc211e3d26ed526b"",""reifier"":{""kind"":""iri"",""value"":""https://blackcatinformatics.ca/gmeow/examples/claim-date-julian-1582""},""predicate"":""https://blackcatinformatics.ca/gmeow/accordingTo"",""object"":{""kind"":""iri"",""value"":""https://blackcatinformatics.ca/gmeow/examples/standpoint-julian-historiography""},""graph"":{""kind"":""default""}}"
annotation,annotation_4ab873937d7d93c365ef1f6f52707e02f75e897cd531bf29406b2870e9dae2fd,"{""id"":""annotation_4ab873937d7d93c365ef1f6f52707e02f75e897cd531bf29406b2870e9dae2fd"",""reifier"":{""kind"":""iri"",""value"":""https://blackcatinformatics.ca/gmeow/examples/music/claim-ai-german-sixth""},""predicate"":""https://blackcatinformatics.ca/gmeow/standpointModality"",""object"":{""kind"":""iri"",""value"":""https://blackcatinformatics.ca/gmeow/unequivocal""},""graph"":{""kind"":""default""}}"
annotation,annotation_4c4ac1d9b2c396cecb52ebfbff6989be17144ed437937ab2aa8a96812265ee40,"{""id"":""annotation_4c4ac1d9b2c396cecb52ebfbff6989be17144ed437937ab2aa8a96812265ee40"",""reifier"":{""kind"":""iri"",""value"":""https://blackcatinformatics.ca/gmeow/examples/claim-event-fabrication-001""},""predicate"":""https://blackcatinformatics.ca/gmeow/assertedAt"",""object"":{""kind"":""literal"",""lexical"":""2026-06-08T00:00:00Z"",""datatype"":""http://www.w3.org/2001/XMLSchema#dateTime"",""language"":null,""direction"":null},""graph"":{""kind"":""default""}}"
annotation,annotation_4d98970589ad5f1e0012849703ed4f321241d737db00466cd13ebb221d34a20b,"{""id"":""annotation_4d98970589ad5f1e0012849703ed4f321241d737db00466cd13ebb221d34a20b"",""reifier"":{""kind"":""iri"",""value"":""https://blackcatinformatics.ca/gmeow/examples/claim-bullshit-held-modality-001""},""predicate"":""https://blackcatinformatics.ca/gmeow/accordingTo"",""object"":{""kind"":""iri"",""value"":""https://blackcatinformatics.ca/gmeow/examples/standpoint-analyst""},""graph"":{""kind"":""default""}}"
annotation,annotation_4dbca6cf380ed40288d0b4ee3e6eba12edac8bf75560ab68e0093feacd526dd0,"{""id"":""annotation_4dbca6cf380ed40288d0b4ee3e6eba12edac8bf75560ab68e0093feacd526dd0"",""reifier"":{""kind"":""iri"",""value"":""https://blackcatinformatics.ca/gmeow/examples/claim-held-001""},""predicate"":""https://blackcatinformatics.ca/gmeow/assertedAt"",""object"":{""kind"":""literal"",""lexical"":""2026-01-15T00:00:00Z"",""datatype"":""http://www.w3.org/2001/XMLSchema#dateTime"",""language"":null,""direction"":null},""graph"":{""kind"":""default""}}"
annotation,annotation_4f1b4dd63be109947fc7f029a5374412495a3a6b1a191bf919600b1e08dd6e78,"{""id"":""annotation_4f1b4dd63be109947fc7f029a5374412495a3a6b1a191bf919600b1e08dd6e78"",""reifier"":{""kind"":""iri"",""value"":""https://blackcatinformatics.ca/gmeow/examples/claim-event-bullshit-001""},""predicate"":""https://blackcatinformatics.ca/gmeow/confidence"",""object"":{""kind"":""literal"",""lexical"":""0.72"",""datatype"":""http://www.w3.org/2001/XMLSchema#decimal"",""language"":null,""direction"":null},""graph"":{""kind"":""default""}}"
annotation,annotation_4f3781997f8bd7ece1dce1f6295171f0f24fe8b714ec837c80867279096a11c9,"{""id"":""annotation_4f3781997f8bd7ece1dce1f6295171f0f24fe8b714ec837c80867279096a11c9"",""reifier"":{""kind"":""iri"",""value"":""https://blackcatinformatics.ca/gmeow/examples/claim-impersonation-projected-001""},""predicate"":""https://blackcatinformatics.ca/gmeow/assertedAt"",""object"":{""kind"":""literal"",""lexical"":""2026-06-10T00:00:00Z"",""datatype"":""http://www.w3.org/2001/XMLSchema#dateTime"",""language"":null,""direction"":null},""graph"":{""kind"":""default""}}"
annotation,annotation_5129a63dae0663d31554ccb56ded2602829063c3c7ce6a0642595cf625608790,"{""id"":""annotation_5129a63dae0663d31554ccb56ded2602829063c3c7ce6a0642595cf625608790"",""reifier"":{""kind"":""iri"",""value"":""https://blackcatinformatics.ca/gmeow/examples/claim-bullshit-001""},""predicate"":""https://blackcatinformatics.ca/gmeow/accordingTo"",""object"":{""kind"":""iri"",""value"":""https://blackcatinformatics.ca/gmeow/examples/standpoint-analyst""},""graph"":{""kind"":""default""}}"
annotation,annotation_51911cadd95a5c15bd2288550c4e50efb50b460a4640e5d534e6ef9067629132,"{""id"":""annotation_51911cadd95a5c15bd2288550c4e50efb50b460a4640e5d534e6ef9067629132"",""reifier"":{""kind"":""iri"",""value"":""https://blackcatinformatics.ca/gmeow/examples/claim-forgery-projected-001""},""predicate"":""https://blackcatinformatics.ca/gmeow/assertedAt"",""object"":{""kind"":""literal"",""lexical"":""2026-06-09T00:00:00Z"",""datatype"":""http://www.w3.org/2001/XMLSchema#dateTime"",""language"":null,""direction"":null},""graph"":{""kind"":""default""}}"
annotation,annotation_526556fba9463ec18a66726fb8de1a66b513b411bdef7a5a4b0752d7b4e60a4b,"{""id"":""annotation_526556fba9463ec18a66726fb8de1a66b513b411bdef7a5a4b0752d7b4e60a4b"",""reifier"":{""kind"":""iri"",""value"":""https://blackcatinformatics.ca/gmeow/examples/claim-fiction-veridicality-001""},""predicate"":""https://blackcatinformatics.ca/gmeow/assertedAt"",""object"":{""kind"":""literal"",""lexical"":""2026-06-07T00:00:00Z"",""datatype"":""http://www.w3.org/2001/XMLSchema#dateTime"",""language"":null,""direction"":null},""graph"":{""kind"":""default""}}"
annotation,annotation_539505ceeab12f7a8755fc704979631492db91ea9e0377aceafc97669d1551d3,"{""id"":""annotation_539505ceeab12f7a8755fc704979631492db91ea9e0377aceafc97669d1551d3"",""reifier"":{""kind"":""iri"",""value"":""https://blackcatinformatics.ca/gmeow/examples/claim-event-lie-001""},""predicate"":""https://blackcatinformatics.ca/gmeow/accordingTo"",""object"":{""kind"":""iri"",""value"":""https://blackcatinformatics.ca/gmeow/examples/standpoint-investigator""},""graph"":{""kind"":""default""}}"
annotation,annotation_539f9856807fd16cb4dc42a54ce9914e0073e93121cd750b21c65d9a234ff786,"{""id"":""annotation_539f9856807fd16cb4dc42a54ce9914e0073e93121cd750b21c65d9a234ff786"",""reifier"":{""kind"":""iri"",""value"":""https://blackcatinformatics.ca/gmeow/examples/claim-disinformation-dupe-telling-001""},""predicate"":""https://blackcatinformatics.ca/gmeow/accordingTo"",""object"":{""kind"":""iri"",""value"":""https://blackcatinformatics.ca/gmeow/examples/standpoint-investigator""},""graph"":{""kind"":""default""}}"
annotation,annotation_552f5deca6836fe331bc93bd18b467592ce681a42028a5b02b2f99f6231f11e0,"{""id"":""annotation_552f5deca6836fe331bc93bd18b467592ce681a42028a5b02b2f99f6231f11e0"",""reifier"":{""kind"":""iri"",""value"":""https://blackcatinformatics.ca/gmeow/examples/claim-forgery-counterpart-001""},""predicate"":""https://blackcatinformatics.ca/gmeow/confidence"",""object"":{""kind"":""literal"",""lexical"":""0.85"",""datatype"":""http://www.w3.org/2001/XMLSchema#decimal"",""language"":null,""direction"":null},""graph"":{""kind"":""default""}}"
annotation,annotation_568542e013845ee8c20b584057f217f7accef99dc44391f427930114642d2b80,"{""id"":""annotation_568542e013845ee8c20b584057f217f7accef99dc44391f427930114642d2b80"",""reifier"":{""kind"":""iri"",""value"":""https://blackcatinformatics.ca/gmeow/examples/rights/claim-photo-license""},""predicate"":""https://blackcatinformatics.ca/gmeow/confidence"",""object"":{""kind"":""literal"",""lexical"":""0.95"",""datatype"":""http://www.w3.org/2001/XMLSchema#decimal"",""language"":null,""direction"":null},""graph"":{""kind"":""default""}}"
annotation,annotation_5698eed4aa2503710a04f7d8c0c7d95f6519bd8d0222509bd5778cd1af3a203a,"{""id"":""annotation_5698eed4aa2503710a04f7d8c0c7d95f6519bd8d0222509bd5778cd1af3a203a"",""reifier"":{""kind"":""iri"",""value"":""https://blackcatinformatics.ca/gmeow/examples/claim-factcheck-001""},""predicate"":""https://blackcatinformatics.ca/gmeow/accordingTo"",""object"":{""kind"":""iri"",""value"":""https://blackcatinformatics.ca/gmeow/examples/standpoint-factchecker""},""graph"":{""kind"":""default""}}"
annotation,annotation_56b30e903afd0ba433457af3110966fbd9f115d2210eebbb0cfd7b83cf2a9501,"{""id"":""annotation_56b30e903afd0ba433457af3110966fbd9f115d2210eebbb0cfd7b83cf2a9501"",""reifier"":{""kind"":""iri"",""value"":""https://blackcatinformatics.ca/gmeow/examples/claim-forgery-signature-fail-001""},""predicate"":""https://blackcatinformatics.ca/gmeow/accordingTo"",""object"":{""kind"":""iri"",""value"":""https://blackcatinformatics.ca/gmeow/examples/standpoint-verifier""},""graph"":{""kind"":""default""}}"
annotation,annotation_56cdd0f9a7ae19ef0a2a3dbd2be3e574cb86fbe07e7f9a7df3bc03bc858e8e14,"{""id"":""annotation_56cdd0f9a7ae19ef0a2a3dbd2be3e574cb86fbe07e7f9a7df3bc03bc858e8e14"",""reifier"":{""kind"":""iri"",""value"":""https://blackcatinformatics.ca/gmeow/examples/claim-forgery-signature-fail-001""},""predicate"":""https://blackcatinformatics.ca/gmeow/confidence"",""object"":{""kind"":""literal"",""lexical"":""0.92"",""datatype"":""http://www.w3.org/2001/XMLSchema#decimal"",""language"":null,""direction"":null},""graph"":{""kind"":""default""}}"
annotation,annotation_572e0903df3ba328d2ff419b06016ce494e88ae28da32e2021c07dee9edeaef4,"{""id"":""annotation_572e0903df3ba328d2ff419b06016ce494e88ae28da32e2021c07dee9edeaef4"",""reifier"":{""kind"":""iri"",""value"":""https://blackcatinformatics.ca/gmeow/examples/claim-self-deception-roles-001""},""predicate"":""https://blackcatinformatics.ca/gmeow/assertedAt"",""object"":{""kind"":""literal"",""lexical"":""2026-06-06T00:00:00Z"",""datatype"":""http://www.w3.org/2001/XMLSchema#dateTime"",""language"":null,""direction"":null},""graph"":{""kind"":""default""}}"
annotation,annotation_57e60d41a130bef8228e30918c5e46a6f0dcdd751507e252f925cf9974771bf1,"{""id"":""annotation_57e60d41a130bef8228e30918c5e46a6f0dcdd751507e252f925cf9974771bf1"",""reifier"":{""kind"":""iri"",""value"":""https://blackcatinformatics.ca/gmeow/examples/ai/claim-east-wing-close""},""predicate"":""https://blackcatinformatics.ca/gmeow/accordingTo"",""object"":{""kind"":""iri"",""value"":""https://blackcatinformatics.ca/gmeow/examples/ai/assistant""},""graph"":{""kind"":""default""}}"
annotation,annotation_581337b339b8b49a56d2d0421e8207b2e562baca595618b033b1c47cc94ddf6f,"{""id"":""annotation_581337b339b8b49a56d2d0421e8207b2e562baca595618b033b1c47cc94ddf6f"",""reifier"":{""kind"":""iri"",""value"":""https://blackcatinformatics.ca/gmeow/examples/claim-held-001""},""predicate"":""https://blackcatinformatics.ca/gmeow/confidence"",""object"":{""kind"":""literal"",""lexical"":""0.75"",""datatype"":""http://www.w3.org/2001/XMLSchema#decimal"",""language"":null,""direction"":null},""graph"":{""kind"":""default""}}"
annotation,annotation_58e10aaadb734de65675384cc5565ddfc491d70a5709d8de061dc519b8e716c6,"{""id"":""annotation_58e10aaadb734de65675384cc5565ddfc491d70a5709d8de061dc519b8e716c6"",""reifier"":{""kind"":""iri"",""value"":""https://blackcatinformatics.ca/gmeow/examples/claim-fabrication-verification-001""},""predicate"":""https://blackcatinformatics.ca/gmeow/confidence"",""object"":{""kind"":""literal"",""lexical"":""0.9"",""datatype"":""http://www.w3.org/2001/XMLSchema#decimal"",""language"":null,""direction"":null},""graph"":{""kind"":""default""}}"
annotation,annotation_58e62bcf406cf4de40079b7f7158883523e356e224837a847f58b4e7845dd124,"{""id"":""annotation_58e62bcf406cf4de40079b7f7158883523e356e224837a847f58b4e7845dd124"",""reifier"":{""kind"":""iri"",""value"":""https://blackcatinformatics.ca/gmeow/examples/music/claim-ai-german-sixth""},""predicate"":""https://blackcatinformatics.ca/gmeow/assertedAt"",""object"":{""kind"":""literal"",""lexical"":""2026-06-14T00:00:00Z"",""datatype"":""http://www.w3.org/2001/XMLSchema#dateTime"",""language"":null,""direction"":null},""graph"":{""kind"":""default""}}"
annotation,annotation_59b2bed6355806653847ee83aabb8f3caf5f3e63567c9fc75e6e2a1b07a9dbfa,"{""id"":""annotation_59b2bed6355806653847ee83aabb8f3caf5f3e63567c9fc75e6e2a1b07a9dbfa"",""reifier"":{""kind"":""iri"",""value"":""https://blackcatinformatics.ca/gmeow/examples/claim-disinformation-origin-intent-001""},""predicate"":""https://blackcatinformatics.ca/gmeow/accordingTo"",""object"":{""kind"":""iri"",""value"":""https://blackcatinformatics.ca/gmeow/examples/standpoint-investigator""},""graph"":{""kind"":""default""}}"
annotation,annotation_59e6441b726a139708dbfb9fb69d4ab8b8621f7b53b2e89649ce0e06970ee533,"{""id"":""annotation_59e6441b726a139708dbfb9fb69d4ab8b8621f7b53b2e89649ce0e06970ee533"",""reifier"":{""kind"":""iri"",""value"":""https://blackcatinformatics.ca/gmeow/examples/claim-fabrication-projected-modality-001""},""predicate"":""https://blackcatinformatics.ca/gmeow/accordingTo"",""object"":{""kind"":""iri"",""value"":""https://blackcatinformatics.ca/gmeow/examples/standpoint-forger""},""graph"":{""kind"":""default""}}"
annotation,annotation_5aa030da7aae7116a85b1319c93ccec3c0eccd8cbd26732410a597b28147e70a,"{""id"":""annotation_5aa030da7aae7116a85b1319c93ccec3c0eccd8cbd26732410a597b28147e70a"",""reifier"":{""kind"":""iri"",""value"":""https://blackcatinformatics.ca/gmeow/examples/claim-impersonation-implicates-001""},""predicate"":""https://blackcatinformatics.ca/gmeow/accordingTo"",""object"":{""kind"":""iri"",""value"":""https://blackcatinformatics.ca/gmeow/examples/standpoint-investigator""},""graph"":{""kind"":""default""}}"
annotation,annotation_5b20892588a11412038645cd9d4aea395454b867194a54647e872103cff354c3,"{""id"":""annotation_5b20892588a11412038645cd9d4aea395454b867194a54647e872103cff354c3"",""reifier"":{""kind"":""iri"",""value"":""https://blackcatinformatics.ca/gmeow/examples/claim-disinformation-origin-projected-001""},""predicate"":""https://blackcatinformatics.ca/gmeow/assertedAt"",""object"":{""kind"":""literal"",""lexical"":""2026-06-11T00:00:00Z"",""datatype"":""http://www.w3.org/2001/XMLSchema#dateTime"",""language"":null,""direction"":null},""graph"":{""kind"":""default""}}"
annotation,annotation_5b97c02f8755198a6b2acd34c6b46b3dc60dfee571cc98a8781eae2ecaf4f3ae,"{""id"":""annotation_5b97c02f8755198a6b2acd34c6b46b3dc60dfee571cc98a8781eae2ecaf4f3ae"",""reifier"":{""kind"":""iri"",""value"":""https://blackcatinformatics.ca/gmeow/examples/claim-impersonation-held-modality-001""},""predicate"":""https://blackcatinformatics.ca/gmeow/assertedAt"",""object"":{""kind"":""literal"",""lexical"":""2026-06-10T00:00:00Z"",""datatype"":""http://www.w3.org/2001/XMLSchema#dateTime"",""language"":null,""direction"":null},""graph"":{""kind"":""default""}}"
annotation,annotation_5cbe2bf9707f0211731be8cf197dbc7e4486c96ccd9de7a2eb1576eb0ea3f098,"{""id"":""annotation_5cbe2bf9707f0211731be8cf197dbc7e4486c96ccd9de7a2eb1576eb0ea3f098"",""reifier"":{""kind"":""iri"",""value"":""https://blackcatinformatics.ca/gmeow/examples/claim-disinformation-downstream-telling-001""},""predicate"":""https://blackcatinformatics.ca/gmeow/accordingTo"",""object"":{""kind"":""iri"",""value"":""https://blackcatinformatics.ca/gmeow/examples/standpoint-investigator""},""graph"":{""kind"":""default""}}"
annotation,annotation_5ce8d2d889efaa3309a72115ab62383b493d741d97e878160216a6372166f2bf,"{""id"":""annotation_5ce8d2d889efaa3309a72115ab62383b493d741d97e878160216a6372166f2bf"",""reifier"":{""kind"":""iri"",""value"":""https://blackcatinformatics.ca/gmeow/examples/claim-distortion-projected-modality-001""},""predicate"":""https://blackcatinformatics.ca/gmeow/accordingTo"",""object"":{""kind"":""iri"",""value"":""https://blackcatinformatics.ca/gmeow/examples/standpoint-spin-doctor""},""graph"":{""kind"":""default""}}"
annotation,annotation_5d5f968f015b70b66c82c9918b6e56c2f4f4e36550d0e3b51188d21bad5df3c9,"{""id"":""annotation_5d5f968f015b70b66c82c9918b6e56c2f4f4e36550d0e3b51188d21bad5df3c9"",""reifier"":{""kind"":""iri"",""value"":""https://blackcatinformatics.ca/gmeow/examples/music/claim-bar17-meter-4_4-plus-3_8""},""predicate"":""https://blackcatinformatics.ca/gmeow/confidence"",""object"":{""kind"":""literal"",""lexical"":""0.8"",""datatype"":""http://www.w3.org/2001/XMLSchema#decimal"",""language"":null,""direction"":null},""graph"":{""kind"":""default""}}"
annotation,annotation_5eae284180170d45dde88b64fbec97988d819f21a20ca969511835cc9e86c84f,"{""id"":""annotation_5eae284180170d45dde88b64fbec97988d819f21a20ca969511835cc9e86c84f"",""reifier"":{""kind"":""iri"",""value"":""https://blackcatinformatics.ca/gmeow/examples/claim-impersonation-held-modality-001""},""predicate"":""https://blackcatinformatics.ca/gmeow/confidence"",""object"":{""kind"":""literal"",""lexical"":""0.78"",""datatype"":""http://www.w3.org/2001/XMLSchema#decimal"",""language"":null,""direction"":null},""graph"":{""kind"":""default""}}"
annotation,annotation_6099e0facd985571bdeed9c52b6e0e363347f50b6b23499d6729ba968a51ede3,"{""id"":""annotation_6099e0facd985571bdeed9c52b6e0e363347f50b6b23499d6729ba968a51ede3"",""reifier"":{""kind"":""iri"",""value"":""https://blackcatinformatics.ca/gmeow/examples/claim-alice-birthdate""},""predicate"":""https://blackcatinformatics.ca/gmeow/confidence"",""object"":{""kind"":""literal"",""lexical"":""0.9"",""datatype"":""http://www.w3.org/2001/XMLSchema#decimal"",""language"":null,""direction"":null},""graph"":{""kind"":""default""}}"
annotation,annotation_61e1623e215302c2181f3bf880e06fcfac814ff7bb351b67ba8d8ec33c3e0aab,"{""id"":""annotation_61e1623e215302c2181f3bf880e06fcfac814ff7bb351b67ba8d8ec33c3e0aab"",""reifier"":{""kind"":""iri"",""value"":""https://blackcatinformatics.ca/gmeow/examples/claim-myth-propagation-001""},""predicate"":""https://blackcatinformatics.ca/gmeow/assertedAt"",""object"":{""kind"":""literal"",""lexical"":""2026-05-10T00:00:00Z"",""datatype"":""http://www.w3.org/2001/XMLSchema#dateTime"",""language"":null,""direction"":null},""graph"":{""kind"":""default""}}"
annotation,annotation_621824b8e21f51c22f0297c590b4b3e6acec212b043e88ab4c5da406caa9fbef,"{""id"":""annotation_621824b8e21f51c22f0297c590b4b3e6acec212b043e88ab4c5da406caa9fbef"",""reifier"":{""kind"":""iri"",""value"":""https://blackcatinformatics.ca/gmeow/examples/music/claim-not-math-rock-band""},""predicate"":""https://blackcatinformatics.ca/gmeow/accordingTo"",""object"":{""kind"":""iri"",""value"":""https://blackcatinformatics.ca/gmeow/examples/music/standpoint-the-band""},""graph"":{""kind"":""default""}}"
annotation,annotation_62eed06536feaade912e01455d158aec12b11192164d7b0db2495868a44c0fa6,"{""id"":""annotation_62eed06536feaade912e01455d158aec12b11192164d7b0db2495868a44c0fa6"",""reifier"":{""kind"":""iri"",""value"":""https://blackcatinformatics.ca/gmeow/examples/claim-disinformation-origin-held-modality-001""},""predicate"":""https://blackcatinformatics.ca/gmeow/accordingTo"",""object"":{""kind"":""iri"",""value"":""https://blackcatinformatics.ca/gmeow/examples/standpoint-investigator""},""graph"":{""kind"":""default""}}"
annotation,annotation_640902ff4d3cd6c8417f4265e3bcd56c86272b8b1c97102ad5372641e7b8ab51,"{""id"":""annotation_640902ff4d3cd6c8417f4265e3bcd56c86272b8b1c97102ad5372641e7b8ab51"",""reifier"":{""kind"":""iri"",""value"":""https://blackcatinformatics.ca/gmeow/examples/claim-forgery-implicates-work-001""},""predicate"":""https://blackcatinformatics.ca/gmeow/accordingTo"",""object"":{""kind"":""iri"",""value"":""https://blackcatinformatics.ca/gmeow/examples/standpoint-investigator""},""graph"":{""kind"":""default""}}"
annotation,annotation_6435a8b298ba805f03a031a21c8a2ebcccb704d3ec3e3cee090b38874511b093,"{""id"":""annotation_6435a8b298ba805f03a031a21c8a2ebcccb704d3ec3e3cee090b38874511b093"",""reifier"":{""kind"":""iri"",""value"":""https://blackcatinformatics.ca/gmeow/examples/claim-impersonation-projected-modality-001""},""predicate"":""https://blackcatinformatics.ca/gmeow/assertedAt"",""object"":{""kind"":""literal"",""lexical"":""2026-06-10T00:00:00Z"",""datatype"":""http://www.w3.org/2001/XMLSchema#dateTime"",""language"":null,""direction"":null},""graph"":{""kind"":""default""}}"
annotation,annotation_6482bae21c310c37b4802dfa6871cc5b89d04dde059abc23c43d808c5c2e9a6f,"{""id"":""annotation_6482bae21c310c37b4802dfa6871cc5b89d04dde059abc23c43d808c5c2e9a6f"",""reifier"":{""kind"":""iri"",""value"":""https://blackcatinformatics.ca/gmeow/examples/claim-distortion-projected-001""},""predicate"":""https://blackcatinformatics.ca/gmeow/confidence"",""object"":{""kind"":""literal"",""lexical"":""0.85"",""datatype"":""http://www.w3.org/2001/XMLSchema#decimal"",""language"":null,""direction"":null},""graph"":{""kind"":""default""}}"
annotation,annotation_64b8d4ba8bc6f5626434dab1db4e062750e8125d32707e064ceffd3d22ecd817,"{""id"":""annotation_64b8d4ba8bc6f5626434dab1db4e062750e8125d32707e064ceffd3d22ecd817"",""reifier"":{""kind"":""iri"",""value"":""https://blackcatinformatics.ca/gmeow/examples/claim-forgery-counterpart-001""},""predicate"":""https://blackcatinformatics.ca/gmeow/assertedAt"",""object"":{""kind"":""literal"",""lexical"":""2026-06-09T00:00:00Z"",""datatype"":""http://www.w3.org/2001/XMLSchema#dateTime"",""language"":null,""direction"":null},""graph"":{""kind"":""default""}}"
annotation,annotation_64d3385cc84270a14fea6b7f9f4b754cb0a3c8f8cd1266729cf087501e2d4301,"{""id"":""annotation_64d3385cc84270a14fea6b7f9f4b754cb0a3c8f8cd1266729cf087501e2d4301"",""reifier"":{""kind"":""iri"",""value"":""https://blackcatinformatics.ca/gmeow/examples/claim-fabrication-held-001""},""predicate"":""https://blackcatinformatics.ca/gmeow/confidence"",""object"":{""kind"":""literal"",""lexical"":""0.75"",""datatype"":""http://www.w3.org/2001/XMLSchema#decimal"",""language"":null,""direction"":null},""graph"":{""kind"":""default""}}"
annotation,annotation_64eb16f07e4310ba62768cb5f9fd2b20d91bb896e5620f35e8cad1d8d081d967,"{""id"":""annotation_64eb16f07e4310ba62768cb5f9fd2b20d91bb896e5620f35e8cad1d8d081d967"",""reifier"":{""kind"":""iri"",""value"":""https://blackcatinformatics.ca/gmeow/examples/claim-self-deception-projected-001""},""predicate"":""https://blackcatinformatics.ca/gmeow/confidence"",""object"":{""kind"":""literal"",""lexical"":""0.75"",""datatype"":""http://www.w3.org/2001/XMLSchema#decimal"",""language"":null,""direction"":null},""graph"":{""kind"":""default""}}"
annotation,annotation_6536b94b69ecb7478ba67baa56b3a7e0cdaade8813f89047e1718cb0b6b5bae8,"{""id"":""annotation_6536b94b69ecb7478ba67baa56b3a7e0cdaade8813f89047e1718cb0b6b5bae8"",""reifier"":{""kind"":""iri"",""value"":""https://blackcatinformatics.ca/gmeow/examples/claim-territory-1850-per-2025-historiography""},""predicate"":""https://blackcatinformatics.ca/gmeow/validUntil"",""object"":{""kind"":""literal"",""lexical"":""1860-12-31T00:00:00Z"",""datatype"":""http://www.w3.org/2001/XMLSchema#dateTime"",""language"":null,""direction"":null},""graph"":{""kind"":""default""}}"
annotation,annotation_65530008ac6d5677cbc32db7ad51ada66b7c13215afcf960fe4b85091c24ce87,"{""id"":""annotation_65530008ac6d5677cbc32db7ad51ada66b7c13215afcf960fe4b85091c24ce87"",""reifier"":{""kind"":""iri"",""value"":""https://blackcatinformatics.ca/gmeow/examples/claim-disinformation-dupe-participant-001""},""predicate"":""https://blackcatinformatics.ca/gmeow/confidence"",""object"":{""kind"":""literal"",""lexical"":""0.75"",""datatype"":""http://www.w3.org/2001/XMLSchema#decimal"",""language"":null,""direction"":null},""graph"":{""kind"":""default""}}"
annotation,annotation_65b8cf1283fabb4e2406ccf7fff6ede680719c0ed5b6c4a5acb1d80c2da262e3,"{""id"":""annotation_65b8cf1283fabb4e2406ccf7fff6ede680719c0ed5b6c4a5acb1d80c2da262e3"",""reifier"":{""kind"":""iri"",""value"":""https://blackcatinformatics.ca/gmeow/examples/claim-projected-001""},""predicate"":""https://blackcatinformatics.ca/gmeow/assertedAt"",""object"":{""kind"":""literal"",""lexical"":""2026-01-15T00:00:00Z"",""datatype"":""http://www.w3.org/2001/XMLSchema#dateTime"",""language"":null,""direction"":null},""graph"":{""kind"":""default""}}"
annotation,annotation_65f525ea738f515cdff65a85623261b7ffe2a1aae0060162f12fd74cbe3d098b,"{""id"":""annotation_65f525ea738f515cdff65a85623261b7ffe2a1aae0060162f12fd74cbe3d098b"",""reifier"":{""kind"":""iri"",""value"":""https://blackcatinformatics.ca/gmeow/examples/claim-event-lie-001""},""predicate"":""https://blackcatinformatics.ca/gmeow/confidence"",""object"":{""kind"":""literal"",""lexical"":""0.88"",""datatype"":""http://www.w3.org/2001/XMLSchema#decimal"",""language"":null,""direction"":null},""graph"":{""kind"":""default""}}"
annotation,annotation_661ca8b9bdc68c8773a732abfdb8a1d9a4bf9513ff55ce9fd22cdd8bf7889b8c,"{""id"":""annotation_661ca8b9bdc68c8773a732abfdb8a1d9a4bf9513ff55ce9fd22cdd8bf7889b8c"",""reifier"":{""kind"":""iri"",""value"":""https://blackcatinformatics.ca/gmeow/examples/claim-date-julian-1582""},""predicate"":""https://blackcatinformatics.ca/gmeow/confidence"",""object"":{""kind"":""literal"",""lexical"":""0.95"",""datatype"":""http://www.w3.org/2001/XMLSchema#decimal"",""language"":null,""direction"":null},""graph"":{""kind"":""default""}}"
annotation,annotation_661d5207cac6a2b591554b0bd3a558790399f3e0e69ed6ea1c300a7933856194,"{""id"":""annotation_661d5207cac6a2b591554b0bd3a558790399f3e0e69ed6ea1c300a7933856194"",""reifier"":{""kind"":""iri"",""value"":""https://blackcatinformatics.ca/gmeow/examples/claim-disinformation-downstream-event-001""},""predicate"":""https://blackcatinformatics.ca/gmeow/confidence"",""object"":{""kind"":""literal"",""lexical"":""0.6"",""datatype"":""http://www.w3.org/2001/XMLSchema#decimal"",""language"":null,""direction"":null},""graph"":{""kind"":""default""}}"
annotation,annotation_66af8522d4be8a593e689693bcdf77f985ed537bca65272ba3dab5122558424b,"{""id"":""annotation_66af8522d4be8a593e689693bcdf77f985ed537bca65272ba3dab5122558424b"",""reifier"":{""kind"":""iri"",""value"":""https://blackcatinformatics.ca/gmeow/examples/claim-fabrication-held-001""},""predicate"":""https://blackcatinformatics.ca/gmeow/assertedAt"",""object"":{""kind"":""literal"",""lexical"":""2026-06-08T00:00:00Z"",""datatype"":""http://www.w3.org/2001/XMLSchema#dateTime"",""language"":null,""direction"":null},""graph"":{""kind"":""default""}}"
annotation,annotation_67471c4724b7154ac9c01b27cc9e02cf28d07a55411c9d871d0924a8937f39fd,"{""id"":""annotation_67471c4724b7154ac9c01b27cc9e02cf28d07a55411c9d871d0924a8937f39fd"",""reifier"":{""kind"":""iri"",""value"":""https://blackcatinformatics.ca/gmeow/examples/claim-forgery-projected-001""},""predicate"":""https://blackcatinformatics.ca/gmeow/confidence"",""object"":{""kind"":""literal"",""lexical"":""0.9"",""datatype"":""http://www.w3.org/2001/XMLSchema#decimal"",""language"":null,""direction"":null},""graph"":{""kind"":""default""}}"
annotation,annotation_691c0d6862289f889c965c09b40257c31ca1094a1d1af662ac451aae9875a2af,"{""id"":""annotation_691c0d6862289f889c965c09b40257c31ca1094a1d1af662ac451aae9875a2af"",""reifier"":{""kind"":""iri"",""value"":""https://blackcatinformatics.ca/gmeow/examples/claim-event-paltering-001""},""predicate"":""https://blackcatinformatics.ca/gmeow/assertedAt"",""object"":{""kind"":""literal"",""lexical"":""2026-06-02T00:00:00Z"",""datatype"":""http://www.w3.org/2001/XMLSchema#dateTime"",""language"":null,""direction"":null},""graph"":{""kind"":""default""}}"
annotation,annotation_6f34d4e493ba9367d11bd37e203dde53d586054abaa26b827ad7a97545b0ed24,"{""id"":""annotation_6f34d4e493ba9367d11bd37e203dde53d586054abaa26b827ad7a97545b0ed24"",""reifier"":{""kind"":""iri"",""value"":""https://blackcatinformatics.ca/gmeow/examples/claim-disinformation-origin-held-001""},""predicate"":""https://blackcatinformatics.ca/gmeow/assertedAt"",""object"":{""kind"":""literal"",""lexical"":""2026-06-11T00:00:00Z"",""datatype"":""http://www.w3.org/2001/XMLSchema#dateTime"",""language"":null,""direction"":null},""graph"":{""kind"":""default""}}"
annotation,annotation_6f5a27301ac6dd6a96b3c3fbcdbba4f6883013995142f91c39e56931edd6f462,"{""id"":""annotation_6f5a27301ac6dd6a96b3c3fbcdbba4f6883013995142f91c39e56931edd6f462"",""reifier"":{""kind"":""iri"",""value"":""https://blackcatinformatics.ca/gmeow/examples/claim-forgery-signature-of-001""},""predicate"":""https://blackcatinformatics.ca/gmeow/confidence"",""object"":{""kind"":""literal"",""lexical"":""0.95"",""datatype"":""http://www.w3.org/2001/XMLSchema#decimal"",""language"":null,""direction"":null},""graph"":{""kind"":""default""}}"
annotation,annotation_6f7eb8bc50619ce2b6c1d7c495826fe00fbcb2b4573c6dda04d7f7a806a4b61b,"{""id"":""annotation_6f7eb8bc50619ce2b6c1d7c495826fe00fbcb2b4573c6dda04d7f7a806a4b61b"",""reifier"":{""kind"":""iri"",""value"":""https://blackcatinformatics.ca/gmeow/examples/music/claim-greensleeves-anonymous""},""predicate"":""https://blackcatinformatics.ca/gmeow/accordingTo"",""object"":{""kind"":""iri"",""value"":""https://blackcatinformatics.ca/gmeow/examples/music/standpoint-musicological-consensus""},""graph"":{""kind"":""default""}}"
annotation,annotation_6fa144da7821a109a246c37f364591e1044b026ceb9b845dae433beceb384a7e,"{""id"":""annotation_6fa144da7821a109a246c37f364591e1044b026ceb9b845dae433beceb384a7e"",""reifier"":{""kind"":""iri"",""value"":""https://blackcatinformatics.ca/gmeow/examples/claim-disinformation-dupe-projected-001""},""predicate"":""https://blackcatinformatics.ca/gmeow/assertedAt"",""object"":{""kind"":""literal"",""lexical"":""2026-06-11T00:00:00Z"",""datatype"":""http://www.w3.org/2001/XMLSchema#dateTime"",""language"":null,""direction"":null},""graph"":{""kind"":""default""}}"
annotation,annotation_6fe0ac0cd0ea0f910396bb8706e444a508389c8c3755be6d5a5584d8ff91dd3e,"{""id"":""annotation_6fe0ac0cd0ea0f910396bb8706e444a508389c8c3755be6d5a5584d8ff91dd3e"",""reifier"":{""kind"":""iri"",""value"":""https://blackcatinformatics.ca/gmeow/examples/claim-fabrication-verification-001""},""predicate"":""https://blackcatinformatics.ca/gmeow/assertedAt"",""object"":{""kind"":""literal"",""lexical"":""2026-06-08T00:00:00Z"",""datatype"":""http://www.w3.org/2001/XMLSchema#dateTime"",""language"":null,""direction"":null},""graph"":{""kind"":""default""}}"
annotation,annotation_70af5a7e82312ffeae94996905dd43baf1e7d0662b3e12c230b756a94034aafb,"{""id"":""annotation_70af5a7e82312ffeae94996905dd43baf1e7d0662b3e12c230b756a94034aafb"",""reifier"":{""kind"":""iri"",""value"":""https://blackcatinformatics.ca/gmeow/examples/rights/claim-mark-holder-acme""},""predicate"":""https://blackcatinformatics.ca/gmeow/confidence"",""object"":{""kind"":""literal"",""lexical"":""0.6"",""datatype"":""http://www.w3.org/2001/XMLSchema#decimal"",""language"":null,""direction"":null},""graph"":{""kind"":""default""}}"
annotation,annotation_764be486ff727bf1668924bcfebba71d57f726e28e06e0428f5b58f26df33ab5,"{""id"":""annotation_764be486ff727bf1668924bcfebba71d57f726e28e06e0428f5b58f26df33ab5"",""reifier"":{""kind"":""iri"",""value"":""https://blackcatinformatics.ca/gmeow/examples/claim-alice-birthdate""},""predicate"":""https://blackcatinformatics.ca/gmeow/assertedAt"",""object"":{""kind"":""literal"",""lexical"":""2021-03-14T00:00:00Z"",""datatype"":""http://www.w3.org/2001/XMLSchema#dateTime"",""language"":null,""direction"":null},""graph"":{""kind"":""default""}}"
annotation,annotation_76a42b39d4b6fa4e45f66e5ae4152735c07f66562b1a5d6d4e277d163c15fb2b,"{""id"":""annotation_76a42b39d4b6fa4e45f66e5ae4152735c07f66562b1a5d6d4e277d163c15fb2b"",""reifier"":{""kind"":""iri"",""value"":""https://blackcatinformatics.ca/gmeow/examples/claim-disinformation-downstream-belief-modality-001""},""predicate"":""https://blackcatinformatics.ca/gmeow/accordingTo"",""object"":{""kind"":""iri"",""value"":""https://blackcatinformatics.ca/gmeow/examples/standpoint-downstream""},""graph"":{""kind"":""default""}}"
annotation,annotation_7813d7363b0b7842b692ddaa6d39ad72ac60f4ca9b2559fdda7d15041ac1bf0d,"{""id"":""annotation_7813d7363b0b7842b692ddaa6d39ad72ac60f4ca9b2559fdda7d15041ac1bf0d"",""reifier"":{""kind"":""iri"",""value"":""https://blackcatinformatics.ca/gmeow/examples/claim-myth-propagation-001""},""predicate"":""https://blackcatinformatics.ca/gmeow/accordingTo"",""object"":{""kind"":""iri"",""value"":""https://blackcatinformatics.ca/gmeow/examples/standpoint-factchecker""},""graph"":{""kind"":""default""}}"
annotation,annotation_78f1d8d1e56ff502bab180d01aac6d27bca639ab6782e9ba822ea357b2043094,"{""id"":""annotation_78f1d8d1e56ff502bab180d01aac6d27bca639ab6782e9ba822ea357b2043094"",""reifier"":{""kind"":""iri"",""value"":""https://blackcatinformatics.ca/gmeow/examples/music/claim-greensleeves-henry-viii""},""predicate"":""https://blackcatinformatics.ca/gmeow/standpointModality"",""object"":{""kind"":""iri"",""value"":""https://blackcatinformatics.ca/gmeow/conceivable""},""graph"":{""kind"":""default""}}"
annotation,annotation_799e8458be77ad2aaad6675d2bc437f46d2409b7c99f5ce7ae19c8f1f63f3b8e,"{""id"":""annotation_799e8458be77ad2aaad6675d2bc437f46d2409b7c99f5ce7ae19c8f1f63f3b8e"",""reifier"":{""kind"":""iri"",""value"":""https://blackcatinformatics.ca/gmeow/examples/claim-disinformation-downstream-telling-001""},""predicate"":""https://blackcatinformatics.ca/gmeow/confidence"",""object"":{""kind"":""literal"",""lexical"":""0.65"",""datatype"":""http://www.w3.org/2001/XMLSchema#decimal"",""language"":null,""direction"":null},""graph"":{""kind"":""default""}}"
annotation,annotation_7cfa5f812e29014c3dbbced53051ff677341404ebc657422949834165b98f879,"{""id"":""annotation_7cfa5f812e29014c3dbbced53051ff677341404ebc657422949834165b98f879"",""reifier"":{""kind"":""iri"",""value"":""https://blackcatinformatics.ca/gmeow/examples/rights/claim-photo-license""},""predicate"":""https://blackcatinformatics.ca/gmeow/mappedFrom"",""object"":{""kind"":""iri"",""value"":""https://blackcatinformatics.ca/gmeow/examples/rights/src-license-deed""},""graph"":{""kind"":""default""}}"
annotation,annotation_7e5302edeee7e5c5ca79c13733897d7b3b607a9601e7e50f8894ebc5c9929bb6,"{""id"":""annotation_7e5302edeee7e5c5ca79c13733897d7b3b607a9601e7e50f8894ebc5c9929bb6"",""reifier"":{""kind"":""iri"",""value"":""https://blackcatinformatics.ca/gmeow/examples/claim-forgery-held-modality-001""},""predicate"":""https://blackcatinformatics.ca/gmeow/assertedAt"",""object"":{""kind"":""literal"",""lexical"":""2026-06-09T00:00:00Z"",""datatype"":""http://www.w3.org/2001/XMLSchema#dateTime"",""language"":null,""direction"":null},""graph"":{""kind"":""default""}}"
annotation,annotation_7e6897d3d3fdb93c5f91984337c51cfde52a6afab1014c0666fa79736e8aff98,"{""id"":""annotation_7e6897d3d3fdb93c5f91984337c51cfde52a6afab1014c0666fa79736e8aff98"",""reifier"":{""kind"":""iri"",""value"":""https://blackcatinformatics.ca/gmeow/examples/claim-disinformation-origin-held-001""},""predicate"":""https://blackcatinformatics.ca/gmeow/confidence"",""object"":{""kind"":""literal"",""lexical"":""0.85"",""datatype"":""http://www.w3.org/2001/XMLSchema#decimal"",""language"":null,""direction"":null},""graph"":{""kind"":""default""}}"
annotation,annotation_8033a578a9c2678182093cdcf80ed8ed9840227d08a85bc7e78a38e2ceabc360,"{""id"":""annotation_8033a578a9c2678182093cdcf80ed8ed9840227d08a85bc7e78a38e2ceabc360"",""reifier"":{""kind"":""iri"",""value"":""https://blackcatinformatics.ca/gmeow/examples/claim-disinformation-downstream-belief-veridicality-001""},""predicate"":""https://blackcatinformatics.ca/gmeow/confidence"",""object"":{""kind"":""literal"",""lexical"":""0.75"",""datatype"":""http://www.w3.org/2001/XMLSchema#decimal"",""language"":null,""direction"":null},""graph"":{""kind"":""default""}}"
annotation,annotation_80dae07b5f7d6899a19e30fd77950b96915b829f8f770f8a4ccc1f98a20e6185,"{""id"":""annotation_80dae07b5f7d6899a19e30fd77950b96915b829f8f770f8a4ccc1f98a20e6185"",""reifier"":{""kind"":""iri"",""value"":""https://blackcatinformatics.ca/gmeow/examples/claim-distortion-participant-001""},""predicate"":""https://blackcatinformatics.ca/gmeow/accordingTo"",""object"":{""kind"":""iri"",""value"":""https://blackcatinformatics.ca/gmeow/examples/standpoint-investigator""},""graph"":{""kind"":""default""}}"
annotation,annotation_839ac5b51a82b900812a2a7dac9d5c783cb86499663dc60b140e350e94e3d172,"{""id"":""annotation_839ac5b51a82b900812a2a7dac9d5c783cb86499663dc60b140e350e94e3d172"",""reifier"":{""kind"":""iri"",""value"":""https://blackcatinformatics.ca/gmeow/examples/claim-fiction-001""},""predicate"":""https://blackcatinformatics.ca/gmeow/confidence"",""object"":{""kind"":""literal"",""lexical"":""0.95"",""datatype"":""http://www.w3.org/2001/XMLSchema#decimal"",""language"":null,""direction"":null},""graph"":{""kind"":""default""}}"
annotation,annotation_84301a27ad05e4da0a909dfbce859503ca95c9b9aa71ccf6b2abda5b6dd51532,"{""id"":""annotation_84301a27ad05e4da0a909dfbce859503ca95c9b9aa71ccf6b2abda5b6dd51532"",""reifier"":{""kind"":""iri"",""value"":""https://blackcatinformatics.ca/gmeow/examples/rights/claim-mark-holder-acme""},""predicate"":""https://blackcatinformatics.ca/gmeow/accordingTo"",""object"":{""kind"":""iri"",""value"":""https://blackcatinformatics.ca/gmeow/examples/rights/standpoint-acme""},""graph"":{""kind"":""default""}}"
annotation,annotation_84746f66f477a8a12a068f68b8c7179818592c1cc848f625295ed168b056663d,"{""id"":""annotation_84746f66f477a8a12a068f68b8c7179818592c1cc848f625295ed168b056663d"",""reifier"":{""kind"":""iri"",""value"":""https://blackcatinformatics.ca/gmeow/examples/claim-distortion-projected-modality-001""},""predicate"":""https://blackcatinformatics.ca/gmeow/confidence"",""object"":{""kind"":""literal"",""lexical"":""0.85"",""datatype"":""http://www.w3.org/2001/XMLSchema#decimal"",""language"":null,""direction"":null},""graph"":{""kind"":""default""}}"
annotation,annotation_853458e322e819a0fd4b7cc946e737b5e997fb0f9958be78abf42af45daabc53,"{""id"":""annotation_853458e322e819a0fd4b7cc946e737b5e997fb0f9958be78abf42af45daabc53"",""reifier"":{""kind"":""iri"",""value"":""https://blackcatinformatics.ca/gmeow/examples/claim-forgery-projected-modality-001""},""predicate"":""https://blackcatinformatics.ca/gmeow/accordingTo"",""object"":{""kind"":""iri"",""value"":""https://blackcatinformatics.ca/gmeow/examples/standpoint-forger""},""graph"":{""kind"":""default""}}"
annotation,annotation_858bd62e16c808a732f79ea0a3815dca20d301990685dbb654366e303161db02,"{""id"":""annotation_858bd62e16c808a732f79ea0a3815dca20d301990685dbb654366e303161db02"",""reifier"":{""kind"":""iri"",""value"":""https://blackcatinformatics.ca/gmeow/examples/claim-impersonation-implicates-001""},""predicate"":""https://blackcatinformatics.ca/gmeow/confidence"",""object"":{""kind"":""literal"",""lexical"":""0.85"",""datatype"":""http://www.w3.org/2001/XMLSchema#decimal"",""language"":null,""direction"":null},""graph"":{""kind"":""default""}}"
annotation,annotation_85a24e76e99030ad34c0f498629c58b2e2920a003e221cc2c9ca38c9f7dc4115,"{""id"":""annotation_85a24e76e99030ad34c0f498629c58b2e2920a003e221cc2c9ca38c9f7dc4115"",""reifier"":{""kind"":""iri"",""value"":""https://blackcatinformatics.ca/gmeow/examples/claim-bullshit-held-001""},""predicate"":""https://blackcatinformatics.ca/gmeow/confidence"",""object"":{""kind"":""literal"",""lexical"":""0.65"",""datatype"":""http://www.w3.org/2001/XMLSchema#decimal"",""language"":null,""direction"":null},""graph"":{""kind"":""default""}}"
annotation,annotation_85a699540545f9a283b92bdc09c114c9e2de928913555a6bd4920523b6863925,"{""id"":""annotation_85a699540545f9a283b92bdc09c114c9e2de928913555a6bd4920523b6863925"",""reifier"":{""kind"":""iri"",""value"":""https://blackcatinformatics.ca/gmeow/examples/music/claim-not-math-rock-band""},""predicate"":""https://blackcatinformatics.ca/gmeow/standpointModality"",""object"":{""kind"":""iri"",""value"":""https://blackcatinformatics.ca/gmeow/refuted""},""graph"":{""kind"":""default""}}"
annotation,annotation_85e90fed9516f4829b10d8cd1b5723f7fc6dea1340a62f183ffb87bca0655917,"{""id"":""annotation_85e90fed9516f4829b10d8cd1b5723f7fc6dea1340a62f183ffb87bca0655917"",""reifier"":{""kind"":""iri"",""value"":""https://blackcatinformatics.ca/gmeow/examples/rights/claim-repo-spdx""},""predicate"":""https://blackcatinformatics.ca/gmeow/confidence"",""object"":{""kind"":""literal"",""lexical"":""0.7"",""datatype"":""http://www.w3.org/2001/XMLSchema#decimal"",""language"":null,""direction"":null},""graph"":{""kind"":""default""}}"
annotation,annotation_867048e20b0145610190fdd42550456a34abdf47126c8d2e8d9d4e12857036e6,"{""id"":""annotation_867048e20b0145610190fdd42550456a34abdf47126c8d2e8d9d4e12857036e6"",""reifier"":{""kind"":""iri"",""value"":""https://blackcatinformatics.ca/gmeow/examples/music/claim-ai-german-sixth""},""predicate"":""https://blackcatinformatics.ca/gmeow/accordingTo"",""object"":{""kind"":""iri"",""value"":""https://blackcatinformatics.ca/gmeow/examples/music/ai-chord-model-v3""},""graph"":{""kind"":""default""}}"
annotation,annotation_86a6969d323f6acdebbd675d159a346ee24c1f113d1fb58456b2879e137a6ec5,"{""id"":""annotation_86a6969d323f6acdebbd675d159a346ee24c1f113d1fb58456b2879e137a6ec5"",""reifier"":{""kind"":""iri"",""value"":""https://blackcatinformatics.ca/gmeow/examples/claim-self-deception-projected-001""},""predicate"":""https://blackcatinformatics.ca/gmeow/assertedAt"",""object"":{""kind"":""literal"",""lexical"":""2026-06-06T00:00:00Z"",""datatype"":""http://www.w3.org/2001/XMLSchema#dateTime"",""language"":null,""direction"":null},""graph"":{""kind"":""default""}}"
annotation,annotation_87036ba1c637dedbf0f65865b3d1685c068ed8e1e156641e812ba81d5d67e379,"{""id"":""annotation_87036ba1c637dedbf0f65865b3d1685c068ed8e1e156641e812ba81d5d67e379"",""reifier"":{""kind"":""iri"",""value"":""https://blackcatinformatics.ca/gmeow/examples/claim-omission-held-modality-001""},""predicate"":""https://blackcatinformatics.ca/gmeow/accordingTo"",""object"":{""kind"":""iri"",""value"":""https://blackcatinformatics.ca/gmeow/examples/standpoint-deceiver""},""graph"":{""kind"":""default""}}"
annotation,annotation_8721ab70ab0439ff5a2bf36a9bad128bce520ee81ce54b207f9a48a17b2bd464,"{""id"":""annotation_8721ab70ab0439ff5a2bf36a9bad128bce520ee81ce54b207f9a48a17b2bd464"",""reifier"":{""kind"":""iri"",""value"":""https://blackcatinformatics.ca/gmeow/examples/claim-forgery-implicates-signature-001""},""predicate"":""https://blackcatinformatics.ca/gmeow/accordingTo"",""object"":{""kind"":""iri"",""value"":""https://blackcatinformatics.ca/gmeow/examples/standpoint-investigator""},""graph"":{""kind"":""default""}}"
annotation,annotation_877765c5bd3ccc7bc4bc91ad934da23e991d54a99bf3ceaf4ef8b04dea595c97,"{""id"":""annotation_877765c5bd3ccc7bc4bc91ad934da23e991d54a99bf3ceaf4ef8b04dea595c97"",""reifier"":{""kind"":""iri"",""value"":""https://blackcatinformatics.ca/gmeow/examples/claim-date-julian-1582""},""predicate"":""https://blackcatinformatics.ca/gmeow/assertedAt"",""object"":{""kind"":""literal"",""lexical"":""2020-01-01T00:00:00Z"",""datatype"":""http://www.w3.org/2001/XMLSchema#dateTime"",""language"":null,""direction"":null},""graph"":{""kind"":""default""}}"
annotation,annotation_88f5630a4090235a919876032162c411b7f30c95aec7d03e372daeb9084cc34d,"{""id"":""annotation_88f5630a4090235a919876032162c411b7f30c95aec7d03e372daeb9084cc34d"",""reifier"":{""kind"":""iri"",""value"":""https://blackcatinformatics.ca/gmeow/examples/claim-disinformation-origin-deceiver-role-001""},""predicate"":""https://blackcatinformatics.ca/gmeow/confidence"",""object"":{""kind"":""literal"",""lexical"":""0.9"",""datatype"":""http://www.w3.org/2001/XMLSchema#decimal"",""language"":null,""direction"":null},""graph"":{""kind"":""default""}}"
annotation,annotation_89a109cc7f3317c85e21dc17ae225e8a80370750ac00f5e178611d3d31b6492e,"{""id"":""annotation_89a109cc7f3317c85e21dc17ae225e8a80370750ac00f5e178611d3d31b6492e"",""reifier"":{""kind"":""iri"",""value"":""https://blackcatinformatics.ca/gmeow/examples/claim-distortion-held-001""},""predicate"":""https://blackcatinformatics.ca/gmeow/confidence"",""object"":{""kind"":""literal"",""lexical"":""0.7"",""datatype"":""http://www.w3.org/2001/XMLSchema#decimal"",""language"":null,""direction"":null},""graph"":{""kind"":""default""}}"
annotation,annotation_8af1b7036f7470d01c74a86bcdc45cdfd3193942d58ccdb4495f4cdb1d4666d2,"{""id"":""annotation_8af1b7036f7470d01c74a86bcdc45cdfd3193942d58ccdb4495f4cdb1d4666d2"",""reifier"":{""kind"":""iri"",""value"":""https://blackcatinformatics.ca/gmeow/examples/claim-paltering-implicates-001""},""predicate"":""https://blackcatinformatics.ca/gmeow/confidence"",""object"":{""kind"":""literal"",""lexical"":""0.75"",""datatype"":""http://www.w3.org/2001/XMLSchema#decimal"",""language"":null,""direction"":null},""graph"":{""kind"":""default""}}"
annotation,annotation_8b7169ccac377cb7269aa6187682686ddd8718bef784c6e5db48cbebf5b1f841,"{""id"":""annotation_8b7169ccac377cb7269aa6187682686ddd8718bef784c6e5db48cbebf5b1f841"",""reifier"":{""kind"":""iri"",""value"":""https://blackcatinformatics.ca/gmeow/examples/rights/claim-photo-copyright-holder""},""predicate"":""https://blackcatinformatics.ca/gmeow/confidence"",""object"":{""kind"":""literal"",""lexical"":""0.85"",""datatype"":""http://www.w3.org/2001/XMLSchema#decimal"",""language"":null,""direction"":null},""graph"":{""kind"":""default""}}"
annotation,annotation_8c151c553d11559d956cc76a2d44caf738de6a1c8b965afbd74d174d7d53d0ac,"{""id"":""annotation_8c151c553d11559d956cc76a2d44caf738de6a1c8b965afbd74d174d7d53d0ac"",""reifier"":{""kind"":""iri"",""value"":""https://blackcatinformatics.ca/gmeow/examples/claim-event-distortion-001""},""predicate"":""https://blackcatinformatics.ca/gmeow/confidence"",""object"":{""kind"":""literal"",""lexical"":""0.75"",""datatype"":""http://www.w3.org/2001/XMLSchema#decimal"",""language"":null,""direction"":null},""graph"":{""kind"":""default""}}"
annotation,annotation_8e36447dff7a01710991666f722e0d6756fa4f7be0d5ba249bc0c245121ef0da,"{""id"":""annotation_8e36447dff7a01710991666f722e0d6756fa4f7be0d5ba249bc0c245121ef0da"",""reifier"":{""kind"":""iri"",""value"":""https://blackcatinformatics.ca/gmeow/examples/claim-disinformation-origin-deceiver-001""},""predicate"":""https://blackcatinformatics.ca/gmeow/assertedAt"",""object"":{""kind"":""literal"",""lexical"":""2026-06-11T00:00:00Z"",""datatype"":""http://www.w3.org/2001/XMLSchema#dateTime"",""language"":null,""direction"":null},""graph"":{""kind"":""default""}}"
annotation,annotation_8e594d01a5308a3a7c1b5dba6ed66572597f9d49a451ba631408a89e4bd8cbf1,"{""id"":""annotation_8e594d01a5308a3a7c1b5dba6ed66572597f9d49a451ba631408a89e4bd8cbf1"",""reifier"":{""kind"":""iri"",""value"":""https://blackcatinformatics.ca/gmeow/examples/claim-distortion-held-modality-001""},""predicate"":""https://blackcatinformatics.ca/gmeow/confidence"",""object"":{""kind"":""literal"",""lexical"":""0.7"",""datatype"":""http://www.w3.org/2001/XMLSchema#decimal"",""language"":null,""direction"":null},""graph"":{""kind"":""default""}}"
annotation,annotation_8ed08274d5247d16b9816138ea846f9b6c1669e4e147e527ad87300c002e3684,"{""id"":""annotation_8ed08274d5247d16b9816138ea846f9b6c1669e4e147e527ad87300c002e3684"",""reifier"":{""kind"":""iri"",""value"":""https://blackcatinformatics.ca/gmeow/examples/claim-lie-held-001""},""predicate"":""https://blackcatinformatics.ca/gmeow/assertedAt"",""object"":{""kind"":""literal"",""lexical"":""2026-06-01T00:00:00Z"",""datatype"":""http://www.w3.org/2001/XMLSchema#dateTime"",""language"":null,""direction"":null},""graph"":{""kind"":""default""}}"
annotation,annotation_8ee9514db0f3124a322eeef10e19aa639fd213fbc305eac38ef7ca9c08e944b3,"{""id"":""annotation_8ee9514db0f3124a322eeef10e19aa639fd213fbc305eac38ef7ca9c08e944b3"",""reifier"":{""kind"":""iri"",""value"":""https://blackcatinformatics.ca/gmeow/examples/claim-disinformation-dupe-held-001""},""predicate"":""https://blackcatinformatics.ca/gmeow/confidence"",""object"":{""kind"":""literal"",""lexical"":""0.7"",""datatype"":""http://www.w3.org/2001/XMLSchema#decimal"",""language"":null,""direction"":null},""graph"":{""kind"":""default""}}"
annotation,annotation_8fa6e161390f88f83840c013ad30bce458f6f87757471e74d246c2813290b17d,"{""id"":""annotation_8fa6e161390f88f83840c013ad30bce458f6f87757471e74d246c2813290b17d"",""reifier"":{""kind"":""iri"",""value"":""https://blackcatinformatics.ca/gmeow/examples/claim-event-distortion-001""},""predicate"":""https://blackcatinformatics.ca/gmeow/assertedAt"",""object"":{""kind"":""literal"",""lexical"":""2026-06-04T00:00:00Z"",""datatype"":""http://www.w3.org/2001/XMLSchema#dateTime"",""language"":null,""direction"":null},""graph"":{""kind"":""default""}}"
annotation,annotation_900cf4d71c474c68fa2a6e983ef4164eda1a80c51d8d5011f633128a5fb1a68d,"{""id"":""annotation_900cf4d71c474c68fa2a6e983ef4164eda1a80c51d8d5011f633128a5fb1a68d"",""reifier"":{""kind"":""iri"",""value"":""https://blackcatinformatics.ca/gmeow/examples/rights/claim-repo-spdx""},""predicate"":""https://blackcatinformatics.ca/gmeow/mappedFrom"",""object"":{""kind"":""iri"",""value"":""https://blackcatinformatics.ca/gmeow/examples/rights/agent-license-scanner""},""graph"":{""kind"":""default""}}"
annotation,annotation_90b10088af18cf0eafb9639bf0fc0ed3026fac1dc69370135bb24529abf377f2,"{""id"":""annotation_90b10088af18cf0eafb9639bf0fc0ed3026fac1dc69370135bb24529abf377f2"",""reifier"":{""kind"":""iri"",""value"":""https://blackcatinformatics.ca/gmeow/examples/claim-disinformation-dupe-event-001""},""predicate"":""https://blackcatinformatics.ca/gmeow/assertedAt"",""object"":{""kind"":""literal"",""lexical"":""2026-06-11T00:00:00Z"",""datatype"":""http://www.w3.org/2001/XMLSchema#dateTime"",""language"":null,""direction"":null},""graph"":{""kind"":""default""}}"
annotation,annotation_91689ab9c0f9e122c5ee3d69a3a99fada89e1261755dcc4cdec8a3fe1c324eab,"{""id"":""annotation_91689ab9c0f9e122c5ee3d69a3a99fada89e1261755dcc4cdec8a3fe1c324eab"",""reifier"":{""kind"":""iri"",""value"":""https://blackcatinformatics.ca/gmeow/examples/claim-tf-dynamic-end-effector""},""predicate"":""https://blackcatinformatics.ca/gmeow/validFrom"",""object"":{""kind"":""literal"",""lexical"":""2026-06-07T10:00:00Z"",""datatype"":""http://www.w3.org/2001/XMLSchema#dateTime"",""language"":null,""direction"":null},""graph"":{""kind"":""default""}}"
annotation,annotation_9307c0611f35b4c10b20c5b64fb299313c35919c21fed9336e0b0de42ba3ba04,"{""id"":""annotation_9307c0611f35b4c10b20c5b64fb299313c35919c21fed9336e0b0de42ba3ba04"",""reifier"":{""kind"":""iri"",""value"":""https://blackcatinformatics.ca/gmeow/examples/claim-deception-event-001""},""predicate"":""https://blackcatinformatics.ca/gmeow/assertedAt"",""object"":{""kind"":""literal"",""lexical"":""2026-01-15T00:00:00Z"",""datatype"":""http://www.w3.org/2001/XMLSchema#dateTime"",""language"":null,""direction"":null},""graph"":{""kind"":""default""}}"
annotation,annotation_932853d6f3ea6e7fb56596fd05c9eb3b4618f3ad5118c37e15ecc0f48cc2b0d9,"{""id"":""annotation_932853d6f3ea6e7fb56596fd05c9eb3b4618f3ad5118c37e15ecc0f48cc2b0d9"",""reifier"":{""kind"":""iri"",""value"":""https://blackcatinformatics.ca/gmeow/examples/claim-deception-event-001""},""predicate"":""https://blackcatinformatics.ca/gmeow/accordingTo"",""object"":{""kind"":""iri"",""value"":""https://blackcatinformatics.ca/gmeow/examples/standpoint-investigator""},""graph"":{""kind"":""default""}}"
annotation,annotation_9388bd55147df9fe4dcbfc1cf14abba77b39f20c7f8673a34888a5c0e102b441,"{""id"":""annotation_9388bd55147df9fe4dcbfc1cf14abba77b39f20c7f8673a34888a5c0e102b441"",""reifier"":{""kind"":""iri"",""value"":""https://blackcatinformatics.ca/gmeow/examples/claim-fiction-veridicality-001""},""predicate"":""https://blackcatinformatics.ca/gmeow/accordingTo"",""object"":{""kind"":""iri"",""value"":""https://blackcatinformatics.ca/gmeow/examples/standpoint-publisher""},""graph"":{""kind"":""default""}}"
annotation,annotation_93fdd1414d66bacf6d7cfe15f451d461b2d78d082a98d66e812940dd59077c10,"{""id"":""annotation_93fdd1414d66bacf6d7cfe15f451d461b2d78d082a98d66e812940dd59077c10"",""reifier"":{""kind"":""iri"",""value"":""https://blackcatinformatics.ca/gmeow/examples/claim-event-paltering-001""},""predicate"":""https://blackcatinformatics.ca/gmeow/confidence"",""object"":{""kind"":""literal"",""lexical"":""0.82"",""datatype"":""http://www.w3.org/2001/XMLSchema#decimal"",""language"":null,""direction"":null},""graph"":{""kind"":""default""}}"
annotation,annotation_961eec0512a74a89619a43cd9fcd2dfcef63b4c83c92b59ae991bd3a166c3ed4,"{""id"":""annotation_961eec0512a74a89619a43cd9fcd2dfcef63b4c83c92b59ae991bd3a166c3ed4"",""reifier"":{""kind"":""iri"",""value"":""https://blackcatinformatics.ca/gmeow/examples/claim-self-deception-held-modality-001""},""predicate"":""https://blackcatinformatics.ca/gmeow/confidence"",""object"":{""kind"":""literal"",""lexical"":""0.6"",""datatype"":""http://www.w3.org/2001/XMLSchema#decimal"",""language"":null,""direction"":null},""graph"":{""kind"":""default""}}"
annotation,annotation_96a95067f11a0921b31588e198dafd2f2671d7a538fcb26ce0113396f1a04fd6,"{""id"":""annotation_96a95067f11a0921b31588e198dafd2f2671d7a538fcb26ce0113396f1a04fd6"",""reifier"":{""kind"":""iri"",""value"":""https://blackcatinformatics.ca/gmeow/examples/claim-lie-projected-modality-001""},""predicate"":""https://blackcatinformatics.ca/gmeow/assertedAt"",""object"":{""kind"":""literal"",""lexical"":""2026-06-01T00:00:00Z"",""datatype"":""http://www.w3.org/2001/XMLSchema#dateTime"",""language"":null,""direction"":null},""graph"":{""kind"":""default""}}"
annotation,annotation_97c310e7f9c395388393c876fdcb06eb12a6454b831ddb4dedcd01e5850c5551,"{""id"":""annotation_97c310e7f9c395388393c876fdcb06eb12a6454b831ddb4dedcd01e5850c5551"",""reifier"":{""kind"":""iri"",""value"":""https://blackcatinformatics.ca/gmeow/examples/claim-disinformation-dupe-belief-veridicality-001""},""predicate"":""https://blackcatinformatics.ca/gmeow/accordingTo"",""object"":{""kind"":""iri"",""value"":""https://blackcatinformatics.ca/gmeow/examples/standpoint-investigator""},""graph"":{""kind"":""default""}}"
annotation,annotation_986586f3196d4a9cb7b6849bfc35c127fa4e26d438769f283db004c9b56d3db3,"{""id"":""annotation_986586f3196d4a9cb7b6849bfc35c127fa4e26d438769f283db004c9b56d3db3"",""reifier"":{""kind"":""iri"",""value"":""https://blackcatinformatics.ca/gmeow/examples/claim-forgery-signature-of-001""},""predicate"":""https://blackcatinformatics.ca/gmeow/accordingTo"",""object"":{""kind"":""iri"",""value"":""https://blackcatinformatics.ca/gmeow/examples/standpoint-investigator""},""graph"":{""kind"":""default""}}"
annotation,annotation_996041b8e80ac8379719c3fa50fcc748e8c76c9761ba76cb23913f4ebc96948d,"{""id"":""annotation_996041b8e80ac8379719c3fa50fcc748e8c76c9761ba76cb23913f4ebc96948d"",""reifier"":{""kind"":""iri"",""value"":""https://blackcatinformatics.ca/gmeow/examples/claim-bullshit-projected-modality-001""},""predicate"":""https://blackcatinformatics.ca/gmeow/accordingTo"",""object"":{""kind"":""iri"",""value"":""https://blackcatinformatics.ca/gmeow/examples/standpoint-bullshitter""},""graph"":{""kind"":""default""}}"
annotation,annotation_9ae81a7419913fe77df20b47693ece53500b8da0d1fe1a2dbb7f337dc365118b,"{""id"":""annotation_9ae81a7419913fe77df20b47693ece53500b8da0d1fe1a2dbb7f337dc365118b"",""reifier"":{""kind"":""iri"",""value"":""https://blackcatinformatics.ca/gmeow/examples/claim-lie-held-modality-001""},""predicate"":""https://blackcatinformatics.ca/gmeow/accordingTo"",""object"":{""kind"":""iri"",""value"":""https://blackcatinformatics.ca/gmeow/examples/standpoint-investigator""},""graph"":{""kind"":""default""}}"
annotation,annotation_9c08f6f70ccb816d68e90b96ae245e525b9ed1929d8df4ce9766688ce6e8a3c0,"{""id"":""annotation_9c08f6f70ccb816d68e90b96ae245e525b9ed1929d8df4ce9766688ce6e8a3c0"",""reifier"":{""kind"":""iri"",""value"":""https://blackcatinformatics.ca/gmeow/examples/claim-paltering-held-refutes-implicated-001""},""predicate"":""https://blackcatinformatics.ca/gmeow/confidence"",""object"":{""kind"":""literal"",""lexical"":""0.78"",""datatype"":""http://www.w3.org/2001/XMLSchema#decimal"",""language"":null,""direction"":null},""graph"":{""kind"":""default""}}"
annotation,annotation_9c253caa81bf4f264453355c5bbe102aa6374a7aa759cb703b8c3b0899fbf779,"{""id"":""annotation_9c253caa81bf4f264453355c5bbe102aa6374a7aa759cb703b8c3b0899fbf779"",""reifier"":{""kind"":""iri"",""value"":""https://blackcatinformatics.ca/gmeow/examples/claim-forgery-signature-fail-001""},""predicate"":""https://blackcatinformatics.ca/gmeow/assertedAt"",""object"":{""kind"":""literal"",""lexical"":""2026-06-09T00:00:00Z"",""datatype"":""http://www.w3.org/2001/XMLSchema#dateTime"",""language"":null,""direction"":null},""graph"":{""kind"":""default""}}"
annotation,annotation_9c3cca6351c3ba846c80f3d9f6dc4edb6116b9a9fbdb456e7a709bef82140fa1,"{""id"":""annotation_9c3cca6351c3ba846c80f3d9f6dc4edb6116b9a9fbdb456e7a709bef82140fa1"",""reifier"":{""kind"":""iri"",""value"":""https://blackcatinformatics.ca/gmeow/examples/claim-forgery-held-modality-001""},""predicate"":""https://blackcatinformatics.ca/gmeow/accordingTo"",""object"":{""kind"":""iri"",""value"":""https://blackcatinformatics.ca/gmeow/examples/standpoint-investigator""},""graph"":{""kind"":""default""}}"
annotation,annotation_9d8252cf813fba75be18eeaba5339c087773827ce40fc6168ef80e30b8efc565,"{""id"":""annotation_9d8252cf813fba75be18eeaba5339c087773827ce40fc6168ef80e30b8efc565"",""reifier"":{""kind"":""iri"",""value"":""https://blackcatinformatics.ca/gmeow/examples/claim-forgery-projected-modality-001""},""predicate"":""https://blackcatinformatics.ca/gmeow/assertedAt"",""object"":{""kind"":""literal"",""lexical"":""2026-06-09T00:00:00Z"",""datatype"":""http://www.w3.org/2001/XMLSchema#dateTime"",""language"":null,""direction"":null},""graph"":{""kind"":""default""}}"
annotation,annotation_9ecb5d4ed3a269f90627e201363710a8a96e839a38d3725b5d4b1c3f57703994,"{""id"":""annotation_9ecb5d4ed3a269f90627e201363710a8a96e839a38d3725b5d4b1c3f57703994"",""reifier"":{""kind"":""iri"",""value"":""https://blackcatinformatics.ca/gmeow/examples/claim-paltering-projected-001""},""predicate"":""https://blackcatinformatics.ca/gmeow/confidence"",""object"":{""kind"":""literal"",""lexical"":""0.85"",""datatype"":""http://www.w3.org/2001/XMLSchema#decimal"",""language"":null,""direction"":null},""graph"":{""kind"":""default""}}"
annotation,annotation_9f1c7cc7072b15eefd6bee168fe475fed63b6fd7144cdf7e93421994a1ed4c07,"{""id"":""annotation_9f1c7cc7072b15eefd6bee168fe475fed63b6fd7144cdf7e93421994a1ed4c07"",""reifier"":{""kind"":""iri"",""value"":""https://blackcatinformatics.ca/gmeow/examples/claim-forgery-implicates-signature-001""},""predicate"":""https://blackcatinformatics.ca/gmeow/assertedAt"",""object"":{""kind"":""literal"",""lexical"":""2026-06-09T00:00:00Z"",""datatype"":""http://www.w3.org/2001/XMLSchema#dateTime"",""language"":null,""direction"":null},""graph"":{""kind"":""default""}}"
annotation,annotation_9f576b09ad5a7a85f7d6492dfee3c9f5b228773e4835947231698fe7fa7ce487,"{""id"":""annotation_9f576b09ad5a7a85f7d6492dfee3c9f5b228773e4835947231698fe7fa7ce487"",""reifier"":{""kind"":""iri"",""value"":""https://blackcatinformatics.ca/gmeow/examples/music/claim-spectral-key-tonal""},""predicate"":""https://blackcatinformatics.ca/gmeow/accordingTo"",""object"":{""kind"":""iri"",""value"":""https://blackcatinformatics.ca/gmeow/examples/music/standpoint-tonal-analyst""},""graph"":{""kind"":""default""}}"
annotation,annotation_a0eed3e1a6aa50e53845866326b03bceb7eb803cec198892c74da042459355eb,"{""id"":""annotation_a0eed3e1a6aa50e53845866326b03bceb7eb803cec198892c74da042459355eb"",""reifier"":{""kind"":""iri"",""value"":""https://blackcatinformatics.ca/gmeow/examples/claim-impersonation-held-001""},""predicate"":""https://blackcatinformatics.ca/gmeow/confidence"",""object"":{""kind"":""literal"",""lexical"":""0.78"",""datatype"":""http://www.w3.org/2001/XMLSchema#decimal"",""language"":null,""direction"":null},""graph"":{""kind"":""default""}}"
annotation,annotation_a188fac310475cc59b1c8667dedb8c55d12a48ab4cf49f214d9962ffc3280c37,"{""id"":""annotation_a188fac310475cc59b1c8667dedb8c55d12a48ab4cf49f214d9962ffc3280c37"",""reifier"":{""kind"":""iri"",""value"":""https://blackcatinformatics.ca/gmeow/examples/claim-event-impersonation-001""},""predicate"":""https://blackcatinformatics.ca/gmeow/assertedAt"",""object"":{""kind"":""literal"",""lexical"":""2026-06-10T00:00:00Z"",""datatype"":""http://www.w3.org/2001/XMLSchema#dateTime"",""language"":null,""direction"":null},""graph"":{""kind"":""default""}}"
annotation,annotation_a214203dc5dafc29408ca5e544f11938c2242003c4ab5ea8958408f3f89cacca,"{""id"":""annotation_a214203dc5dafc29408ca5e544f11938c2242003c4ab5ea8958408f3f89cacca"",""reifier"":{""kind"":""iri"",""value"":""https://blackcatinformatics.ca/gmeow/examples/claim-bullshit-projected-modality-001""},""predicate"":""https://blackcatinformatics.ca/gmeow/confidence"",""object"":{""kind"":""literal"",""lexical"":""0.8"",""datatype"":""http://www.w3.org/2001/XMLSchema#decimal"",""language"":null,""direction"":null},""graph"":{""kind"":""default""}}"
annotation,annotation_a248fbd95db04df39b144ba14e9a6c8e95b499d97864937eae784e04692de77b,"{""id"":""annotation_a248fbd95db04df39b144ba14e9a6c8e95b499d97864937eae784e04692de77b"",""reifier"":{""kind"":""iri"",""value"":""https://blackcatinformatics.ca/gmeow/examples/claim-territory-1850-per-2025-historiography""},""predicate"":""https://blackcatinformatics.ca/gmeow/accordingTo"",""object"":{""kind"":""iri"",""value"":""https://blackcatinformatics.ca/gmeow/examples/standpoint-2025-historiography""},""graph"":{""kind"":""default""}}"
annotation,annotation_a2af39caa26e2e79d1811d62f2655bbd2bd6d686259a6494429e09a1cc773739,"{""id"":""annotation_a2af39caa26e2e79d1811d62f2655bbd2bd6d686259a6494429e09a1cc773739"",""reifier"":{""kind"":""iri"",""value"":""https://blackcatinformatics.ca/gmeow/examples/claim-disinformation-origin-projected-modality-001""},""predicate"":""https://blackcatinformatics.ca/gmeow/confidence"",""object"":{""kind"":""literal"",""lexical"":""0.9"",""datatype"":""http://www.w3.org/2001/XMLSchema#decimal"",""language"":null,""direction"":null},""graph"":{""kind"":""default""}}"
annotation,annotation_a4226b86abe45b9985660657ae631705801d0bbae2073a522017ea13cbf854fe,"{""id"":""annotation_a4226b86abe45b9985660657ae631705801d0bbae2073a522017ea13cbf854fe"",""reifier"":{""kind"":""iri"",""value"":""https://blackcatinformatics.ca/gmeow/examples/claim-event-bullshit-001""},""predicate"":""https://blackcatinformatics.ca/gmeow/assertedAt"",""object"":{""kind"":""literal"",""lexical"":""2026-06-05T00:00:00Z"",""datatype"":""http://www.w3.org/2001/XMLSchema#dateTime"",""language"":null,""direction"":null},""graph"":{""kind"":""default""}}"
annotation,annotation_a5114bbe05f61af5a5aaaa04d9e1ff887e7f12f9cf48b3e1c50883f27014c9e6,"{""id"":""annotation_a5114bbe05f61af5a5aaaa04d9e1ff887e7f12f9cf48b3e1c50883f27014c9e6"",""reifier"":{""kind"":""iri"",""value"":""https://blackcatinformatics.ca/gmeow/examples/claim-distortion-held-modality-001""},""predicate"":""https://blackcatinformatics.ca/gmeow/accordingTo"",""object"":{""kind"":""iri"",""value"":""https://blackcatinformatics.ca/gmeow/examples/standpoint-deceiver""},""graph"":{""kind"":""default""}}"
annotation,annotation_a618c9c97df84788c6f7d22298c815cec6c370774c21e9df238662b33aa87b16,"{""id"":""annotation_a618c9c97df84788c6f7d22298c815cec6c370774c21e9df238662b33aa87b16"",""reifier"":{""kind"":""iri"",""value"":""https://blackcatinformatics.ca/gmeow/examples/claim-disinformation-origin-intent-001""},""predicate"":""https://blackcatinformatics.ca/gmeow/confidence"",""object"":{""kind"":""literal"",""lexical"":""0.8"",""datatype"":""http://www.w3.org/2001/XMLSchema#decimal"",""language"":null,""direction"":null},""graph"":{""kind"":""default""}}"
annotation,annotation_a66967df8a3c348bbe9982f0e4902ad31eabdfb40c7360de67b3bcf0a3aa6fc8,"{""id"":""annotation_a66967df8a3c348bbe9982f0e4902ad31eabdfb40c7360de67b3bcf0a3aa6fc8"",""reifier"":{""kind"":""iri"",""value"":""https://blackcatinformatics.ca/gmeow/examples/claim-forgery-held-001""},""predicate"":""https://blackcatinformatics.ca/gmeow/assertedAt"",""object"":{""kind"":""literal"",""lexical"":""2026-06-09T00:00:00Z"",""datatype"":""http://www.w3.org/2001/XMLSchema#dateTime"",""language"":null,""direction"":null},""graph"":{""kind"":""default""}}"
annotation,annotation_a66bd3c84a7b9ff3d56797b75e0f91a5bb3b62ca6f7b67cbb612dbd2930f7ac5,"{""id"":""annotation_a66bd3c84a7b9ff3d56797b75e0f91a5bb3b62ca6f7b67cbb612dbd2930f7ac5"",""reifier"":{""kind"":""iri"",""value"":""https://blackcatinformatics.ca/gmeow/examples/claim-fabrication-held-modality-001""},""predicate"":""https://blackcatinformatics.ca/gmeow/accordingTo"",""object"":{""kind"":""iri"",""value"":""https://blackcatinformatics.ca/gmeow/examples/standpoint-investigator""},""graph"":{""kind"":""default""}}"
annotation,annotation_a6d8dbccc37b3b819867779f38ecf8c78297a6c2312d54e00e0e89d11787a61d,"{""id"":""annotation_a6d8dbccc37b3b819867779f38ecf8c78297a6c2312d54e00e0e89d11787a61d"",""reifier"":{""kind"":""iri"",""value"":""https://blackcatinformatics.ca/gmeow/examples/claim-self-deception-held-modality-001""},""predicate"":""https://blackcatinformatics.ca/gmeow/accordingTo"",""object"":{""kind"":""iri"",""value"":""https://blackcatinformatics.ca/gmeow/examples/standpoint-tacit-self""},""graph"":{""kind"":""default""}}"
annotation,annotation_a7c04528f15a150da3d75962c5caee52bf130bd06aebf10a7dee671649d44170,"{""id"":""annotation_a7c04528f15a150da3d75962c5caee52bf130bd06aebf10a7dee671649d44170"",""reifier"":{""kind"":""iri"",""value"":""https://blackcatinformatics.ca/gmeow/examples/claim-fabrication-implicates-001""},""predicate"":""https://blackcatinformatics.ca/gmeow/confidence"",""object"":{""kind"":""literal"",""lexical"":""0.85"",""datatype"":""http://www.w3.org/2001/XMLSchema#decimal"",""language"":null,""direction"":null},""graph"":{""kind"":""default""}}"
annotation,annotation_a7c1dbf8e822c0cb1c49ca9a03d4aebe5de3c5bbe91fdac4cac7f07ead7d7dec,"{""id"":""annotation_a7c1dbf8e822c0cb1c49ca9a03d4aebe5de3c5bbe91fdac4cac7f07ead7d7dec"",""reifier"":{""kind"":""iri"",""value"":""https://blackcatinformatics.ca/gmeow/examples/music/claim-bar17-meter-7_8""},""predicate"":""https://blackcatinformatics.ca/gmeow/confidence"",""object"":{""kind"":""literal"",""lexical"":""0.85"",""datatype"":""http://www.w3.org/2001/XMLSchema#decimal"",""language"":null,""direction"":null},""graph"":{""kind"":""default""}}"
annotation,annotation_a81685ac0534a3342ff94f514fdedf984957bd25235d5b5332b080b53f96e50b,"{""id"":""annotation_a81685ac0534a3342ff94f514fdedf984957bd25235d5b5332b080b53f96e50b"",""reifier"":{""kind"":""iri"",""value"":""https://blackcatinformatics.ca/gmeow/examples/claim-disinformation-downstream-event-001""},""predicate"":""https://blackcatinformatics.ca/gmeow/accordingTo"",""object"":{""kind"":""iri"",""value"":""https://blackcatinformatics.ca/gmeow/examples/standpoint-investigator""},""graph"":{""kind"":""default""}}"
annotation,annotation_a95401421b0eac0db1f690d18fd5d4cad207b4cf99786dc1c6ef61001ba3a9e1,"{""id"":""annotation_a95401421b0eac0db1f690d18fd5d4cad207b4cf99786dc1c6ef61001ba3a9e1"",""reifier"":{""kind"":""iri"",""value"":""https://blackcatinformatics.ca/gmeow/examples/claim-forgery-counterpart-001""},""predicate"":""https://blackcatinformatics.ca/gmeow/accordingTo"",""object"":{""kind"":""iri"",""value"":""https://blackcatinformatics.ca/gmeow/examples/standpoint-investigator""},""graph"":{""kind"":""default""}}"
annotation,annotation_aafa22deab0e921e0843b1c3e30db8de03870aea7b412f2c9ca87659c0587427,"{""id"":""annotation_aafa22deab0e921e0843b1c3e30db8de03870aea7b412f2c9ca87659c0587427"",""reifier"":{""kind"":""iri"",""value"":""https://blackcatinformatics.ca/gmeow/examples/claim-territory-1850-per-2025-historiography""},""predicate"":""https://blackcatinformatics.ca/gmeow/assertedAt"",""object"":{""kind"":""literal"",""lexical"":""2025-01-01T00:00:00Z"",""datatype"":""http://www.w3.org/2001/XMLSchema#dateTime"",""language"":null,""direction"":null},""graph"":{""kind"":""default""}}"
annotation,annotation_ac94837f501f31f56b1724e948fdde03bec0f6c4c6b5e1c26699caff58513a09,"{""id"":""annotation_ac94837f501f31f56b1724e948fdde03bec0f6c4c6b5e1c26699caff58513a09"",""reifier"":{""kind"":""iri"",""value"":""https://blackcatinformatics.ca/gmeow/examples/claim-self-deception-held-modality-001""},""predicate"":""https://blackcatinformatics.ca/gmeow/assertedAt"",""object"":{""kind"":""literal"",""lexical"":""2026-06-06T00:00:00Z"",""datatype"":""http://www.w3.org/2001/XMLSchema#dateTime"",""language"":null,""direction"":null},""graph"":{""kind"":""default""}}"
annotation,annotation_acd4bf0b45c7b95925131579fbbd73b716cb49e62534192a746f16652cd8a98a,"{""id"":""annotation_acd4bf0b45c7b95925131579fbbd73b716cb49e62534192a746f16652cd8a98a"",""reifier"":{""kind"":""iri"",""value"":""https://blackcatinformatics.ca/gmeow/examples/claim-impersonation-facet-subject-001""},""predicate"":""https://blackcatinformatics.ca/gmeow/accordingTo"",""object"":{""kind"":""iri"",""value"":""https://blackcatinformatics.ca/gmeow/examples/standpoint-investigator""},""graph"":{""kind"":""default""}}"
annotation,annotation_ad1628e4e3482f9bcf117a87c1a125cba5b7d62ed7510238b8d3b887d0915622,"{""id"":""annotation_ad1628e4e3482f9bcf117a87c1a125cba5b7d62ed7510238b8d3b887d0915622"",""reifier"":{""kind"":""iri"",""value"":""https://blackcatinformatics.ca/gmeow/examples/claim-forgery-implicates-work-001""},""predicate"":""https://blackcatinformatics.ca/gmeow/assertedAt"",""object"":{""kind"":""literal"",""lexical"":""2026-06-09T00:00:00Z"",""datatype"":""http://www.w3.org/2001/XMLSchema#dateTime"",""language"":null,""direction"":null},""graph"":{""kind"":""default""}}"
annotation,annotation_af37ba972544c23ffa1bc73e2e89564dd29725b6ac5b60fde8d1f960baa1b8a6,"{""id"":""annotation_af37ba972544c23ffa1bc73e2e89564dd29725b6ac5b60fde8d1f960baa1b8a6"",""reifier"":{""kind"":""iri"",""value"":""https://blackcatinformatics.ca/gmeow/examples/claim-event-bullshit-001""},""predicate"":""https://blackcatinformatics.ca/gmeow/accordingTo"",""object"":{""kind"":""iri"",""value"":""https://blackcatinformatics.ca/gmeow/examples/standpoint-analyst""},""graph"":{""kind"":""default""}}"
annotation,annotation_b0324e0f99bea0f8ad29904ad0430c87870353e93fb8867eb7f0068bc6496e28,"{""id"":""annotation_b0324e0f99bea0f8ad29904ad0430c87870353e93fb8867eb7f0068bc6496e28"",""reifier"":{""kind"":""iri"",""value"":""https://blackcatinformatics.ca/gmeow/examples/claim-bullshit-001""},""predicate"":""https://blackcatinformatics.ca/gmeow/assertedAt"",""object"":{""kind"":""literal"",""lexical"":""2026-04-01T00:00:00Z"",""datatype"":""http://www.w3.org/2001/XMLSchema#dateTime"",""language"":null,""direction"":null},""graph"":{""kind"":""default""}}"
annotation,annotation_b217f278eeffbf9cdb6fac8be6e35bfd617402b5a18487bb1e579241dd190495,"{""id"":""annotation_b217f278eeffbf9cdb6fac8be6e35bfd617402b5a18487bb1e579241dd190495"",""reifier"":{""kind"":""iri"",""value"":""https://blackcatinformatics.ca/gmeow/examples/claim-factcheck-001""},""predicate"":""https://blackcatinformatics.ca/gmeow/assertedAt"",""object"":{""kind"":""literal"",""lexical"":""2026-02-01T00:00:00Z"",""datatype"":""http://www.w3.org/2001/XMLSchema#dateTime"",""language"":null,""direction"":null},""graph"":{""kind"":""default""}}"
annotation,annotation_b4c3ab1881e20c681426e2b360645c59508e25fa8095714b20676818270c3d0e,"{""id"":""annotation_b4c3ab1881e20c681426e2b360645c59508e25fa8095714b20676818270c3d0e"",""reifier"":{""kind"":""iri"",""value"":""https://blackcatinformatics.ca/gmeow/examples/music/claim-spectral-key-tonal""},""predicate"":""https://blackcatinformatics.ca/gmeow/confidence"",""object"":{""kind"":""literal"",""lexical"":""0.75"",""datatype"":""http://www.w3.org/2001/XMLSchema#decimal"",""language"":null,""direction"":null},""graph"":{""kind"":""default""}}"
annotation,annotation_b5b3965e9b9e079c80fe13ae5d4cfd9a375ecdb5bf211e8ad6d47d1c67f99db0,"{""id"":""annotation_b5b3965e9b9e079c80fe13ae5d4cfd9a375ecdb5bf211e8ad6d47d1c67f99db0"",""reifier"":{""kind"":""iri"",""value"":""https://blackcatinformatics.ca/gmeow/examples/claim-bullshit-held-modality-001""},""predicate"":""https://blackcatinformatics.ca/gmeow/confidence"",""object"":{""kind"":""literal"",""lexical"":""0.65"",""datatype"":""http://www.w3.org/2001/XMLSchema#decimal"",""language"":null,""direction"":null},""graph"":{""kind"":""default""}}"
annotation,annotation_b5b8d35e08397fe33e011a1db6dd185e38a2a081828990844606028314da6e3f,"{""id"":""annotation_b5b8d35e08397fe33e011a1db6dd185e38a2a081828990844606028314da6e3f"",""reifier"":{""kind"":""iri"",""value"":""https://blackcatinformatics.ca/gmeow/examples/claim-disinformation-dupe-participant-001""},""predicate"":""https://blackcatinformatics.ca/gmeow/assertedAt"",""object"":{""kind"":""literal"",""lexical"":""2026-06-11T00:00:00Z"",""datatype"":""http://www.w3.org/2001/XMLSchema#dateTime"",""language"":null,""direction"":null},""graph"":{""kind"":""default""}}"
annotation,annotation_b6f089c1518464f07f6239184de34eaadb360f62b0aa15b294fe359a7c9f9859,"{""id"":""annotation_b6f089c1518464f07f6239184de34eaadb360f62b0aa15b294fe359a7c9f9859"",""reifier"":{""kind"":""iri"",""value"":""https://blackcatinformatics.ca/gmeow/examples/claim-event-self-deception-001""},""predicate"":""https://blackcatinformatics.ca/gmeow/assertedAt"",""object"":{""kind"":""literal"",""lexical"":""2026-06-06T00:00:00Z"",""datatype"":""http://www.w3.org/2001/XMLSchema#dateTime"",""language"":null,""direction"":null},""graph"":{""kind"":""default""}}"
annotation,annotation_b7605c6afd8173eb62e7e9ecbc62326abcb602a690282358fb8f6f2ddcf7d4d7,"{""id"":""annotation_b7605c6afd8173eb62e7e9ecbc62326abcb602a690282358fb8f6f2ddcf7d4d7"",""reifier"":{""kind"":""iri"",""value"":""https://blackcatinformatics.ca/gmeow/examples/claim-sockpuppet-counterpart-001""},""predicate"":""https://blackcatinformatics.ca/gmeow/confidence"",""object"":{""kind"":""literal"",""lexical"":""0.7"",""datatype"":""http://www.w3.org/2001/XMLSchema#decimal"",""language"":null,""direction"":null},""graph"":{""kind"":""default""}}"
annotation,annotation_b9e0f2a93984d67bd07b3f71fabbfb9ea176905c437e1391530a017bb6761e39,"{""id"":""annotation_b9e0f2a93984d67bd07b3f71fabbfb9ea176905c437e1391530a017bb6761e39"",""reifier"":{""kind"":""iri"",""value"":""https://blackcatinformatics.ca/gmeow/examples/claim-impersonation-observedfeature-001""},""predicate"":""https://blackcatinformatics.ca/gmeow/accordingTo"",""object"":{""kind"":""iri"",""value"":""https://blackcatinformatics.ca/gmeow/examples/standpoint-investigator""},""graph"":{""kind"":""default""}}"
annotation,annotation_ba0931e7af5a68a4cc9c58ce94bf6b169ce939750a63551f899b42cdf3d693fd,"{""id"":""annotation_ba0931e7af5a68a4cc9c58ce94bf6b169ce939750a63551f899b42cdf3d693fd"",""reifier"":{""kind"":""iri"",""value"":""https://blackcatinformatics.ca/gmeow/examples/claim-disinformation-downstream-belief-veridicality-001""},""predicate"":""https://blackcatinformatics.ca/gmeow/accordingTo"",""object"":{""kind"":""iri"",""value"":""https://blackcatinformatics.ca/gmeow/examples/standpoint-investigator""},""graph"":{""kind"":""default""}}"
annotation,annotation_ba88ec17d3bbc3b68c34016cdbf3e2f358d5093371101234876f7a2e71f83fce,"{""id"":""annotation_ba88ec17d3bbc3b68c34016cdbf3e2f358d5093371101234876f7a2e71f83fce"",""reifier"":{""kind"":""iri"",""value"":""https://blackcatinformatics.ca/gmeow/examples/music/claim-ai-german-sixth""},""predicate"":""https://blackcatinformatics.ca/gmeow/confidence"",""object"":{""kind"":""literal"",""lexical"":""0.72"",""datatype"":""http://www.w3.org/2001/XMLSchema#decimal"",""language"":null,""direction"":null},""graph"":{""kind"":""default""}}"
annotation,annotation_ba98e49c918757ed87acc9af5796a24adc2d5324431e57f051439a70446cd645,"{""id"":""annotation_ba98e49c918757ed87acc9af5796a24adc2d5324431e57f051439a70446cd645"",""reifier"":{""kind"":""iri"",""value"":""https://blackcatinformatics.ca/gmeow/examples/claim-event-self-deception-001""},""predicate"":""https://blackcatinformatics.ca/gmeow/confidence"",""object"":{""kind"":""literal"",""lexical"":""0.7"",""datatype"":""http://www.w3.org/2001/XMLSchema#decimal"",""language"":null,""direction"":null},""graph"":{""kind"":""default""}}"
annotation,annotation_bb0f8d3ed3a85e5739bc29c3a5fcd1158ee4467e954bf8ae772210f97c5cd04e,"{""id"":""annotation_bb0f8d3ed3a85e5739bc29c3a5fcd1158ee4467e954bf8ae772210f97c5cd04e"",""reifier"":{""kind"":""iri"",""value"":""https://blackcatinformatics.ca/gmeow/examples/claim-crimea-in-ukraine-per-un""},""predicate"":""https://blackcatinformatics.ca/gmeow/confidence"",""object"":{""kind"":""literal"",""lexical"":""0.9"",""datatype"":""http://www.w3.org/2001/XMLSchema#decimal"",""language"":null,""direction"":null},""graph"":{""kind"":""default""}}"
annotation,annotation_bb877131f80391674552491a400581e4ce6ac37c7f3a2f955f11ac73aba1d69b,"{""id"":""annotation_bb877131f80391674552491a400581e4ce6ac37c7f3a2f955f11ac73aba1d69b"",""reifier"":{""kind"":""iri"",""value"":""https://blackcatinformatics.ca/gmeow/examples/claim-impersonation-observedfeature-001""},""predicate"":""https://blackcatinformatics.ca/gmeow/confidence"",""object"":{""kind"":""literal"",""lexical"":""0.87"",""datatype"":""http://www.w3.org/2001/XMLSchema#decimal"",""language"":null,""direction"":null},""graph"":{""kind"":""default""}}"
annotation,annotation_bc3d292aae98e282302cf4773678bcc5b8cc3cf6b68a8e838a0f68d507d881ed,"{""id"":""annotation_bc3d292aae98e282302cf4773678bcc5b8cc3cf6b68a8e838a0f68d507d881ed"",""reifier"":{""kind"":""iri"",""value"":""https://blackcatinformatics.ca/gmeow/examples/claim-lie-held-modality-001""},""predicate"":""https://blackcatinformatics.ca/gmeow/confidence"",""object"":{""kind"":""literal"",""lexical"":""0.8"",""datatype"":""http://www.w3.org/2001/XMLSchema#decimal"",""language"":null,""direction"":null},""graph"":{""kind"":""default""}}"
annotation,annotation_bd4f73594aaf1fc71f46c571862aef6d0560b103abde39d88cb3a989f35227b7,"{""id"":""annotation_bd4f73594aaf1fc71f46c571862aef6d0560b103abde39d88cb3a989f35227b7"",""reifier"":{""kind"":""iri"",""value"":""https://blackcatinformatics.ca/gmeow/examples/claim-disinformation-downstream-held-001""},""predicate"":""https://blackcatinformatics.ca/gmeow/assertedAt"",""object"":{""kind"":""literal"",""lexical"":""2026-06-11T00:00:00Z"",""datatype"":""http://www.w3.org/2001/XMLSchema#dateTime"",""language"":null,""direction"":null},""graph"":{""kind"":""default""}}"
annotation,annotation_bfb7109bb26619b124cec38d399bf5b58b75c6f9983ee7c7a9f35496c09036e6,"{""id"":""annotation_bfb7109bb26619b124cec38d399bf5b58b75c6f9983ee7c7a9f35496c09036e6"",""reifier"":{""kind"":""iri"",""value"":""https://blackcatinformatics.ca/gmeow/examples/claim-disinformation-origin-projected-modality-001""},""predicate"":""https://blackcatinformatics.ca/gmeow/assertedAt"",""object"":{""kind"":""literal"",""lexical"":""2026-06-11T00:00:00Z"",""datatype"":""http://www.w3.org/2001/XMLSchema#dateTime"",""language"":null,""direction"":null},""graph"":{""kind"":""default""}}"
annotation,annotation_bfc988e20343874c52f81fbd2e930d2e3cf7e4ab9b170b013f385a5b3450c1f5,"{""id"":""annotation_bfc988e20343874c52f81fbd2e930d2e3cf7e4ab9b170b013f385a5b3450c1f5"",""reifier"":{""kind"":""iri"",""value"":""https://blackcatinformatics.ca/gmeow/examples/music/claim-math-rock-critics""},""predicate"":""https://blackcatinformatics.ca/gmeow/confidence"",""object"":{""kind"":""literal"",""lexical"":""0.9"",""datatype"":""http://www.w3.org/2001/XMLSchema#decimal"",""language"":null,""direction"":null},""graph"":{""kind"":""default""}}"
annotation,annotation_c0c8bd3934b9db3c42cd24179a45e3064fada4c961c2e4b6d56f7f814bfd710c,"{""id"":""annotation_c0c8bd3934b9db3c42cd24179a45e3064fada4c961c2e4b6d56f7f814bfd710c"",""reifier"":{""kind"":""iri"",""value"":""https://blackcatinformatics.ca/gmeow/examples/claim-disinformation-origin-deceiver-participant-001""},""predicate"":""https://blackcatinformatics.ca/gmeow/confidence"",""object"":{""kind"":""literal"",""lexical"":""0.9"",""datatype"":""http://www.w3.org/2001/XMLSchema#decimal"",""language"":null,""direction"":null},""graph"":{""kind"":""default""}}"
annotation,annotation_c10c2b0bcbd6c9486270ce3b9d1f45ef965c612d75782df7f4d0c7ab9d8b5cb5,"{""id"":""annotation_c10c2b0bcbd6c9486270ce3b9d1f45ef965c612d75782df7f4d0c7ab9d8b5cb5"",""reifier"":{""kind"":""iri"",""value"":""https://blackcatinformatics.ca/gmeow/examples/claim-disinformation-dupe-role-001""},""predicate"":""https://blackcatinformatics.ca/gmeow/assertedAt"",""object"":{""kind"":""literal"",""lexical"":""2026-06-11T00:00:00Z"",""datatype"":""http://www.w3.org/2001/XMLSchema#dateTime"",""language"":null,""direction"":null},""graph"":{""kind"":""default""}}"
annotation,annotation_c133be7f14e0c8bc2fb4d750b0ece44ef98fb65b81afef760b8c9996adacbc7a,"{""id"":""annotation_c133be7f14e0c8bc2fb4d750b0ece44ef98fb65b81afef760b8c9996adacbc7a"",""reifier"":{""kind"":""iri"",""value"":""https://blackcatinformatics.ca/gmeow/examples/claim-disinformation-downstream-held-001""},""predicate"":""https://blackcatinformatics.ca/gmeow/confidence"",""object"":{""kind"":""literal"",""lexical"":""0.6"",""datatype"":""http://www.w3.org/2001/XMLSchema#decimal"",""language"":null,""direction"":null},""graph"":{""kind"":""default""}}"
annotation,annotation_c1bec481d6b64e7656610ee0411026a8f0699992305a321e92efad367b02da29,"{""id"":""annotation_c1bec481d6b64e7656610ee0411026a8f0699992305a321e92efad367b02da29"",""reifier"":{""kind"":""iri"",""value"":""https://blackcatinformatics.ca/gmeow/examples/claim-slam-occupancy-cell-42""},""predicate"":""https://blackcatinformatics.ca/gmeow/accordingTo"",""object"":{""kind"":""iri"",""value"":""https://blackcatinformatics.ca/gmeow/examples/robot-sensor-standpoint""},""graph"":{""kind"":""default""}}"
annotation,annotation_c1c059d3297ef8d2921ad80aebb134306b457d358d2b29b183904d0283083792,"{""id"":""annotation_c1c059d3297ef8d2921ad80aebb134306b457d358d2b29b183904d0283083792"",""reifier"":{""kind"":""iri"",""value"":""https://blackcatinformatics.ca/gmeow/examples/claim-event-impersonation-001""},""predicate"":""https://blackcatinformatics.ca/gmeow/accordingTo"",""object"":{""kind"":""iri"",""value"":""https://blackcatinformatics.ca/gmeow/examples/standpoint-investigator""},""graph"":{""kind"":""default""}}"
annotation,annotation_c2c58c21c54edb9f6bb526a549fe363296016c5dfc3a06c70cc7d25c64a6e756,"{""id"":""annotation_c2c58c21c54edb9f6bb526a549fe363296016c5dfc3a06c70cc7d25c64a6e756"",""reifier"":{""kind"":""iri"",""value"":""https://blackcatinformatics.ca/gmeow/examples/claim-self-deception-projected-modality-001""},""predicate"":""https://blackcatinformatics.ca/gmeow/confidence"",""object"":{""kind"":""literal"",""lexical"":""0.75"",""datatype"":""http://www.w3.org/2001/XMLSchema#decimal"",""language"":null,""direction"":null},""graph"":{""kind"":""default""}}"
annotation,annotation_c51a1385579685119a538904466bb6861c825f23a46dddb274c2fe0ce8a2a997,"{""id"":""annotation_c51a1385579685119a538904466bb6861c825f23a46dddb274c2fe0ce8a2a997"",""reifier"":{""kind"":""iri"",""value"":""https://blackcatinformatics.ca/gmeow/examples/claim-crimea-in-russia-per-ru""},""predicate"":""https://blackcatinformatics.ca/gmeow/mappedFrom"",""object"":{""kind"":""iri"",""value"":""https://blackcatinformatics.ca/gmeow/examples/src-ru-decree""},""graph"":{""kind"":""default""}}"
annotation,annotation_c52620638c97cc34903a9d93b8989e02ba436367d45aeaffbf0d131345124c9c,"{""id"":""annotation_c52620638c97cc34903a9d93b8989e02ba436367d45aeaffbf0d131345124c9c"",""reifier"":{""kind"":""iri"",""value"":""https://blackcatinformatics.ca/gmeow/examples/claim-sockpuppet-counterpart-001""},""predicate"":""https://blackcatinformatics.ca/gmeow/assertedAt"",""object"":{""kind"":""literal"",""lexical"":""2026-06-10T00:00:00Z"",""datatype"":""http://www.w3.org/2001/XMLSchema#dateTime"",""language"":null,""direction"":null},""graph"":{""kind"":""default""}}"
annotation,annotation_c5442c83962a1147ee3155363aea074639c8f5194cef7c1d382ca55f17b91285,"{""id"":""annotation_c5442c83962a1147ee3155363aea074639c8f5194cef7c1d382ca55f17b91285"",""reifier"":{""kind"":""iri"",""value"":""https://blackcatinformatics.ca/gmeow/examples/claim-bullshit-held-001""},""predicate"":""https://blackcatinformatics.ca/gmeow/assertedAt"",""object"":{""kind"":""literal"",""lexical"":""2026-06-05T00:00:00Z"",""datatype"":""http://www.w3.org/2001/XMLSchema#dateTime"",""language"":null,""direction"":null},""graph"":{""kind"":""default""}}"
annotation,annotation_c54785e9453695d75d44ab140f2b81057bdcf55f9e17687e869abe6ed6f168bf,"{""id"":""annotation_c54785e9453695d75d44ab140f2b81057bdcf55f9e17687e869abe6ed6f168bf"",""reifier"":{""kind"":""iri"",""value"":""https://blackcatinformatics.ca/gmeow/examples/claim-event-paltering-001""},""predicate"":""https://blackcatinformatics.ca/gmeow/accordingTo"",""object"":{""kind"":""iri"",""value"":""https://blackcatinformatics.ca/gmeow/examples/standpoint-investigator""},""graph"":{""kind"":""default""}}"
annotation,annotation_c5921a0f4bd1c38b2ae2e36c64093c7d080abb7fc4c19b123e780f83bbbe3868,"{""id"":""annotation_c5921a0f4bd1c38b2ae2e36c64093c7d080abb7fc4c19b123e780f83bbbe3868"",""reifier"":{""kind"":""iri"",""value"":""https://blackcatinformatics.ca/gmeow/examples/claim-disinformation-downstream-belief-modality-001""},""predicate"":""https://blackcatinformatics.ca/gmeow/assertedAt"",""object"":{""kind"":""literal"",""lexical"":""2026-06-11T00:00:00Z"",""datatype"":""http://www.w3.org/2001/XMLSchema#dateTime"",""language"":null,""direction"":null},""graph"":{""kind"":""default""}}"
annotation,annotation_c61574fab718702bf8c7473e07a802f3fe855481a0fe4eca0e209444204fbde5,"{""id"":""annotation_c61574fab718702bf8c7473e07a802f3fe855481a0fe4eca0e209444204fbde5"",""reifier"":{""kind"":""iri"",""value"":""https://blackcatinformatics.ca/gmeow/examples/claim-disinformation-downstream-belief-veridicality-001""},""predicate"":""https://blackcatinformatics.ca/gmeow/assertedAt"",""object"":{""kind"":""literal"",""lexical"":""2026-06-11T00:00:00Z"",""datatype"":""http://www.w3.org/2001/XMLSchema#dateTime"",""language"":null,""direction"":null},""graph"":{""kind"":""default""}}"
annotation,annotation_c6bf60ec3871e2e8eeeafe703077faa93638a9d706db91c619d63ecf62a590ad,"{""id"":""annotation_c6bf60ec3871e2e8eeeafe703077faa93638a9d706db91c619d63ecf62a590ad"",""reifier"":{""kind"":""iri"",""value"":""https://blackcatinformatics.ca/gmeow/examples/claim-fiction-001""},""predicate"":""https://blackcatinformatics.ca/gmeow/assertedAt"",""object"":{""kind"":""literal"",""lexical"":""2026-03-01T00:00:00Z"",""datatype"":""http://www.w3.org/2001/XMLSchema#dateTime"",""language"":null,""direction"":null},""graph"":{""kind"":""default""}}"
annotation,annotation_c796d820b1d28582ce1dd3363b91103da474e301f60c7a5e4a71ae9b53329db8,"{""id"":""annotation_c796d820b1d28582ce1dd3363b91103da474e301f60c7a5e4a71ae9b53329db8"",""reifier"":{""kind"":""iri"",""value"":""https://blackcatinformatics.ca/gmeow/examples/claim-event-disinformation-001""},""predicate"":""https://blackcatinformatics.ca/gmeow/assertedAt"",""object"":{""kind"":""literal"",""lexical"":""2026-06-11T00:00:00Z"",""datatype"":""http://www.w3.org/2001/XMLSchema#dateTime"",""language"":null,""direction"":null},""graph"":{""kind"":""default""}}"
annotation,annotation_c82868f7f55a8c053e7e4ac438be86f98cbe8b192faf3b23444e85aee9795834,"{""id"":""annotation_c82868f7f55a8c053e7e4ac438be86f98cbe8b192faf3b23444e85aee9795834"",""reifier"":{""kind"":""iri"",""value"":""https://blackcatinformatics.ca/gmeow/examples/claim-bullshit-projected-modality-001""},""predicate"":""https://blackcatinformatics.ca/gmeow/assertedAt"",""object"":{""kind"":""literal"",""lexical"":""2026-06-05T00:00:00Z"",""datatype"":""http://www.w3.org/2001/XMLSchema#dateTime"",""language"":null,""direction"":null},""graph"":{""kind"":""default""}}"
annotation,annotation_c96cccfd4883525f81f91dfd9b5ac759a776d839ff8942b44f77108317d41a6d,"{""id"":""annotation_c96cccfd4883525f81f91dfd9b5ac759a776d839ff8942b44f77108317d41a6d"",""reifier"":{""kind"":""iri"",""value"":""https://blackcatinformatics.ca/gmeow/examples/claim-bullshit-001""},""predicate"":""https://blackcatinformatics.ca/gmeow/confidence"",""object"":{""kind"":""literal"",""lexical"":""0.7"",""datatype"":""http://www.w3.org/2001/XMLSchema#decimal"",""language"":null,""direction"":null},""graph"":{""kind"":""default""}}"
annotation,annotation_caa1d5e94f05e4c4e262b34602f2c22bfcc1c8ae9547a20615f143ed06d664ff,"{""id"":""annotation_caa1d5e94f05e4c4e262b34602f2c22bfcc1c8ae9547a20615f143ed06d664ff"",""reifier"":{""kind"":""iri"",""value"":""https://blackcatinformatics.ca/gmeow/examples/claim-disinformation-dupe-event-binding-001""},""predicate"":""https://blackcatinformatics.ca/gmeow/assertedAt"",""object"":{""kind"":""literal"",""lexical"":""2026-06-11T00:00:00Z"",""datatype"":""http://www.w3.org/2001/XMLSchema#dateTime"",""language"":null,""direction"":null},""graph"":{""kind"":""default""}}"
annotation,annotation_cc054bb994a085c188bee88e1d6915e7f883b6c183c7ec701f341800ac63a7fb,"{""id"":""annotation_cc054bb994a085c188bee88e1d6915e7f883b6c183c7ec701f341800ac63a7fb"",""reifier"":{""kind"":""iri"",""value"":""https://blackcatinformatics.ca/gmeow/examples/claim-disinformation-dupe-telling-001""},""predicate"":""https://blackcatinformatics.ca/gmeow/confidence"",""object"":{""kind"":""literal"",""lexical"":""0.75"",""datatype"":""http://www.w3.org/2001/XMLSchema#decimal"",""language"":null,""direction"":null},""graph"":{""kind"":""default""}}"
annotation,annotation_cc16823eae706e05596310ea0cc6544a428e3f15481b06b749dd1b1a1864740b,"{""id"":""annotation_cc16823eae706e05596310ea0cc6544a428e3f15481b06b749dd1b1a1864740b"",""reifier"":{""kind"":""iri"",""value"":""https://blackcatinformatics.ca/gmeow/examples/claim-lie-projected-001""},""predicate"":""https://blackcatinformatics.ca/gmeow/assertedAt"",""object"":{""kind"":""literal"",""lexical"":""2026-06-01T00:00:00Z"",""datatype"":""http://www.w3.org/2001/XMLSchema#dateTime"",""language"":null,""direction"":null},""graph"":{""kind"":""default""}}"
annotation,annotation_cc5029d69ee721e27fb6bc35eed7c7aea02c7c69f512ed965ac35f0132a2a9d1,"{""id"":""annotation_cc5029d69ee721e27fb6bc35eed7c7aea02c7c69f512ed965ac35f0132a2a9d1"",""reifier"":{""kind"":""iri"",""value"":""https://blackcatinformatics.ca/gmeow/examples/music/claim-math-rock-critics""},""predicate"":""https://blackcatinformatics.ca/gmeow/accordingTo"",""object"":{""kind"":""iri"",""value"":""https://blackcatinformatics.ca/gmeow/examples/music/standpoint-music-critics""},""graph"":{""kind"":""default""}}"
annotation,annotation_cd0f1052be6237d8df14f3cf824447de634e69ffade0fe802309f0f206c48e60,"{""id"":""annotation_cd0f1052be6237d8df14f3cf824447de634e69ffade0fe802309f0f206c48e60"",""reifier"":{""kind"":""iri"",""value"":""https://blackcatinformatics.ca/gmeow/examples/music/claim-bar17-meter-7_8""},""predicate"":""https://blackcatinformatics.ca/gmeow/accordingTo"",""object"":{""kind"":""iri"",""value"":""https://blackcatinformatics.ca/gmeow/examples/music/standpoint-transcriber-a""},""graph"":{""kind"":""default""}}"
annotation,annotation_cf3b08a84d36f8f42ca33ca92fdb0f3f83a99f535eaf319473e7acf79153f5c5,"{""id"":""annotation_cf3b08a84d36f8f42ca33ca92fdb0f3f83a99f535eaf319473e7acf79153f5c5"",""reifier"":{""kind"":""iri"",""value"":""https://blackcatinformatics.ca/gmeow/examples/claim-disinformation-dupe-belief-modality-001""},""predicate"":""https://blackcatinformatics.ca/gmeow/assertedAt"",""object"":{""kind"":""literal"",""lexical"":""2026-06-11T00:00:00Z"",""datatype"":""http://www.w3.org/2001/XMLSchema#dateTime"",""language"":null,""direction"":null},""graph"":{""kind"":""default""}}"
annotation,annotation_d341e0e498e03bfb8ee2f1f080fdb89c89419229e02dd639f6b0724a616fca5f,"{""id"":""annotation_d341e0e498e03bfb8ee2f1f080fdb89c89419229e02dd639f6b0724a616fca5f"",""reifier"":{""kind"":""iri"",""value"":""https://blackcatinformatics.ca/gmeow/examples/claim-ai-commit-authorship""},""predicate"":""https://blackcatinformatics.ca/gmeow/selfAsserted"",""object"":{""kind"":""literal"",""lexical"":""true"",""datatype"":""http://www.w3.org/2001/XMLSchema#boolean"",""language"":null,""direction"":null},""graph"":{""kind"":""default""}}"
annotation,annotation_d3ee52b982e447791881601f1fcbbe2cd22eda98fe32499fba9bc29290fd11af,"{""id"":""annotation_d3ee52b982e447791881601f1fcbbe2cd22eda98fe32499fba9bc29290fd11af"",""reifier"":{""kind"":""iri"",""value"":""https://blackcatinformatics.ca/gmeow/examples/claim-event-self-deception-001""},""predicate"":""https://blackcatinformatics.ca/gmeow/accordingTo"",""object"":{""kind"":""iri"",""value"":""https://blackcatinformatics.ca/gmeow/examples/standpoint-therapist""},""graph"":{""kind"":""default""}}"
annotation,annotation_d4516e260521122a36e37642b494fb9ff5dce4b5dd5e79b366968063081ec316,"{""id"":""annotation_d4516e260521122a36e37642b494fb9ff5dce4b5dd5e79b366968063081ec316"",""reifier"":{""kind"":""iri"",""value"":""https://blackcatinformatics.ca/gmeow/examples/claim-crimea-in-russia-per-ru""},""predicate"":""https://blackcatinformatics.ca/gmeow/confidence"",""object"":{""kind"":""literal"",""lexical"":""0.9"",""datatype"":""http://www.w3.org/2001/XMLSchema#decimal"",""language"":null,""direction"":null},""graph"":{""kind"":""default""}}"
annotation,annotation_d5cab4157322faf270b93d6a6dc9a2b3411b0d9a1723df3d7afcae7e3405d117,"{""id"":""annotation_d5cab4157322faf270b93d6a6dc9a2b3411b0d9a1723df3d7afcae7e3405d117"",""reifier"":{""kind"":""iri"",""value"":""https://blackcatinformatics.ca/gmeow/examples/claim-fiction-001""},""predicate"":""https://blackcatinformatics.ca/gmeow/accordingTo"",""object"":{""kind"":""iri"",""value"":""https://blackcatinformatics.ca/gmeow/examples/standpoint-publisher""},""graph"":{""kind"":""default""}}"
annotation,annotation_d6f62d2edda7cf714446db3ec45382ba667203e982693b6ae9028f1eba2fd07a,"{""id"":""annotation_d6f62d2edda7cf714446db3ec45382ba667203e982693b6ae9028f1eba2fd07a"",""reifier"":{""kind"":""iri"",""value"":""https://blackcatinformatics.ca/gmeow/examples/claim-event-disinformation-001""},""predicate"":""https://blackcatinformatics.ca/gmeow/confidence"",""object"":{""kind"":""literal"",""lexical"":""0.9"",""datatype"":""http://www.w3.org/2001/XMLSchema#decimal"",""language"":null,""direction"":null},""graph"":{""kind"":""default""}}"
annotation,annotation_d83e553c2538723d448563d2b8bec612320f35d186ec32d5cc47e445236bffc1,"{""id"":""annotation_d83e553c2538723d448563d2b8bec612320f35d186ec32d5cc47e445236bffc1"",""reifier"":{""kind"":""iri"",""value"":""https://blackcatinformatics.ca/gmeow/examples/music/claim-greensleeves-henry-viii""},""predicate"":""https://blackcatinformatics.ca/gmeow/accordingTo"",""object"":{""kind"":""iri"",""value"":""https://blackcatinformatics.ca/gmeow/examples/music/standpoint-popular-tradition""},""graph"":{""kind"":""default""}}"
annotation,annotation_d92e2601df61f7ca2adfc750f31b2c4adc14f7b7007da2dc9d4523e5b0db8417,"{""id"":""annotation_d92e2601df61f7ca2adfc750f31b2c4adc14f7b7007da2dc9d4523e5b0db8417"",""reifier"":{""kind"":""iri"",""value"":""https://blackcatinformatics.ca/gmeow/reifier/48dcc08cba7412ad99d7a65cc9d0db751589d0a2""},""predicate"":""https://blackcatinformatics.ca/gmeow/mappedFrom"",""object"":{""kind"":""iri"",""value"":""https://blackcatinformatics.ca/gmeow/examples/agent-corpus-classifier""},""graph"":{""kind"":""default""}}"
annotation,annotation_d95b6df735194821105b9ac5501613d003e76eb347c3d79252154e028ab2d5e6,"{""id"":""annotation_d95b6df735194821105b9ac5501613d003e76eb347c3d79252154e028ab2d5e6"",""reifier"":{""kind"":""iri"",""value"":""https://blackcatinformatics.ca/gmeow/examples/claim-disinformation-origin-deceiver-001""},""predicate"":""https://blackcatinformatics.ca/gmeow/accordingTo"",""object"":{""kind"":""iri"",""value"":""https://blackcatinformatics.ca/gmeow/examples/standpoint-investigator""},""graph"":{""kind"":""default""}}"
annotation,annotation_d96fab2ed602412e928cf8888415caa98ca00c6c18883532c70c28a080645f63,"{""id"":""annotation_d96fab2ed602412e928cf8888415caa98ca00c6c18883532c70c28a080645f63"",""reifier"":{""kind"":""iri"",""value"":""https://blackcatinformatics.ca/gmeow/examples/claim-lie-projected-001""},""predicate"":""https://blackcatinformatics.ca/gmeow/confidence"",""object"":{""kind"":""literal"",""lexical"":""0.9"",""datatype"":""http://www.w3.org/2001/XMLSchema#decimal"",""language"":null,""direction"":null},""graph"":{""kind"":""default""}}"
annotation,annotation_db23167308481c80fb536845de6fcaf200bf7866049ba5a7ea7db0306e067b21,"{""id"":""annotation_db23167308481c80fb536845de6fcaf200bf7866049ba5a7ea7db0306e067b21"",""reifier"":{""kind"":""iri"",""value"":""https://blackcatinformatics.ca/gmeow/examples/music/claim-bar17-meter-4_4-plus-3_8""},""predicate"":""https://blackcatinformatics.ca/gmeow/standpointModality"",""object"":{""kind"":""iri"",""value"":""https://blackcatinformatics.ca/gmeow/unequivocal""},""graph"":{""kind"":""default""}}"
annotation,annotation_dc317b7b38ea6cdfae2a6aeb65a4e1373b98b85ea8f900132300cc06c6d81d32,"{""id"":""annotation_dc317b7b38ea6cdfae2a6aeb65a4e1373b98b85ea8f900132300cc06c6d81d32"",""reifier"":{""kind"":""iri"",""value"":""https://blackcatinformatics.ca/gmeow/examples/claim-event-impersonation-001""},""predicate"":""https://blackcatinformatics.ca/gmeow/confidence"",""object"":{""kind"":""literal"",""lexical"":""0.87"",""datatype"":""http://www.w3.org/2001/XMLSchema#decimal"",""language"":null,""direction"":null},""graph"":{""kind"":""default""}}"
annotation,annotation_dcfd71b72bf7fb09eef3819750acddf51b1b60dfc83540e50f5ce702e0d0b955,"{""id"":""annotation_dcfd71b72bf7fb09eef3819750acddf51b1b60dfc83540e50f5ce702e0d0b955"",""reifier"":{""kind"":""iri"",""value"":""https://blackcatinformatics.ca/gmeow/examples/claim-disinformation-downstream-telling-001""},""predicate"":""https://blackcatinformatics.ca/gmeow/assertedAt"",""object"":{""kind"":""literal"",""lexical"":""2026-06-11T00:00:00Z"",""datatype"":""http://www.w3.org/2001/XMLSchema#dateTime"",""language"":null,""direction"":null},""graph"":{""kind"":""default""}}"
annotation,annotation_de50b5b981e06b49b44cdeb9a12ffe4a292d1447f37f4187782dfc8989032826,"{""id"":""annotation_de50b5b981e06b49b44cdeb9a12ffe4a292d1447f37f4187782dfc8989032826"",""reifier"":{""kind"":""iri"",""value"":""https://blackcatinformatics.ca/gmeow/examples/claim-self-deception-held-001""},""predicate"":""https://blackcatinformatics.ca/gmeow/confidence"",""object"":{""kind"":""literal"",""lexical"":""0.6"",""datatype"":""http://www.w3.org/2001/XMLSchema#decimal"",""language"":null,""direction"":null},""graph"":{""kind"":""default""}}"
annotation,annotation_df07068991a9e5be0740e5c1ba63c5278532f92271ef3c51101958f082c51101,"{""id"":""annotation_df07068991a9e5be0740e5c1ba63c5278532f92271ef3c51101958f082c51101"",""reifier"":{""kind"":""iri"",""value"":""https://blackcatinformatics.ca/gmeow/examples/claim-event-lie-001""},""predicate"":""https://blackcatinformatics.ca/gmeow/assertedAt"",""object"":{""kind"":""literal"",""lexical"":""2026-06-01T00:00:00Z"",""datatype"":""http://www.w3.org/2001/XMLSchema#dateTime"",""language"":null,""direction"":null},""graph"":{""kind"":""default""}}"
annotation,annotation_df12582f60e9e7273adbe03ed6c6ec6d64f27416df39c87c33cd91c1d7e9f478,"{""id"":""annotation_df12582f60e9e7273adbe03ed6c6ec6d64f27416df39c87c33cd91c1d7e9f478"",""reifier"":{""kind"":""iri"",""value"":""https://blackcatinformatics.ca/gmeow/examples/claim-territory-1850-per-2025-historiography""},""predicate"":""https://blackcatinformatics.ca/gmeow/validFrom"",""object"":{""kind"":""literal"",""lexical"":""1850-01-01T00:00:00Z"",""datatype"":""http://www.w3.org/2001/XMLSchema#dateTime"",""language"":null,""direction"":null},""graph"":{""kind"":""default""}}"
annotation,annotation_df4ae011013b7928217d6adfcfe1a590b4fec0d52f15e0afae9ac68a312a4521,"{""id"":""annotation_df4ae011013b7928217d6adfcfe1a590b4fec0d52f15e0afae9ac68a312a4521"",""reifier"":{""kind"":""iri"",""value"":""https://blackcatinformatics.ca/gmeow/examples/claim-event-omission-001""},""predicate"":""https://blackcatinformatics.ca/gmeow/accordingTo"",""object"":{""kind"":""iri"",""value"":""https://blackcatinformatics.ca/gmeow/examples/standpoint-investigator""},""graph"":{""kind"":""default""}}"
annotation,annotation_df5c900ff2e39284b9e7d6ec02dc06f84e3d950d7562e05cb5de3af6e7a15b21,"{""id"":""annotation_df5c900ff2e39284b9e7d6ec02dc06f84e3d950d7562e05cb5de3af6e7a15b21"",""reifier"":{""kind"":""iri"",""value"":""https://blackcatinformatics.ca/gmeow/examples/claim-fabrication-held-modality-001""},""predicate"":""https://blackcatinformatics.ca/gmeow/assertedAt"",""object"":{""kind"":""literal"",""lexical"":""2026-06-08T00:00:00Z"",""datatype"":""http://www.w3.org/2001/XMLSchema#dateTime"",""language"":null,""direction"":null},""graph"":{""kind"":""default""}}"
annotation,annotation_dfc133bfb1f500ffdeafbf8bf1a5d378981e4a866a30cde584dc6b008e6fc294,"{""id"":""annotation_dfc133bfb1f500ffdeafbf8bf1a5d378981e4a866a30cde584dc6b008e6fc294"",""reifier"":{""kind"":""iri"",""value"":""https://blackcatinformatics.ca/gmeow/examples/claim-paltering-implicates-001""},""predicate"":""https://blackcatinformatics.ca/gmeow/assertedAt"",""object"":{""kind"":""literal"",""lexical"":""2026-06-02T00:00:00Z"",""datatype"":""http://www.w3.org/2001/XMLSchema#dateTime"",""language"":null,""direction"":null},""graph"":{""kind"":""default""}}"
annotation,annotation_e0eb3f8233e59bc892991dbd6fdad92036bd6e6dc4b4e346f9f8722927c32909,"{""id"":""annotation_e0eb3f8233e59bc892991dbd6fdad92036bd6e6dc4b4e346f9f8722927c32909"",""reifier"":{""kind"":""iri"",""value"":""https://blackcatinformatics.ca/gmeow/examples/music/claim-math-rock-critics""},""predicate"":""https://blackcatinformatics.ca/gmeow/standpointModality"",""object"":{""kind"":""iri"",""value"":""https://blackcatinformatics.ca/gmeow/unequivocal""},""graph"":{""kind"":""default""}}"
annotation,annotation_e29311792aeec6cdebdc2fbec39a52a6e34962e95bc58967489b7cb68fbf80d9,"{""id"":""annotation_e29311792aeec6cdebdc2fbec39a52a6e34962e95bc58967489b7cb68fbf80d9"",""reifier"":{""kind"":""iri"",""value"":""https://blackcatinformatics.ca/gmeow/examples/claim-disinformation-origin-deceiver-001""},""predicate"":""https://blackcatinformatics.ca/gmeow/confidence"",""object"":{""kind"":""literal"",""lexical"":""0.9"",""datatype"":""http://www.w3.org/2001/XMLSchema#decimal"",""language"":null,""direction"":null},""graph"":{""kind"":""default""}}"
annotation,annotation_e340eff57f6ec17d7b9f0ce40ecd6cd23ed7b3e6edece7dc02f3d867fc9ea220,"{""id"":""annotation_e340eff57f6ec17d7b9f0ce40ecd6cd23ed7b3e6edece7dc02f3d867fc9ea220"",""reifier"":{""kind"":""iri"",""value"":""https://blackcatinformatics.ca/gmeow/examples/claim-omission-held-001""},""predicate"":""https://blackcatinformatics.ca/gmeow/assertedAt"",""object"":{""kind"":""literal"",""lexical"":""2026-06-03T00:00:00Z"",""datatype"":""http://www.w3.org/2001/XMLSchema#dateTime"",""language"":null,""direction"":null},""graph"":{""kind"":""default""}}"
annotation,annotation_e3f4e6dce9e3cb2e150af053b71fa92e438e867fa50acce78ccd3063ae088e67,"{""id"":""annotation_e3f4e6dce9e3cb2e150af053b71fa92e438e867fa50acce78ccd3063ae088e67"",""reifier"":{""kind"":""iri"",""value"":""https://blackcatinformatics.ca/gmeow/examples/claim-tf-dynamic-end-effector""},""predicate"":""https://blackcatinformatics.ca/gmeow/confidence"",""object"":{""kind"":""literal"",""lexical"":""0.95"",""datatype"":""http://www.w3.org/2001/XMLSchema#decimal"",""language"":null,""direction"":null},""graph"":{""kind"":""default""}}"
annotation,annotation_e46e3630ea5efc76b4b8a07480577de2eb46080dc9b3bc95bbecd78d7d458f25,"{""id"":""annotation_e46e3630ea5efc76b4b8a07480577de2eb46080dc9b3bc95bbecd78d7d458f25"",""reifier"":{""kind"":""iri"",""value"":""https://blackcatinformatics.ca/gmeow/examples/claim-forgery-projected-modality-001""},""predicate"":""https://blackcatinformatics.ca/gmeow/confidence"",""object"":{""kind"":""literal"",""lexical"":""0.9"",""datatype"":""http://www.w3.org/2001/XMLSchema#decimal"",""language"":null,""direction"":null},""graph"":{""kind"":""default""}}"
annotation,annotation_e4d52df656d5a4f6f17aab4c62c921433668019055a811a876d2a7f8c67a3814,"{""id"":""annotation_e4d52df656d5a4f6f17aab4c62c921433668019055a811a876d2a7f8c67a3814"",""reifier"":{""kind"":""iri"",""value"":""https://blackcatinformatics.ca/gmeow/examples/claim-forgery-signature-of-001""},""predicate"":""https://blackcatinformatics.ca/gmeow/assertedAt"",""object"":{""kind"":""literal"",""lexical"":""2026-06-09T00:00:00Z"",""datatype"":""http://www.w3.org/2001/XMLSchema#dateTime"",""language"":null,""direction"":null},""graph"":{""kind"":""default""}}"
annotation,annotation_e83e13d015f9f4bd41395f95d9991982dd130844e1748f7148015c5e84321a1e,"{""id"":""annotation_e83e13d015f9f4bd41395f95d9991982dd130844e1748f7148015c5e84321a1e"",""reifier"":{""kind"":""iri"",""value"":""https://blackcatinformatics.ca/gmeow/examples/claim-event-omission-001""},""predicate"":""https://blackcatinformatics.ca/gmeow/assertedAt"",""object"":{""kind"":""literal"",""lexical"":""2026-06-03T00:00:00Z"",""datatype"":""http://www.w3.org/2001/XMLSchema#dateTime"",""language"":null,""direction"":null},""graph"":{""kind"":""default""}}"
annotation,annotation_e93d3a257358c3580854934cf3894b24f01c9f6a7bcad738a53873c5a3e04ff5,"{""id"":""annotation_e93d3a257358c3580854934cf3894b24f01c9f6a7bcad738a53873c5a3e04ff5"",""reifier"":{""kind"":""iri"",""value"":""https://blackcatinformatics.ca/gmeow/examples/music/claim-not-math-rock-band""},""predicate"":""https://blackcatinformatics.ca/gmeow/confidence"",""object"":{""kind"":""literal"",""lexical"":""1"",""datatype"":""http://www.w3.org/2001/XMLSchema#integer"",""language"":null,""direction"":null},""graph"":{""kind"":""default""}}"
annotation,annotation_e9d0924bcc3db337385fc93c2639b3fd88a8c341197c7bee35aa3081fa86aadd,"{""id"":""annotation_e9d0924bcc3db337385fc93c2639b3fd88a8c341197c7bee35aa3081fa86aadd"",""reifier"":{""kind"":""iri"",""value"":""https://blackcatinformatics.ca/gmeow/examples/rights/claim-photo-license""},""predicate"":""https://blackcatinformatics.ca/gmeow/validUntil"",""object"":{""kind"":""literal"",""lexical"":""2036-01-01T00:00:00Z"",""datatype"":""http://www.w3.org/2001/XMLSchema#dateTime"",""language"":null,""direction"":null},""graph"":{""kind"":""default""}}"
annotation,annotation_ea2f17765d03f819653179b47b032e8933d87339d1fc3d58c4142842b265054b,"{""id"":""annotation_ea2f17765d03f819653179b47b032e8933d87339d1fc3d58c4142842b265054b"",""reifier"":{""kind"":""iri"",""value"":""https://blackcatinformatics.ca/gmeow/examples/claim-distortion-participant-001""},""predicate"":""https://blackcatinformatics.ca/gmeow/assertedAt"",""object"":{""kind"":""literal"",""lexical"":""2026-06-04T00:00:00Z"",""datatype"":""http://www.w3.org/2001/XMLSchema#dateTime"",""language"":null,""direction"":null},""graph"":{""kind"":""default""}}"
annotation,annotation_ea8309b7c76537cf67891bfe0d44b9cdc2c21b7bc8486efbe20a3b231e6d0617,"{""id"":""annotation_ea8309b7c76537cf67891bfe0d44b9cdc2c21b7bc8486efbe20a3b231e6d0617"",""reifier"":{""kind"":""iri"",""value"":""https://blackcatinformatics.ca/gmeow/examples/claim-event-omission-001""},""predicate"":""https://blackcatinformatics.ca/gmeow/confidence"",""object"":{""kind"":""literal"",""lexical"":""0.8"",""datatype"":""http://www.w3.org/2001/XMLSchema#decimal"",""language"":null,""direction"":null},""graph"":{""kind"":""default""}}"
annotation,annotation_eabab54071de8432809667865dbcbece4e40086bc34c9aca00adeb70f472b588,"{""id"":""annotation_eabab54071de8432809667865dbcbece4e40086bc34c9aca00adeb70f472b588"",""reifier"":{""kind"":""iri"",""value"":""https://blackcatinformatics.ca/gmeow/examples/claim-ai-commit-authorship""},""predicate"":""https://blackcatinformatics.ca/gmeow/validFrom"",""object"":{""kind"":""literal"",""lexical"":""2026-06-09"",""datatype"":""http://www.w3.org/2001/XMLSchema#date"",""language"":null,""direction"":null},""graph"":{""kind"":""default""}}"
annotation,annotation_ead8132e0d5d469a431fbcb5868963cc8af7f1d7decd69c22f4364415f0b2959,"{""id"":""annotation_ead8132e0d5d469a431fbcb5868963cc8af7f1d7decd69c22f4364415f0b2959"",""reifier"":{""kind"":""iri"",""value"":""https://blackcatinformatics.ca/gmeow/examples/claim-paltering-held-modality-001""},""predicate"":""https://blackcatinformatics.ca/gmeow/accordingTo"",""object"":{""kind"":""iri"",""value"":""https://blackcatinformatics.ca/gmeow/examples/standpoint-investigator""},""graph"":{""kind"":""default""}}"
annotation,annotation_eb628ba32dd7f3274f76b12ff9222064b21e448de45ec966eb514f404c42ecc0,"{""id"":""annotation_eb628ba32dd7f3274f76b12ff9222064b21e448de45ec966eb514f404c42ecc0"",""reifier"":{""kind"":""iri"",""value"":""https://blackcatinformatics.ca/gmeow/examples/music/claim-greensleeves-anonymous""},""predicate"":""https://blackcatinformatics.ca/gmeow/standpointModality"",""object"":{""kind"":""iri"",""value"":""https://blackcatinformatics.ca/gmeow/unequivocal""},""graph"":{""kind"":""default""}}"
annotation,annotation_eb6dddc9aaefc1b12aa210826f8ed99bc693e1749024856418b541d359c2b8c8,"{""id"":""annotation_eb6dddc9aaefc1b12aa210826f8ed99bc693e1749024856418b541d359c2b8c8"",""reifier"":{""kind"":""iri"",""value"":""https://blackcatinformatics.ca/gmeow/examples/claim-distortion-held-modality-001""},""predicate"":""https://blackcatinformatics.ca/gmeow/assertedAt"",""object"":{""kind"":""literal"",""lexical"":""2026-06-04T00:00:00Z"",""datatype"":""http://www.w3.org/2001/XMLSchema#dateTime"",""language"":null,""direction"":null},""graph"":{""kind"":""default""}}"
annotation,annotation_ebfbba108a47272e8f77142c9f048b567a965f32ee37522ea2cfb063ffe8597f,"{""id"":""annotation_ebfbba108a47272e8f77142c9f048b567a965f32ee37522ea2cfb063ffe8597f"",""reifier"":{""kind"":""iri"",""value"":""https://blackcatinformatics.ca/gmeow/examples/claim-paltering-held-modality-001""},""predicate"":""https://blackcatinformatics.ca/gmeow/assertedAt"",""object"":{""kind"":""literal"",""lexical"":""2026-06-02T00:00:00Z"",""datatype"":""http://www.w3.org/2001/XMLSchema#dateTime"",""language"":null,""direction"":null},""graph"":{""kind"":""default""}}"
annotation,annotation_ed7586976373988f97f1381f3fcc4f972fe145cbc31f6fffc0119414516534a4,"{""id"":""annotation_ed7586976373988f97f1381f3fcc4f972fe145cbc31f6fffc0119414516534a4"",""reifier"":{""kind"":""iri"",""value"":""https://blackcatinformatics.ca/gmeow/examples/music/claim-spectral-key-tonal""},""predicate"":""https://blackcatinformatics.ca/gmeow/standpointModality"",""object"":{""kind"":""iri"",""value"":""https://blackcatinformatics.ca/gmeow/probable""},""graph"":{""kind"":""default""}}"
annotation,annotation_eead7748c8497006113163a1eca393392a213f6b301bd22884383a5e483175fc,"{""id"":""annotation_eead7748c8497006113163a1eca393392a213f6b301bd22884383a5e483175fc"",""reifier"":{""kind"":""iri"",""value"":""https://blackcatinformatics.ca/gmeow/examples/claim-crimea-in-ukraine-per-un""},""predicate"":""https://blackcatinformatics.ca/gmeow/validFrom"",""object"":{""kind"":""literal"",""lexical"":""1991-12-01T00:00:00Z"",""datatype"":""http://www.w3.org/2001/XMLSchema#dateTime"",""language"":null,""direction"":null},""graph"":{""kind"":""default""}}"
annotation,annotation_ef0ec446105e67a4cac93d4f5ac67ac38a3ed0b7828042a677a75a7ba98fe645,"{""id"":""annotation_ef0ec446105e67a4cac93d4f5ac67ac38a3ed0b7828042a677a75a7ba98fe645"",""reifier"":{""kind"":""iri"",""value"":""https://blackcatinformatics.ca/gmeow/examples/rights/claim-photo-copyright-holder""},""predicate"":""https://blackcatinformatics.ca/gmeow/mappedFrom"",""object"":{""kind"":""iri"",""value"":""https://blackcatinformatics.ca/gmeow/examples/rights/src-rights-register""},""graph"":{""kind"":""default""}}"
annotation,annotation_efb7d78b191fbb9199617cd39cad803e99398b1ec168c355a2ccedb10f89173d,"{""id"":""annotation_efb7d78b191fbb9199617cd39cad803e99398b1ec168c355a2ccedb10f89173d"",""reifier"":{""kind"":""iri"",""value"":""https://blackcatinformatics.ca/gmeow/examples/claim-paltering-held-refutes-implicated-001""},""predicate"":""https://blackcatinformatics.ca/gmeow/assertedAt"",""object"":{""kind"":""literal"",""lexical"":""2026-06-02T00:00:00Z"",""datatype"":""http://www.w3.org/2001/XMLSchema#dateTime"",""language"":null,""direction"":null},""graph"":{""kind"":""default""}}"
annotation,annotation_f0c49e2ea9a41ecfbf00a53466b965cc36e517b07dcb0905a8691a19a4816493,"{""id"":""annotation_f0c49e2ea9a41ecfbf00a53466b965cc36e517b07dcb0905a8691a19a4816493"",""reifier"":{""kind"":""iri"",""value"":""https://blackcatinformatics.ca/gmeow/examples/claim-factcheck-001""},""predicate"":""https://blackcatinformatics.ca/gmeow/confidence"",""object"":{""kind"":""literal"",""lexical"":""0.92"",""datatype"":""http://www.w3.org/2001/XMLSchema#decimal"",""language"":null,""direction"":null},""graph"":{""kind"":""default""}}"
annotation,annotation_f32f088fb3aed9d3f43bbffb0e0f54b7e68f084415f36d1ee11452bd53e8bb36,"{""id"":""annotation_f32f088fb3aed9d3f43bbffb0e0f54b7e68f084415f36d1ee11452bd53e8bb36"",""reifier"":{""kind"":""iri"",""value"":""https://blackcatinformatics.ca/gmeow/examples/claim-slam-occupancy-cell-42""},""predicate"":""https://blackcatinformatics.ca/gmeow/confidence"",""object"":{""kind"":""literal"",""lexical"":""0.72"",""datatype"":""http://www.w3.org/2001/XMLSchema#decimal"",""language"":null,""direction"":null},""graph"":{""kind"":""default""}}"
annotation,annotation_f39922c26fe2d8e6c2d348d9f5911a5b12b5032fb305520aa3491bf15e65d21f,"{""id"":""annotation_f39922c26fe2d8e6c2d348d9f5911a5b12b5032fb305520aa3491bf15e65d21f"",""reifier"":{""kind"":""iri"",""value"":""https://blackcatinformatics.ca/gmeow/examples/claim-impersonation-held-modality-001""},""predicate"":""https://blackcatinformatics.ca/gmeow/accordingTo"",""object"":{""kind"":""iri"",""value"":""https://blackcatinformatics.ca/gmeow/examples/standpoint-investigator""},""graph"":{""kind"":""default""}}"
annotation,annotation_f5dc5cd2fc1f526513d30f794e4f3f207da1549ed736be58850c0626d9bfe1e5,"{""id"":""annotation_f5dc5cd2fc1f526513d30f794e4f3f207da1549ed736be58850c0626d9bfe1e5"",""reifier"":{""kind"":""iri"",""value"":""https://blackcatinformatics.ca/gmeow/examples/claim-ai-commit-authorship""},""predicate"":""https://blackcatinformatics.ca/gmeow/assertedAt"",""object"":{""kind"":""literal"",""lexical"":""2026-06-09T10:00:00Z"",""datatype"":""http://www.w3.org/2001/XMLSchema#dateTime"",""language"":null,""direction"":null},""graph"":{""kind"":""default""}}"
annotation,annotation_f5e050a3e82de3e9abd91981520c2988e262579a436e83911d86fa8a70da4c26,"{""id"":""annotation_f5e050a3e82de3e9abd91981520c2988e262579a436e83911d86fa8a70da4c26"",""reifier"":{""kind"":""iri"",""value"":""https://blackcatinformatics.ca/gmeow/examples/claim-disinformation-origin-projected-modality-001""},""predicate"":""https://blackcatinformatics.ca/gmeow/accordingTo"",""object"":{""kind"":""iri"",""value"":""https://blackcatinformatics.ca/gmeow/examples/standpoint-deceiver""},""graph"":{""kind"":""default""}}"
annotation,annotation_f69d15955f6e719fe690e95e4e640871b7364fa60cf0f83a433780056ed76669,"{""id"":""annotation_f69d15955f6e719fe690e95e4e640871b7364fa60cf0f83a433780056ed76669"",""reifier"":{""kind"":""iri"",""value"":""https://blackcatinformatics.ca/gmeow/examples/claim-lie-held-modality-001""},""predicate"":""https://blackcatinformatics.ca/gmeow/assertedAt"",""object"":{""kind"":""literal"",""lexical"":""2026-06-01T00:00:00Z"",""datatype"":""http://www.w3.org/2001/XMLSchema#dateTime"",""language"":null,""direction"":null},""graph"":{""kind"":""default""}}"
annotation,annotation_f77da0c0145159ea6fd71088d7fb94abe05544aa97a779d7e73d1ebde85d589a,"{""id"":""annotation_f77da0c0145159ea6fd71088d7fb94abe05544aa97a779d7e73d1ebde85d589a"",""reifier"":{""kind"":""iri"",""value"":""https://blackcatinformatics.ca/gmeow/examples/claim-disinformation-origin-deceiver-event-001""},""predicate"":""https://blackcatinformatics.ca/gmeow/confidence"",""object"":{""kind"":""literal"",""lexical"":""0.9"",""datatype"":""http://www.w3.org/2001/XMLSchema#decimal"",""language"":null,""direction"":null},""graph"":{""kind"":""default""}}"
annotation,annotation_f89bd6ff47aad63cec32ab397d513dcc053608c875b23a021b6d23dfd8ccd712,"{""id"":""annotation_f89bd6ff47aad63cec32ab397d513dcc053608c875b23a021b6d23dfd8ccd712"",""reifier"":{""kind"":""iri"",""value"":""https://blackcatinformatics.ca/gmeow/examples/claim-paltering-held-modality-001""},""predicate"":""https://blackcatinformatics.ca/gmeow/confidence"",""object"":{""kind"":""literal"",""lexical"":""0.78"",""datatype"":""http://www.w3.org/2001/XMLSchema#decimal"",""language"":null,""direction"":null},""graph"":{""kind"":""default""}}"
annotation,annotation_f89f6107029197740436fdab9bf0ae62c4d95bd948b0828aea5a0bb9dd70fbb1,"{""id"":""annotation_f89f6107029197740436fdab9bf0ae62c4d95bd948b0828aea5a0bb9dd70fbb1"",""reifier"":{""kind"":""iri"",""value"":""https://blackcatinformatics.ca/gmeow/examples/rights/claim-mark-holder-omega""},""predicate"":""https://blackcatinformatics.ca/gmeow/accordingTo"",""object"":{""kind"":""iri"",""value"":""https://blackcatinformatics.ca/gmeow/examples/rights/standpoint-omega""},""graph"":{""kind"":""default""}}"
annotation,annotation_f98012178301e6b52370bbdf77a96de6516c987597b678f1e920484b30d90837,"{""id"":""annotation_f98012178301e6b52370bbdf77a96de6516c987597b678f1e920484b30d90837"",""reifier"":{""kind"":""iri"",""value"":""https://blackcatinformatics.ca/gmeow/examples/claim-event-disinformation-001""},""predicate"":""https://blackcatinformatics.ca/gmeow/accordingTo"",""object"":{""kind"":""iri"",""value"":""https://blackcatinformatics.ca/gmeow/examples/standpoint-investigator""},""graph"":{""kind"":""default""}}"
annotation,annotation_fa200519a694a3ffae70a91bd510a94715f3c70a4a558580ec869ce7b5488ac6,"{""id"":""annotation_fa200519a694a3ffae70a91bd510a94715f3c70a4a558580ec869ce7b5488ac6"",""reifier"":{""kind"":""iri"",""value"":""https://blackcatinformatics.ca/gmeow/examples/claim-impersonation-projected-modality-001""},""predicate"":""https://blackcatinformatics.ca/gmeow/accordingTo"",""object"":{""kind"":""iri"",""value"":""https://blackcatinformatics.ca/gmeow/examples/standpoint-deceiver""},""graph"":{""kind"":""default""}}"
annotation,annotation_fb1d769314ccf37a38dedab4261453682c70cb82ec5a0b77e8df8ecf452c7420,"{""id"":""annotation_fb1d769314ccf37a38dedab4261453682c70cb82ec5a0b77e8df8ecf452c7420"",""reifier"":{""kind"":""iri"",""value"":""https://blackcatinformatics.ca/gmeow/examples/claim-self-deception-held-001""},""predicate"":""https://blackcatinformatics.ca/gmeow/assertedAt"",""object"":{""kind"":""literal"",""lexical"":""2026-06-06T00:00:00Z"",""datatype"":""http://www.w3.org/2001/XMLSchema#dateTime"",""language"":null,""direction"":null},""graph"":{""kind"":""default""}}"
annotation,annotation_fc6d1da5dd661f5ccbe84901f0901cbaecca974dfadbc67b5aed258a8dd00952,"{""id"":""annotation_fc6d1da5dd661f5ccbe84901f0901cbaecca974dfadbc67b5aed258a8dd00952"",""reifier"":{""kind"":""iri"",""value"":""https://blackcatinformatics.ca/gmeow/examples/claim-disinformation-dupe-belief-veridicality-001""},""predicate"":""https://blackcatinformatics.ca/gmeow/confidence"",""object"":{""kind"":""literal"",""lexical"":""0.8"",""datatype"":""http://www.w3.org/2001/XMLSchema#decimal"",""language"":null,""direction"":null},""graph"":{""kind"":""default""}}"
annotation,annotation_fc7465fb3f3312063af8c45850841202612acf939f3d0ee061543e8cb62f7015,"{""id"":""annotation_fc7465fb3f3312063af8c45850841202612acf939f3d0ee061543e8cb62f7015"",""reifier"":{""kind"":""iri"",""value"":""https://blackcatinformatics.ca/gmeow/examples/rights/claim-photo-copyright-holder""},""predicate"":""https://blackcatinformatics.ca/gmeow/assertedAt"",""object"":{""kind"":""literal"",""lexical"":""2026-03-01T00:00:00Z"",""datatype"":""http://www.w3.org/2001/XMLSchema#dateTime"",""language"":null,""direction"":null},""graph"":{""kind"":""default""}}"
annotation,annotation_fd177abccc7a18f24a8e9fbe78d97b16c7bf3def1a3459661f3d6446d298bf8a,"{""id"":""annotation_fd177abccc7a18f24a8e9fbe78d97b16c7bf3def1a3459661f3d6446d298bf8a"",""reifier"":{""kind"":""iri"",""value"":""https://blackcatinformatics.ca/gmeow/examples/music/claim-spectral-key-refuted""},""predicate"":""https://blackcatinformatics.ca/gmeow/accordingTo"",""object"":{""kind"":""iri"",""value"":""https://blackcatinformatics.ca/gmeow/examples/music/standpoint-spectral-analyst""},""graph"":{""kind"":""default""}}"
annotation,annotation_fd4743d634385f297a26acc4a5a0e61323163139c69c811c37f8a46f4e551868,"{""id"":""annotation_fd4743d634385f297a26acc4a5a0e61323163139c69c811c37f8a46f4e551868"",""reifier"":{""kind"":""iri"",""value"":""https://blackcatinformatics.ca/gmeow/examples/ai/claim-east-wing-close""},""predicate"":""https://blackcatinformatics.ca/gmeow/assertedAt"",""object"":{""kind"":""literal"",""lexical"":""2026-06-12T03:00:00Z"",""datatype"":""http://www.w3.org/2001/XMLSchema#dateTime"",""language"":null,""direction"":null},""graph"":{""kind"":""default""}}"
annotation,annotation_fdb04fd2e5c2505f1d504f1f8e322b9ad676253b89e92480a3d01096f2d9c099,"{""id"":""annotation_fdb04fd2e5c2505f1d504f1f8e322b9ad676253b89e92480a3d01096f2d9c099"",""reifier"":{""kind"":""iri"",""value"":""https://blackcatinformatics.ca/gmeow/examples/claim-event-forgery-001""},""predicate"":""https://blackcatinformatics.ca/gmeow/assertedAt"",""object"":{""kind"":""literal"",""lexical"":""2026-06-09T00:00:00Z"",""datatype"":""http://www.w3.org/2001/XMLSchema#dateTime"",""language"":null,""direction"":null},""graph"":{""kind"":""default""}}"
annotation,annotation_ffe661b0eb2b790cd8e15f48797888b50991ba043eefb85e65f9d5cd81f08780,"{""id"":""annotation_ffe661b0eb2b790cd8e15f48797888b50991ba043eefb85e65f9d5cd81f08780"",""reifier"":{""kind"":""iri"",""value"":""https://blackcatinformatics.ca/gmeow/examples/claim-impersonation-facet-subject-001""},""predicate"":""https://blackcatinformatics.ca/gmeow/assertedAt"",""object"":{""kind"":""literal"",""lexical"":""2026-06-10T00:00:00Z"",""datatype"":""http://www.w3.org/2001/XMLSchema#dateTime"",""language"":null,""direction"":null},""graph"":{""kind"":""default""}}"
