id,identity_json,labels_json,properties_json
node_004909c462492eb74996992f549929d34f491f8ca645ff2098c558c9ca3cff43,"{""kind"":""iri"",""value"":""https://blackcatinformatics.ca/gmeow/examples/claim-impersonation-held-modality-001""}",[],[]
node_007d7ab8951b3511b54be21cc361d4c27e4830ac3d8cd0f1a3742c2b7ebdbc31,"{""kind"":""iri"",""value"":""https://blackcatinformatics.ca/gmeow/examples/claim-impersonation-projected-modality-001""}",[],[]
node_028205e2d95a9016ee371fc2a19a57819062b4d207f2a58f5b2041fa3cffe14e,"{""kind"":""triple"",""subject"":{""kind"":""iri"",""value"":""https://blackcatinformatics.ca/gmeow/examples/standpointclaim-distortion-projected-001""},""predicate"":{""kind"":""iri"",""value"":""https://blackcatinformatics.ca/gmeow/claimModality""},""object"":{""kind"":""iri"",""value"":""https://blackcatinformatics.ca/gmeow/unequivocal""}}",[],[]
node_034e1b0bed244d178d64c74ec9fe27e0d8295093d3dffe7d0b21454814a6da49,"{""kind"":""triple"",""subject"":{""kind"":""iri"",""value"":""https://blackcatinformatics.ca/gmeow/examples/event-paltering-001""},""predicate"":{""kind"":""iri"",""value"":""https://blackcatinformatics.ca/gmeow/heldStandpoint""},""object"":{""kind"":""iri"",""value"":""https://blackcatinformatics.ca/gmeow/examples/standpointclaim-paltering-held-001""}}",[],[]
node_03b33ea2ca69621a0f245af99e0247a85bd40231a90d2ed93b484a8f0311a5dd,"{""kind"":""triple"",""subject"":{""kind"":""iri"",""value"":""https://blackcatinformatics.ca/gmeow/examples/event-disinformation-001""},""predicate"":{""kind"":""iri"",""value"":""https://blackcatinformatics.ca/gmeow/hasParticipant""},""object"":{""kind"":""iri"",""value"":""https://blackcatinformatics.ca/gmeow/examples/agent-deceiver-001""}}",[],[]
node_0414cba26f75ae046c932683dd6c6e713dc8a29e11dad67d84450ab145a0b8e2,"{""kind"":""iri"",""value"":""https://blackcatinformatics.ca/gmeow/examples/standpoint-bullshitter""}",[],[]
node_0475b08c4a4a15968fcdcccc16fe4d6498cf848fc57f74cb2b903962fa84238d,"{""kind"":""iri"",""value"":""https://blackcatinformatics.ca/gmeow/examples/standpointclaim-held-001""}",[],[]
node_049737ff2978e6731baae8fa83e5aa5b976dc2124b0e8e7a89ed349121687c99,"{""kind"":""iri"",""value"":""https://blackcatinformatics.ca/gmeow/examples/aiCommit""}",[],[]
node_049779f31dafc610abc56b27c4531ccf8bbc50390067700c57b339dca6129888,"{""kind"":""iri"",""value"":""https://blackcatinformatics.ca/gmeow/examples/standpoint-analyst""}",[],[]
node_04c58e7590b42c969aeb6f99b4129ab689a30a973e183c68841faae5b73fd15f,"{""kind"":""triple"",""subject"":{""kind"":""iri"",""value"":""https://blackcatinformatics.ca/gmeow/examples/event-distortion-001""},""predicate"":{""kind"":""iri"",""value"":""https://blackcatinformatics.ca/gmeow/heldStandpoint""},""object"":{""kind"":""iri"",""value"":""https://blackcatinformatics.ca/gmeow/examples/standpointclaim-distortion-held-001""}}",[],[]
node_04f33df39a4f66ef3aa2263cc51f8432d45839745463354d0db994a0d19f822c,"{""kind"":""iri"",""value"":""https://blackcatinformatics.ca/gmeow/examples/rights/claim-mark-holder-acme""}",[],[]
node_0680314d269c7b618ee5bc30a837d037a472bdfe6835bd4ceefd615b095dc778,"{""kind"":""iri"",""value"":""https://blackcatinformatics.ca/gmeow/harmonicFunctionGermanSixth""}",[],[]
node_06ac21cbd24ae8577ec7ac3e6b4a42506675278cd730efdd793ec09c86014333,"{""kind"":""iri"",""value"":""https://blackcatinformatics.ca/gmeow/examples/standpointclaim-self-deception-projected-001""}",[],[]
node_070d5f3cb7d31cb788721a35323f27e64b0b77e645719fc4b09f4ee10183c05a,"{""kind"":""iri"",""value"":""https://blackcatinformatics.ca/gmeow/examples/russia""}",[],[]
node_0731f3bfd6a1b4ae0c9d281bda1c280356c7a9580c612dbb4712111237c7d22c,"{""kind"":""iri"",""value"":""https://blackcatinformatics.ca/gmeow/examples/music/standpoint-transcriber-a""}",[],[]
node_079727ad1674c46ba4798beadf746e72f5c00c69ce206c7eeff9654df41771e2,"{""kind"":""iri"",""value"":""https://blackcatinformatics.ca/gmeow/reifier/48dcc08cba7412ad99d7a65cc9d0db751589d0a2""}",[],[]
node_07b8d833ba6c04a170bfe0eeea12855ff8fe0d2055f384fbd1a69c6390ecd6ad,"{""kind"":""iri"",""value"":""https://blackcatinformatics.ca/gmeow/examples/claim-factcheck-001""}",[],[]
node_088a4615c5dbe221704ee21e6f10b0a76981cd71fe0b2407947302a959bed3ca,"{""kind"":""triple"",""subject"":{""kind"":""iri"",""value"":""https://blackcatinformatics.ca/gmeow/examples/participation-disinformation-origin-deceiver-001""},""predicate"":{""kind"":""iri"",""value"":""https://blackcatinformatics.ca/gmeow/participationParticipant""},""object"":{""kind"":""iri"",""value"":""https://blackcatinformatics.ca/gmeow/examples/agent-deceiver-001""}}",[],[]
node_09ba9e7a40217b379729f5467bcc5dcdade92617427b4660413ab73701732c0f,"{""kind"":""iri"",""value"":""https://blackcatinformatics.ca/gmeow/examples/standpointclaim-forgery-projected-001""}",[],[]
node_0a8cadb3c5c3598e7dea9e8768f3a9170be16222c9036e1101352985f0a0b0ca,"{""kind"":""iri"",""value"":""https://blackcatinformatics.ca/gmeow/examples/claim-disinformation-origin-held-001""}",[],[]
node_0aa9513e3841e05536c796b8b779f1a5da38e36fe161bd1780c79bdbe715cd06,"{""kind"":""triple"",""subject"":{""kind"":""iri"",""value"":""https://blackcatinformatics.ca/gmeow/examples/event-disinformation-001""},""predicate"":{""kind"":""iri"",""value"":""https://blackcatinformatics.ca/gmeow/heldStandpoint""},""object"":{""kind"":""iri"",""value"":""https://blackcatinformatics.ca/gmeow/examples/standpointclaim-disinformation-origin-held-001""}}",[],[]
node_0ce89154862bd59e4b2f31ca528f6a7412dc9cc241d8fb4531fb01c52ec5de3b,"{""kind"":""triple"",""subject"":{""kind"":""iri"",""value"":""https://blackcatinformatics.ca/gmeow/examples/referenceFrameRobotEndEffector""},""predicate"":{""kind"":""iri"",""value"":""https://blackcatinformatics.ca/gmeow/parentFrame""},""object"":{""kind"":""iri"",""value"":""https://blackcatinformatics.ca/gmeow/referenceFrameRobotBase""}}",[],[]
node_0d56b92f532792325cb558cd3a6e418be25134ca626c5cdf01ed8eb81d192a6f,"{""kind"":""triple"",""subject"":{""kind"":""iri"",""value"":""https://blackcatinformatics.ca/gmeow/examples/cryptographicsignature-forgery-001""},""predicate"":{""kind"":""iri"",""value"":""https://blackcatinformatics.ca/gmeow/hasVerificationStatus""},""object"":{""kind"":""iri"",""value"":""https://blackcatinformatics.ca/gmeow/verificationStatusFailed""}}",[],[]
node_0de274e272864ffcf53be39a7d94c9f9506640d6028a7354190c1b8a72680bf5,"{""kind"":""triple"",""subject"":{""kind"":""iri"",""value"":""https://blackcatinformatics.ca/gmeow/examples/slam-cell-42""},""predicate"":{""kind"":""iri"",""value"":""https://blackcatinformatics.ca/gmeow/hasReferenceFrame""},""object"":{""kind"":""iri"",""value"":""https://blackcatinformatics.ca/gmeow/referenceFrameRobotSLAM""}}",[],[]
node_0e6b6eb8e321530099bab678a050cfdd5b9eb02d67750c59805ec2ca82485ed8,"{""kind"":""iri"",""value"":""https://blackcatinformatics.ca/gmeow/examples/event-dupe-reshare-001""}",[],[]
node_0e9cf57fb66084902e469f226de33b8f611c6feec53c9a9355935a80b12984dd,"{""kind"":""iri"",""value"":""https://blackcatinformatics.ca/gmeow/examples/agent-deceiver-001""}",[],[]
node_100dc2d4b5a39dce306b2b182a8fa23bc7579012878e60779322f89059de1bd3,"{""kind"":""triple"",""subject"":{""kind"":""iri"",""value"":""https://blackcatinformatics.ca/gmeow/examples/event-fabrication-001""},""predicate"":{""kind"":""iri"",""value"":""https://blackcatinformatics.ca/gmeow/heldStandpoint""},""object"":{""kind"":""iri"",""value"":""https://blackcatinformatics.ca/gmeow/examples/standpointclaim-fabrication-held-001""}}",[],[]
node_102dfebd336114836947cd3a7a747e6e5e8af2d049d6dfb383a438b01f5489c2,"{""kind"":""iri"",""value"":""https://blackcatinformatics.ca/gmeow/examples/claim-fabrication-implicates-001""}",[],[]
node_12fce2b16ff88c327e0414226040c34484bbb6c671627a4e0c637ed56215d283,"{""kind"":""iri"",""value"":""https://blackcatinformatics.ca/gmeow/examples/claim-fiction-narrative-frame-001""}",[],[]
node_14569581a5ba27340c829246c0a05a75dd192dec26420ee9489e9bddfbf2382a,"{""kind"":""triple"",""subject"":{""kind"":""iri"",""value"":""https://blackcatinformatics.ca/gmeow/examples/identity-sockpuppet-001""},""predicate"":{""kind"":""iri"",""value"":""https://blackcatinformatics.ca/gmeow/counterpartOf""},""object"":{""kind"":""iri"",""value"":""https://blackcatinformatics.ca/gmeow/examples/identity-deceiver-001""}}",[],[]
node_147a8f9a6706ef3e82ce9c5eff5a1b6cf42b088a3448bf3ec21b56b209025d79,"{""kind"":""iri"",""value"":""https://blackcatinformatics.ca/gmeow/examples/rights/claim-photo-copyright-holder""}",[],[]
node_148dcb25899e0d9ae56cec70930ca50a8717f66c669067dbd052399aab920cf9,"{""kind"":""iri"",""value"":""https://blackcatinformatics.ca/gmeow/examples/claim-disinformation-downstream-projected-001""}",[],[]
node_156c34b5ddddb54676460bafdd80612de0d75784ab6415024eed45940f634817,"{""kind"":""triple"",""subject"":{""kind"":""iri"",""value"":""https://blackcatinformatics.ca/gmeow/examples/event-distortion-001""},""predicate"":{""kind"":""iri"",""value"":""https://blackcatinformatics.ca/gmeow/hasParticipant""},""object"":{""kind"":""iri"",""value"":""https://blackcatinformatics.ca/gmeow/examples/standpoint-spin-doctor""}}",[],[]
node_15bba8a77aeb109c8ea509cfbe6029a00573f04ddcfb48c325b56bc25afe729d,"{""kind"":""iri"",""value"":""https://blackcatinformatics.ca/gmeow/examples/music/claim-spectral-key-refuted""}",[],[]
node_1619ce05fb9ddf4f34a900b8f0a9e787a6b05246436e655ecc23029c5ecfa88f,"{""kind"":""iri"",""value"":""https://blackcatinformatics.ca/gmeow/examples/claim-lie-projected-001""}",[],[]
node_164ca194586b6ce1461366f9fdc1dedf21c71aefb094579a4d9686c7958cc54c,"{""kind"":""iri"",""value"":""https://blackcatinformatics.ca/gmeow/examples/claim-event-paltering-001""}",[],[]
node_16b8cc859216749b85312bd93d0565d4fc43fb0d76e37e02e37a98247aaff999,"{""kind"":""iri"",""value"":""https://blackcatinformatics.ca/gmeow/examples/claim-self-deception-projected-modality-001""}",[],[]
node_16dc801c79a0823f6c139284f8b1233ba6701d6f44c4e0f19fa6f94e21fdb842,"{""kind"":""triple"",""subject"":{""kind"":""iri"",""value"":""https://blackcatinformatics.ca/gmeow/examples/event-bullshit-001""},""predicate"":{""kind"":""iri"",""value"":""https://blackcatinformatics.ca/gmeow/heldStandpoint""},""object"":{""kind"":""iri"",""value"":""https://blackcatinformatics.ca/gmeow/examples/standpointclaim-bullshit-held-001""}}",[],[]
node_16e3ebec05e37d0bc154b65c4c14bf102b5829f7464d7009435e22612ae53033,"{""kind"":""iri"",""value"":""https://blackcatinformatics.ca/gmeow/eventTypeSelfDeception""}",[],[]
node_17aaea17a153213fae8d37c70db78aef9d64148d2b39d1b9cf60da20f69f6d1b,"{""kind"":""iri"",""value"":""https://blackcatinformatics.ca/gmeow/examples/standpoint-deceiver""}",[],[]
node_17b1c6f8e85818a52a6535caad1d6dcbae280bac2d91e5026842864d9166fdf3,"{""kind"":""triple"",""subject"":{""kind"":""iri"",""value"":""https://blackcatinformatics.ca/gmeow/examples/event-lie-001""},""predicate"":{""kind"":""iri"",""value"":""https://blackcatinformatics.ca/gmeow/heldStandpoint""},""object"":{""kind"":""iri"",""value"":""https://blackcatinformatics.ca/gmeow/examples/standpointclaim-lie-held-001""}}",[],[]
node_1848f2c6384ed5478186f319f24c2da298ec79938924e4b20018f4e6e6236a7b,"{""kind"":""iri"",""value"":""https://blackcatinformatics.ca/gmeow/eventTypeLie""}",[],[]
node_18598025f0cc2077d86be0641c2a848fb5b9ec13e30692a2b47cb1249ea07d97,"{""kind"":""triple"",""subject"":{""kind"":""iri"",""value"":""https://blackcatinformatics.ca/gmeow/examples/event-omission-001""},""predicate"":{""kind"":""iri"",""value"":""https://blackcatinformatics.ca/gmeow/heldStandpoint""},""object"":{""kind"":""iri"",""value"":""https://blackcatinformatics.ca/gmeow/examples/standpointclaim-omission-held-001""}}",[],[]
node_1893cd3d20ba2649d03daad8b05d74195029992011dadcbb7be4a5dfde530d79,"{""kind"":""iri"",""value"":""https://blackcatinformatics.ca/gmeow/examples/claim-event-lie-001""}",[],[]
node_18a8df3feb1bbceb9d59545b58afad302eee6b25a4460e20c1e3b9aec8e7873e,"{""kind"":""iri"",""value"":""https://blackcatinformatics.ca/gmeow/examples/standpointclaim-distortion-held-001""}",[],[]
node_19e0215745e4d23e8aa172dd5e95fe301ff81941bbcb992cd88de95358cbe001,"{""kind"":""iri"",""value"":""https://blackcatinformatics.ca/gmeow/examples/claim-lie-held-modality-001""}",[],[]
node_1aaec576592cf08d11382b4ed60606005496631308e27946bea4cf2fd8b50d25,"{""kind"":""triple"",""subject"":{""kind"":""iri"",""value"":""https://blackcatinformatics.ca/gmeow/examples/ai/east-wing""},""predicate"":{""kind"":""iri"",""value"":""https://blackcatinformatics.ca/gmeow/validUntil""},""object"":{""kind"":""literal"",""lexical"":""2026-12-31T22:00:00Z"",""datatype"":""http://www.w3.org/2001/XMLSchema#dateTime"",""language"":null,""direction"":null}}",[],[]
node_1c0a0e0d1302621356f2391e5ccbe36512ce18236008f4dc2d0a41dc2bc80dfa,"{""kind"":""iri"",""value"":""https://blackcatinformatics.ca/gmeow/examples/event-omission-001""}",[],[]
node_1c3bbc2643ebfbb60896bca5fac7afcc0571b26c4aa065988119c66d10a3672c,"{""kind"":""triple"",""subject"":{""kind"":""iri"",""value"":""https://blackcatinformatics.ca/gmeow/examples/standpointclaim-downstream-belief-001""},""predicate"":{""kind"":""iri"",""value"":""https://blackcatinformatics.ca/gmeow/claimModality""},""object"":{""kind"":""iri"",""value"":""https://blackcatinformatics.ca/gmeow/unequivocal""}}",[],[]
node_1cce2d44f1b3a29af96a03722ae534a782ad7e6ffbc92e80cc6f2e04b997455e,"{""kind"":""iri"",""value"":""https://blackcatinformatics.ca/gmeow/examples/standpoint-spin-doctor""}",[],[]
node_1d4ca5830464de0d11de7d6505869e4e148b712238269695b3f2214d3b51d6af,"{""kind"":""iri"",""value"":""https://blackcatinformatics.ca/gmeow/examples/src-civil-register""}",[],[]
node_1dfbef9cdc0df926f64dc68342ae99ba7840c84b91e8901d77e36554af3db845,"{""kind"":""iri"",""value"":""https://blackcatinformatics.ca/gmeow/examples/participation-disinformation-origin-deceiver-001""}",[],[]
node_1e83fb63fe28719b05ce4d9dedb70bfe1ed5ee9de0acd8fb4ca55e1281baec0a,"{""kind"":""iri"",""value"":""https://blackcatinformatics.ca/gmeow/examples/rights/jane""}",[],[]
node_1f05135ca714da6f3d4cfd517e6e8dfc8b9347b4d3072dc0d5f0847063fb5d7b,"{""kind"":""triple"",""subject"":{""kind"":""iri"",""value"":""https://blackcatinformatics.ca/gmeow/examples/event-dupe-reshare-001""},""predicate"":{""kind"":""iri"",""value"":""https://blackcatinformatics.ca/gmeow/projectedStandpoint""},""object"":{""kind"":""iri"",""value"":""https://blackcatinformatics.ca/gmeow/examples/standpointclaim-dupe-belief-001""}}",[],[]
node_1fe5614cc32353824d707a633911aa3e1f6c55a6066b6ffa0089f4ea2a6ac205,"{""kind"":""iri"",""value"":""https://blackcatinformatics.ca/gmeow/examples/agent-self-001""}",[],[]
node_206d96a728dc6ae7dfe23e126bdc41ddbccd366788a6012ec332538cb897ad7c,"{""kind"":""triple"",""subject"":{""kind"":""iri"",""value"":""https://blackcatinformatics.ca/gmeow/fixtureMathRockWork""},""predicate"":{""kind"":""iri"",""value"":""https://blackcatinformatics.ca/gmeow/hasGenre""},""object"":{""kind"":""iri"",""value"":""https://blackcatinformatics.ca/gmeow/genreMathRock""}}",[],[]
node_210d2057f3eac82e92fbd3bff6fdd7c4f4ad2cb41fe1e7bbbeb2c0e9261f6d4c,"{""kind"":""iri"",""value"":""https://blackcatinformatics.ca/gmeow/examples/claim-date-gregorian-1582""}",[],[]
node_2118e5ba0971d82b4ec9a2febee35180cb1425d6b23a3417998f1924ec4a44e3,"{""kind"":""iri"",""value"":""https://blackcatinformatics.ca/gmeow/examples/claim-impersonation-projected-001""}",[],[]
node_2139a5951602d8cf974eafd5796296f149399c2eab043b62f57659d6e384da23,"{""kind"":""iri"",""value"":""https://blackcatinformatics.ca/gmeow/examples/music/standpoint-musicological-consensus""}",[],[]
node_2418de956458a7db208bcec96621ed6ddae07a45d5041b4d5efc36377d65f434,"{""kind"":""iri"",""value"":""https://blackcatinformatics.ca/gmeow/examples/event-impersonation-001""}",[],[]
node_244b7683d014aec273671836e1db137aae7fcc57c14a1cb0d12cefd02aff5c51,"{""kind"":""iri"",""value"":""https://blackcatinformatics.ca/gmeow/examples/claim-event-omission-001""}",[],[]
node_246a5fbe7705540c06c247064a853073df5e735dd5f6ae15a6b0db7806995953,"{""kind"":""iri"",""value"":""https://blackcatinformatics.ca/gmeow/probable""}",[],[]
node_25ffd6b7ceed2735493f815644b4750038fddb67c904585fa874ebbe2aa31747,"{""kind"":""iri"",""value"":""https://blackcatinformatics.ca/gmeow/examples/claim-forgery-held-001""}",[],[]
node_2917081e46473dd73386e94895008d6c9c03749fd399244fc57bc3a9b768c1a5,"{""kind"":""iri"",""value"":""https://blackcatinformatics.ca/gmeow/examples/claim-disinformation-dupe-projected-001""}",[],[]
node_29475456a68c742a5dff30459f148ea2f161eb1c14719270212ef70b4fb153a5,"{""kind"":""iri"",""value"":""https://blackcatinformatics.ca/gmeow/bullshit""}",[],[]
node_2a2c7714bba5c32a65b12660bd986332fa918ef9598647454c2bec26289e2863,"{""kind"":""triple"",""subject"":{""kind"":""iri"",""value"":""https://blackcatinformatics.ca/gmeow/examples/event-lie-001""},""predicate"":{""kind"":""iri"",""value"":""https://blackcatinformatics.ca/gmeow/eventType""},""object"":{""kind"":""iri"",""value"":""https://blackcatinformatics.ca/gmeow/eventTypeLie""}}",[],[]
node_2ab8ecc4a86aceb7b0022b5df880a50f1d3b5274c2fb72e70a428cd50b354145,"{""kind"":""iri"",""value"":""https://blackcatinformatics.ca/gmeow/fixtureRomanNumeralGermanSixthClaim""}",[],[]
node_2b6a2c6ca0fa20347f92442998eb26460b3346c56a793d708a86ae57ffbf0416,"{""kind"":""iri"",""value"":""https://blackcatinformatics.ca/gmeow/examples/standpointclaim-impersonation-held-001""}",[],[]
node_2b90b6b2b72dd035853bf28745c18363ba85ddd5a19960a205b01c66b9f3cef1,"{""kind"":""triple"",""subject"":{""kind"":""iri"",""value"":""https://blackcatinformatics.ca/gmeow/examples/event-downstream-reshare-001""},""predicate"":{""kind"":""iri"",""value"":""https://blackcatinformatics.ca/gmeow/projectedStandpoint""},""object"":{""kind"":""iri"",""value"":""https://blackcatinformatics.ca/gmeow/examples/standpointclaim-downstream-belief-001""}}",[],[]
node_2be479884a26bfb9f12e32cb524f2017d197f5a4cfd92544dccff12fab35b74e,"{""kind"":""iri"",""value"":""https://blackcatinformatics.ca/gmeow/examples/claim-hogwarts-in-canon""}",[],[]
node_2c0fe2975d901163a507d1c1e79acd9653fca3bfb256705fa6b1595c5345f5b5,"{""kind"":""triple"",""subject"":{""kind"":""iri"",""value"":""https://blackcatinformatics.ca/gmeow/examples/rights/repo-license""},""predicate"":{""kind"":""iri"",""value"":""https://blackcatinformatics.ca/gmeow/spdxLicenseId""},""object"":{""kind"":""literal"",""lexical"":""Apache-2.0"",""datatype"":""http://www.w3.org/2001/XMLSchema#string"",""language"":null,""direction"":null}}",[],[]
node_2c23c26153364c5636a2a2999ce66817e26f3813783a8add0e014c6d6535a5bb,"{""kind"":""triple"",""subject"":{""kind"":""iri"",""value"":""https://blackcatinformatics.ca/gmeow/examples/event-bullshit-001""},""predicate"":{""kind"":""iri"",""value"":""https://blackcatinformatics.ca/gmeow/projectedStandpoint""},""object"":{""kind"":""iri"",""value"":""https://blackcatinformatics.ca/gmeow/examples/standpointclaim-bullshit-projected-001""}}",[],[]
node_2c59d80e8d2e0d016d2d44f8f72000b04112fef4fbde22c540705252bc777d71,"{""kind"":""iri"",""value"":""https://blackcatinformatics.ca/gmeow/examples/standpointclaim-dupe-belief-001""}",[],[]
node_2c5dd18958a913f8807005c103f3267e9318469f913def65b77127092d148ac9,"{""kind"":""iri"",""value"":""https://blackcatinformatics.ca/gmeow/examples/claim-impersonation-facet-subject-001""}",[],[]
node_2d0c7b9e8c2fe187f75c167d9d92628b4dc658968d10455acc2b128d3f4c1aff,"{""kind"":""iri"",""value"":""https://blackcatinformatics.ca/gmeow/examples/claim-paltering-held-refutes-implicated-001""}",[],[]
node_2d907c80273d65e74ee9ae17b692861e7cb98e1259f43a4940558cfad20faaea,"{""kind"":""triple"",""subject"":{""kind"":""iri"",""value"":""https://blackcatinformatics.ca/gmeow/examples/standpointclaim-impersonation-held-001""},""predicate"":{""kind"":""iri"",""value"":""https://blackcatinformatics.ca/gmeow/claimModality""},""object"":{""kind"":""iri"",""value"":""https://blackcatinformatics.ca/gmeow/refuted""}}",[],[]
node_2dd9ddca140d897ddc0b6eae350fbb11565cb4bc7a172c73973ebb96696bfda2,"{""kind"":""triple"",""subject"":{""kind"":""iri"",""value"":""https://blackcatinformatics.ca/gmeow/examples/aiCommit""},""predicate"":{""kind"":""iri"",""value"":""https://blackcatinformatics.ca/gmeow/authoredBy""},""object"":{""kind"":""iri"",""value"":""https://blackcatinformatics.ca/gmeow/examples/copilot""}}",[],[]
node_2e9354d9f833d4292a0358f98b14806c6796ab15504b1e9eeba3af6bdcf7988c,"{""kind"":""iri"",""value"":""https://blackcatinformatics.ca/gmeow/examples/standpoint-julian-historiography""}",[],[]
node_3070827417489fb6d2367cf73f56b6c5600dd42f9d2caf9920c8a16d37d78aad,"{""kind"":""iri"",""value"":""https://blackcatinformatics.ca/gmeow/eventTypeOmission""}",[],[]
node_30aaaa4f97ec205909a48461308bcec5ff0f75b0fdd24074f86fc58c595f6fdf,"{""kind"":""iri"",""value"":""https://blackcatinformatics.ca/gmeow/examples/event-lie-001""}",[],[]
node_31465bbbfce827574fce27ecba1caf800ab17316535f242d793b4762a422c0c4,"{""kind"":""iri"",""value"":""https://blackcatinformatics.ca/gmeow/examples/standpointclaim-bullshit-held-001""}",[],[]
node_324efd0ce49017645bf18af56f7eb00b5e1cc4752bc375af6005d474a7f97fe8,"{""kind"":""iri"",""value"":""https://blackcatinformatics.ca/gmeow/examples/claim-disinformation-dupe-participant-001""}",[],[]
node_32c5b2b767569e7ccb9f4985b3df69da47a26f45c61c5cfc34ad4e8dbb7e5e20,"{""kind"":""triple"",""subject"":{""kind"":""iri"",""value"":""https://blackcatinformatics.ca/gmeow/examples/standpointclaim-forgery-held-001""},""predicate"":{""kind"":""iri"",""value"":""https://blackcatinformatics.ca/gmeow/claimModality""},""object"":{""kind"":""iri"",""value"":""https://blackcatinformatics.ca/gmeow/refuted""}}",[],[]
node_33d1e82d58978f5e08da6de1daa7f8a4c6baf76575078c15730f3e8b814bcfaf,"{""kind"":""iri"",""value"":""https://blackcatinformatics.ca/gmeow/examples/music/anonymous-composer""}",[],[]
node_358042f497b254b5e24bd4edb607293e0faa5e2a8c29468c86b16c23e8a55368,"{""kind"":""iri"",""value"":""https://blackcatinformatics.ca/gmeow/examples/claim-omission-held-modality-001""}",[],[]
node_37e1c9df539e3b0f33fa1edc5277e9c851a9a86855ce5cd9e499a7ca2a97ef66,"{""kind"":""iri"",""value"":""https://blackcatinformatics.ca/gmeow/eventTypeFabrication""}",[],[]
node_386cb43a6c2aa4f34b5316e65b91b43a252e44ef95e23866e784534c1d4a2345,"{""kind"":""triple"",""subject"":{""kind"":""iri"",""value"":""https://blackcatinformatics.ca/gmeow/examples/creativework-forged-001""},""predicate"":{""kind"":""iri"",""value"":""https://blackcatinformatics.ca/gmeow/counterpartOf""},""object"":{""kind"":""iri"",""value"":""https://blackcatinformatics.ca/gmeow/examples/creativework-genuine-001""}}",[],[]
node_388945bd1e7984f4dbe9b855e05645a8c9969d291f3d3b08283aa12f37834422,"{""kind"":""triple"",""subject"":{""kind"":""iri"",""value"":""https://blackcatinformatics.ca/gmeow/examples/standpointclaim-downstream-belief-001""},""predicate"":{""kind"":""iri"",""value"":""https://blackcatinformatics.ca/gmeow/claimVeridicality""},""object"":{""kind"":""iri"",""value"":""https://blackcatinformatics.ca/gmeow/veridicalityUntrue""}}",[],[]
node_39acebc55e88f54804637c85e05f9cbd6e51a352e85b250077676179ac3b15fb,"{""kind"":""iri"",""value"":""https://blackcatinformatics.ca/gmeow/examples/claim-forgery-projected-001""}",[],[]
node_39c0410bf84f3d3c27e7476ecc41ade521d8b6326318adc327101698bb760b46,"{""kind"":""iri"",""value"":""https://blackcatinformatics.ca/gmeow/examples/rights/standpoint-omega""}",[],[]
node_3a81e112a9a414fe03b3c44427f775d011670ea58b37a8a85f9f46ee17612e8a,"{""kind"":""triple"",""subject"":{""kind"":""iri"",""value"":""https://blackcatinformatics.ca/gmeow/examples/standpointclaim-fabrication-held-001""},""predicate"":{""kind"":""iri"",""value"":""https://blackcatinformatics.ca/gmeow/claimModality""},""object"":{""kind"":""iri"",""value"":""https://blackcatinformatics.ca/gmeow/refuted""}}",[],[]
node_3a89ec8bc2955ca411f81e61245269cf23ac12354219687459def60b043699a7,"{""kind"":""iri"",""value"":""https://blackcatinformatics.ca/gmeow/examples/rights/cc-by-4""}",[],[]
node_3c15898454e3c34ebbce265bfb815d9e89884322625c217e1b0dedccb24e2baa,"{""kind"":""iri"",""value"":""https://blackcatinformatics.ca/gmeow/examples/event-paltering-001""}",[],[]
node_3c4225bb0db8e4da3fb2c98f69a4f363bcde7d79560b3ad60050d31d6e7e9f45,"{""kind"":""iri"",""value"":""https://blackcatinformatics.ca/gmeow/examples/claim-event-impersonation-001""}",[],[]
node_3d16f76bb2cf4bf96bda946529ee40c66c7bd341b88bd614fbdd89d5dcff277f,"{""kind"":""iri"",""value"":""https://blackcatinformatics.ca/gmeow/examples/participation-disinformation-dupe-001""}",[],[]
node_3d4d2772baf7daeecac8322a9de06d9dc909638bdc95b527988948a597f98045,"{""kind"":""iri"",""value"":""https://blackcatinformatics.ca/gmeow/examples/standpoint-publisher""}",[],[]
node_3daed4024407368af8805bde1a82b53b1221ae3517440eb3291822ca9209f9f5,"{""kind"":""iri"",""value"":""https://blackcatinformatics.ca/gmeow/examples/music/claim-not-math-rock-band""}",[],[]
node_3dd879327a84b52ec583de9a0a251915ca7bf08dfc0b6c96c430b5c58eec5816,"{""kind"":""iri"",""value"":""https://blackcatinformatics.ca/gmeow/examples/rights/acme""}",[],[]
node_3e447daacd1c8f603c21e444f41a37eb55d4d9c1fb78128138ade34c7e782d24,"{""kind"":""triple"",""subject"":{""kind"":""iri"",""value"":""https://blackcatinformatics.ca/gmeow/examples/event-reformation-date""},""predicate"":{""kind"":""iri"",""value"":""https://blackcatinformatics.ca/gmeow/eventTime""},""object"":{""kind"":""literal"",""lexical"":""1582-10-05T00:00:00Z"",""datatype"":""http://www.w3.org/2001/XMLSchema#dateTime"",""language"":null,""direction"":null}}",[],[]
node_3eed746b2f8dda82b4dfee4807e765390786e52a3ac322af1dc62f4bfda15bb6,"{""kind"":""triple"",""subject"":{""kind"":""iri"",""value"":""https://blackcatinformatics.ca/gmeow/examples/standpointclaim-bullshit-projected-001""},""predicate"":{""kind"":""iri"",""value"":""https://blackcatinformatics.ca/gmeow/claimModality""},""object"":{""kind"":""iri"",""value"":""https://blackcatinformatics.ca/gmeow/unequivocal""}}",[],[]
node_3fa1edb13f050603d4745f80d43e34cb74acd9e33437225119d6a9b924350d6b,"{""kind"":""triple"",""subject"":{""kind"":""iri"",""value"":""https://blackcatinformatics.ca/gmeow/examples/standpointclaim-paltering-held-001""},""predicate"":{""kind"":""iri"",""value"":""https://blackcatinformatics.ca/gmeow/claimModality""},""object"":{""kind"":""iri"",""value"":""https://blackcatinformatics.ca/gmeow/refuted""}}",[],[]
node_403df95a827a2834d82c166ba0f16da52be9e7e5a38323097c091925e09c986b,"{""kind"":""iri"",""value"":""https://blackcatinformatics.ca/gmeow/examples/music/claim-greensleeves-anonymous""}",[],[]
node_4047ff31a462521dcea444a9d1d2da697065a84b9405878cd1bd072ab9301395,"{""kind"":""iri"",""value"":""https://blackcatinformatics.ca/gmeow/examples/music/henry-viii""}",[],[]
node_408b3d434d5716fd909ff4783a989ee91cce3c10132c863efb623db2ea436880,"{""kind"":""iri"",""value"":""https://blackcatinformatics.ca/gmeow/examples/claim-event-forgery-001""}",[],[]
node_42a9a46911d0f1ba495fc7c40471416642fcf9023dbedaa052d4deb4b10c9d0d,"{""kind"":""triple"",""subject"":{""kind"":""iri"",""value"":""https://blackcatinformatics.ca/gmeow/examples/telling-social-post-001""},""predicate"":{""kind"":""iri"",""value"":""https://blackcatinformatics.ca/gmeow/propagatesFrom""},""object"":{""kind"":""iri"",""value"":""https://blackcatinformatics.ca/gmeow/examples/telling-article-001""}}",[],[]
node_42df8f6c00f12c18528caf59c36fe21320a1da3b131257c6c858985ae04abf56,"{""kind"":""triple"",""subject"":{""kind"":""iri"",""value"":""https://blackcatinformatics.ca/gmeow/examples/standpointclaim-self-deception-projected-001""},""predicate"":{""kind"":""iri"",""value"":""https://blackcatinformatics.ca/gmeow/claimModality""},""object"":{""kind"":""iri"",""value"":""https://blackcatinformatics.ca/gmeow/unequivocal""}}",[],[]
node_42f1959452c0f2a75233c0a7b3bda3c8d662b3e6dc652a09293984a2c5acac40,"{""kind"":""iri"",""value"":""https://blackcatinformatics.ca/gmeow/examples/claim-forgery-projected-modality-001""}",[],[]
node_43342be91abf5f6c4254a85eb7dce7a3ca41084a38a0906fe763a62dfd603f8b,"{""kind"":""iri"",""value"":""https://blackcatinformatics.ca/gmeow/examples/claim-disinformation-origin-intent-001""}",[],[]
node_45b29d09da3d0d42cacf00687a17725816ceb7c2cb2d1f3aa0b4d4d33ae6cae8,"{""kind"":""triple"",""subject"":{""kind"":""iri"",""value"":""https://blackcatinformatics.ca/gmeow/examples/event-impersonation-001""},""predicate"":{""kind"":""iri"",""value"":""https://blackcatinformatics.ca/gmeow/heldStandpoint""},""object"":{""kind"":""iri"",""value"":""https://blackcatinformatics.ca/gmeow/examples/standpointclaim-impersonation-held-001""}}",[],[]
node_45c00bd85e4bafc701bfa2b58c8bd1daf61bbb8f963730462d5b2ba99ee9315c,"{""kind"":""iri"",""value"":""https://blackcatinformatics.ca/gmeow/examples/standpoint-factchecker""}",[],[]
node_4755e2fc797b2ddd2c338ec85db76eb1bf92a923ecd74ca3c49eedf2690405f0,"{""kind"":""triple"",""subject"":{""kind"":""iri"",""value"":""https://blackcatinformatics.ca/gmeow/examples/rights/contested-trademark""},""predicate"":{""kind"":""iri"",""value"":""https://blackcatinformatics.ca/gmeow/trademarkHolder""},""object"":{""kind"":""iri"",""value"":""https://blackcatinformatics.ca/gmeow/examples/rights/omega""}}",[],[]
node_47697d6c2495aa7e8668d982f8fd3d042d5eb18878fee502f3049248a20a0833,"{""kind"":""triple"",""subject"":{""kind"":""iri"",""value"":""https://blackcatinformatics.ca/gmeow/examples/music/bar17""},""predicate"":{""kind"":""iri"",""value"":""https://blackcatinformatics.ca/gmeow/assignedMeter""},""object"":{""kind"":""iri"",""value"":""https://blackcatinformatics.ca/gmeow/examples/music/metricStructure-4_4-plus-3_8""}}",[],[]
node_47f2f673453532351560a5b1b9970ece77811bb550b7f81f8ed5debd70374603,"{""kind"":""iri"",""value"":""https://blackcatinformatics.ca/gmeow/examples/music/bar17""}",[],[]
node_4a4b91fddedc85bf2b4e53d93a7c2977fda5e8700ca5601a97e9ee6d1025b98c,"{""kind"":""iri"",""value"":""https://blackcatinformatics.ca/gmeow/examples/claim-fabrication-projected-modality-001""}",[],[]
node_4c08b4bb02dabf10a5a73f66ee82ffb1acb38ee826e7e80446c24cf06bd7173f,"{""kind"":""triple"",""subject"":{""kind"":""iri"",""value"":""https://blackcatinformatics.ca/gmeow/examples/claim-hogwarts-in-canon""},""predicate"":{""kind"":""iri"",""value"":""https://blackcatinformatics.ca/gmeow/accordingTo""},""object"":{""kind"":""iri"",""value"":""https://blackcatinformatics.ca/gmeow/examples/narrative-frame-harry-potter""}}",[],[]
node_4c33b54e5103ee87f826109ac7d74165dc5ff8a0677d77222da189d0ca1f2d78,"{""kind"":""iri"",""value"":""https://blackcatinformatics.ca/gmeow/examples/agent-corpus-classifier""}",[],[]
node_4d18d29f05dd42b5128fa7de532f0c6554bff9a795d1b4251471635eb3461593,"{""kind"":""iri"",""value"":""https://blackcatinformatics.ca/gmeow/examples/claim-disinformation-dupe-event-001""}",[],[]
node_4d8238ce9486c2b4aaec22f92ac7e0332fcc0d174aacf3a2c4e29a96182db7ec,"{""kind"":""iri"",""value"":""https://blackcatinformatics.ca/gmeow/examples/standpoint-forger""}",[],[]
node_4dc44c0b6ec8196ed3e3114ad76ff2c7f739f7d46642a057b4e9fbcf7f69b850,"{""kind"":""iri"",""value"":""https://blackcatinformatics.ca/gmeow/examples/claim-projected-001""}",[],[]
node_4e0e96b6d0d9328c473f04e152914be35c27f1c23ec53f49cba945dc6e4b8445,"{""kind"":""iri"",""value"":""https://blackcatinformatics.ca/gmeow/examples/rights/photo-copyright""}",[],[]
node_4ec1a921aadaf34347686ee831ce755dccc13f97bf4dfac2a451fd376438b720,"{""kind"":""triple"",""subject"":{""kind"":""iri"",""value"":""https://blackcatinformatics.ca/gmeow/examples/music/spectral-key-claim""},""predicate"":{""kind"":""iri"",""value"":""https://blackcatinformatics.ca/gmeow/analysisResult""},""object"":{""kind"":""iri"",""value"":""https://blackcatinformatics.ca/gmeow/pitchValue12EDOE4""}}",[],[]
node_4f91a37f8734b0c264dd8cfc10661aa43a5455973d1a47ac16be85cafc7cba5f,"{""kind"":""triple"",""subject"":{""kind"":""iri"",""value"":""https://blackcatinformatics.ca/gmeow/examples/standpointclaim-fabrication-projected-001""},""predicate"":{""kind"":""iri"",""value"":""https://blackcatinformatics.ca/gmeow/claimModality""},""object"":{""kind"":""iri"",""value"":""https://blackcatinformatics.ca/gmeow/unequivocal""}}",[],[]
node_519b5777791a55f77a98d7d8c2ab14014606654041e424270d0d1388f88c5e2f,"{""kind"":""iri"",""value"":""https://blackcatinformatics.ca/gmeow/examples/claim-impersonation-observedfeature-001""}",[],[]
node_51d0726b9e9cdbef9d67eee8f74bb4ad6c0cc283ddd917b10b589f6fb3d82d93,"{""kind"":""iri"",""value"":""https://blackcatinformatics.ca/gmeow/examples/event-deception-001""}",[],[]
node_522cfda32d2d7eab008178597c790469e2f5230a7880e28937aa3f5e55ad9369,"{""kind"":""iri"",""value"":""https://blackcatinformatics.ca/gmeow/eventTypeDeception""}",[],[]
node_526afc8396282555c82006e1e11f7c827b6da81371466b44e043273205eec603,"{""kind"":""iri"",""value"":""https://blackcatinformatics.ca/gmeow/examples/claim-bullshit-projected-modality-001""}",[],[]
node_533d48291dce57b01ae7141a9feab7c0e0e679f19585cd112a4e197112a5f5ab,"{""kind"":""iri"",""value"":""https://blackcatinformatics.ca/gmeow/examples/proposition-paltering-implicated-001""}",[],[]
node_53545e267697e002840d7014e61b5321c16de6b6e8bd4825ce85845be2997c1f,"{""kind"":""iri"",""value"":""https://blackcatinformatics.ca/gmeow/examples/claim-bullshit-projected-001""}",[],[]
node_5547c079653952da467cf4be2847e7591778275d4fafb38665110062a2a6e35c,"{""kind"":""triple"",""subject"":{""kind"":""iri"",""value"":""https://blackcatinformatics.ca/gmeow/examples/identityfacet-impersonation-001""},""predicate"":{""kind"":""iri"",""value"":""https://blackcatinformatics.ca/gmeow/observedFeature""},""object"":{""kind"":""iri"",""value"":""https://blackcatinformatics.ca/gmeow/examples/event-impersonation-001""}}",[],[]
node_5582c266046a3abd28d9829c57bf2f2dba33a46a250526046793b00e47d586ec,"{""kind"":""triple"",""subject"":{""kind"":""iri"",""value"":""https://blackcatinformatics.ca/gmeow/examples/event-disinformation-001""},""predicate"":{""kind"":""iri"",""value"":""https://blackcatinformatics.ca/gmeow/eventType""},""object"":{""kind"":""iri"",""value"":""https://blackcatinformatics.ca/gmeow/eventTypeDisinformation""}}",[],[]
node_55a29cbe5e56f7f5352cc9a470b1ed539132e7cdc939bcccb78fda1ee4a41c8a,"{""kind"":""iri"",""value"":""https://blackcatinformatics.ca/gmeow/examples/robot-sensor-standpoint""}",[],[]
node_55d8c0f4e0f6406eab4631b9b9a57003318a66b932c53e84c060626bef8a7e26,"{""kind"":""iri"",""value"":""https://blackcatinformatics.ca/gmeow/examples/ukraine""}",[],[]
node_57432afd859df0dd83e9d0a5817cedffddc51eefdaf8a460c45d54bd49b3f0a3,"{""kind"":""triple"",""subject"":{""kind"":""iri"",""value"":""https://blackcatinformatics.ca/gmeow/examples/event-forgery-001""},""predicate"":{""kind"":""iri"",""value"":""https://blackcatinformatics.ca/gmeow/projectedStandpoint""},""object"":{""kind"":""iri"",""value"":""https://blackcatinformatics.ca/gmeow/examples/standpointclaim-forgery-projected-001""}}",[],[]
node_57e8dae2a161b4590efd33cf2324e069908ae076441258a2f5bda93444d4c703,"{""kind"":""iri"",""value"":""https://blackcatinformatics.ca/gmeow/eventTypePaltering""}",[],[]
node_58086d20115a3698a5a661ac2d7ea8c59a1f23ca4dac9c38b4c15e019438a053,"{""kind"":""iri"",""value"":""https://blackcatinformatics.ca/gmeow/examples/claim-tf-dynamic-end-effector""}",[],[]
node_59365c82866eb6bb838159af6db4cb9c772c519361761d2395c946a2530748b7,"{""kind"":""iri"",""value"":""https://blackcatinformatics.ca/gmeow/eventTypeBullshit""}",[],[]
node_59861414bdf0270bf2e02b28cee34423dec47ab2d2815129b330088eadfc51bb,"{""kind"":""iri"",""value"":""https://blackcatinformatics.ca/gmeow/examples/standpointclaim-forgery-held-001""}",[],[]
node_59e48db8480b8823a561ba2ce992cb930980390c9f84d8dd24ab462b6a89e166,"{""kind"":""iri"",""value"":""https://blackcatinformatics.ca/gmeow/examples/attestation-factcheck-001""}",[],[]
node_5a85373301b10747af3e250f196be08524eab06d4f950de133497ea02f3e1856,"{""kind"":""triple"",""subject"":{""kind"":""iri"",""value"":""https://blackcatinformatics.ca/gmeow/examples/event-downstream-reshare-001""},""predicate"":{""kind"":""iri"",""value"":""https://blackcatinformatics.ca/gmeow/heldStandpoint""},""object"":{""kind"":""iri"",""value"":""https://blackcatinformatics.ca/gmeow/examples/standpointclaim-downstream-belief-001""}}",[],[]
node_5acfc66cde805a06e7b332b6eb07feebed4fe7a851ff7f42235012d470555d18,"{""kind"":""iri"",""value"":""https://blackcatinformatics.ca/gmeow/examples/claim-disinformation-downstream-belief-modality-001""}",[],[]
node_5b5ecc8046e02d07e7ce2557051800c3a0bb715f192bacb162b0b0687e97f7e2,"{""kind"":""iri"",""value"":""https://blackcatinformatics.ca/gmeow/examples/telling-social-post-001""}",[],[]
node_5b6692d54b70ef12900753289e451b57656ab3b3c1ae3bca6855631fe401a4b6,"{""kind"":""iri"",""value"":""https://blackcatinformatics.ca/gmeow/examples/crimea""}",[],[]
node_5b6e28f89937413b82df95b5e77b2c4155da44727e16efd5f17a2bc54c29d20c,"{""kind"":""iri"",""value"":""https://blackcatinformatics.ca/gmeow/examples/claim-disinformation-dupe-role-001""}",[],[]
node_5bf85224be84b3af852c3bd5c095c78d4f9ff6dcc2bc18d4952b3a96128d03e1,"{""kind"":""iri"",""value"":""https://blackcatinformatics.ca/gmeow/examples/music/claim-bar17-meter-7_8""}",[],[]
node_5c97f1da871f641af35308d8c276efedec10579aa3469df47064c24707b93a7c,"{""kind"":""iri"",""value"":""https://blackcatinformatics.ca/gmeow/examples/standpoint-avowed-self""}",[],[]
node_5ca08d7711662c385d20d758215f25afeb21a03932868b911e660dc2cf98de78,"{""kind"":""triple"",""subject"":{""kind"":""iri"",""value"":""https://blackcatinformatics.ca/gmeow/examples/telling-dupe-post-001""},""predicate"":{""kind"":""iri"",""value"":""https://blackcatinformatics.ca/gmeow/propagatesFrom""},""object"":{""kind"":""iri"",""value"":""https://blackcatinformatics.ca/gmeow/examples/telling-origin-article-001""}}",[],[]
node_5d5de166e75f7c2dd6cd9e0ef6a95c630f9876e33d7f9f13d578ff73b0267cc8,"{""kind"":""iri"",""value"":""https://blackcatinformatics.ca/gmeow/examples/claim-ai-commit-authorship""}",[],[]
node_5d5e0c2e15f29ab8a2a5b25f6179d149707989f023f6082418fc702965dc69f9,"{""kind"":""iri"",""value"":""https://blackcatinformatics.ca/gmeow/examples/claim-bullshit-held-modality-001""}",[],[]
node_5d630954975622558b56f63dc946784d2546aefcfea9e60e612e1123070b8e89,"{""kind"":""iri"",""value"":""https://blackcatinformatics.ca/gmeow/examples/event-forgery-001""}",[],[]
node_5ec7d15abe59656516964e48e9716907ec28bb7932258b54cb8ec608b22ff87d,"{""kind"":""triple"",""subject"":{""kind"":""iri"",""value"":""https://blackcatinformatics.ca/gmeow/examples/event-forgery-001""},""predicate"":{""kind"":""iri"",""value"":""https://blackcatinformatics.ca/gmeow/implicates""},""object"":{""kind"":""iri"",""value"":""https://blackcatinformatics.ca/gmeow/examples/creativework-forged-001""}}",[],[]
node_5f84efad7bb1f98d8d1a372350cfcf52e4a081401025f1eafbdb033eeaf43f8a,"{""kind"":""iri"",""value"":""https://blackcatinformatics.ca/gmeow/examples/ai/assistant""}",[],[]
node_60bf416e913efef0c16f9a7ae1a4881c7445195f3b90c850d646f15151d38f9c,"{""kind"":""iri"",""value"":""https://blackcatinformatics.ca/gmeow/examples/claim-paltering-projected-001""}",[],[]
node_64ce9d096101f189f34fc38da20533104c7277d93df3eff9f2886f99277a3906,"{""kind"":""iri"",""value"":""https://blackcatinformatics.ca/gmeow/examples/claim-paltering-implicates-001""}",[],[]
node_6551eb9c5824da1479e18874d9a5bf70ca19b8200706f57801a0574abb53818a,"{""kind"":""iri"",""value"":""https://blackcatinformatics.ca/gmeow/examples/claim-forgery-implicates-work-001""}",[],[]
node_6580ef4a6f693a7eb6a36f77235f7e86769b6ea338b630611597abef6a8bc7be,"{""kind"":""triple"",""subject"":{""kind"":""iri"",""value"":""https://blackcatinformatics.ca/gmeow/examples/event-self-deception-001""},""predicate"":{""kind"":""iri"",""value"":""https://blackcatinformatics.ca/gmeow/hasParticipant""},""object"":{""kind"":""iri"",""value"":""https://blackcatinformatics.ca/gmeow/examples/agent-self-001""}}",[],[]
node_65b3013d66e7fd5f89545d5b599baba081dbbb23929f6762b526956026147be1,"{""kind"":""iri"",""value"":""https://blackcatinformatics.ca/gmeow/examples/claim-distortion-projected-modality-001""}",[],[]
node_660ddd6bfab2d64bca33e10d6df394d52e3d62c6d9776b8c821221df6429e53f,"{""kind"":""iri"",""value"":""https://blackcatinformatics.ca/gmeow/examples/gi-alice""}",[],[]
node_66ec41ddc8ea455299fe119a5a5bb42d29178d50332e5225ef1048af6dfe5f59,"{""kind"":""triple"",""subject"":{""kind"":""iri"",""value"":""https://blackcatinformatics.ca/gmeow/examples/alice""},""predicate"":{""kind"":""iri"",""value"":""https://blackcatinformatics.ca/gmeow/knowsLanguage""},""object"":{""kind"":""iri"",""value"":""https://blackcatinformatics.ca/gmeow/examples/lang-toki-pona""}}",[],[]
node_66fdc002941394b53b0204dfb48be08dbeb5f030b704adb6963b762d0507a4bd,"{""kind"":""iri"",""value"":""https://blackcatinformatics.ca/gmeow/eventTypeForgery""}",[],[]
node_6739f06cb8fdaa9d21a14103c100cc5aeca16d35ebc7f19823ec0c64ec8cbae4,"{""kind"":""iri"",""value"":""https://blackcatinformatics.ca/gmeow/examples/standpoint-ru""}",[],[]
node_6964973697aed9b0edbdcc1cc4a11ec496ef7e9798cd5b1c155106753cf05a52,"{""kind"":""iri"",""value"":""https://blackcatinformatics.ca/gmeow/examples/claim-paltering-held-modality-001""}",[],[]
node_6a78a03df834feb0abf3d34e441ac5d4d94e3076b3a084111c1701db783823a6,"{""kind"":""iri"",""value"":""https://blackcatinformatics.ca/gmeow/examples/claim-event-bullshit-001""}",[],[]
node_6af1190596fd7c933086d0f35cd961cd5896ac17c2bc3c68666862dc44862f39,"{""kind"":""iri"",""value"":""https://blackcatinformatics.ca/gmeow/examples/copilot""}",[],[]
node_6d83e23d551baa1ed8ef1e3d7583ac4f6944830e442496834f6f7c35f85289a9,"{""kind"":""iri"",""value"":""https://blackcatinformatics.ca/gmeow/examples/claim-self-deception-projected-001""}",[],[]
node_6dc8c79832f253b98128231a156c6ce6bd8701854f92629ca3de1d6bc2bd68ae,"{""kind"":""iri"",""value"":""https://blackcatinformatics.ca/gmeow/examples/claim-omission-held-001""}",[],[]
node_6fcc0aba67c98e0ce58d8f16924715b07a00a63c20271852ed3456644903329f,"{""kind"":""triple"",""subject"":{""kind"":""iri"",""value"":""https://blackcatinformatics.ca/gmeow/examples/rights/photo""},""predicate"":{""kind"":""iri"",""value"":""https://blackcatinformatics.ca/gmeow/hasLicense""},""object"":{""kind"":""iri"",""value"":""https://blackcatinformatics.ca/gmeow/examples/rights/cc-by-4""}}",[],[]
node_6ff1976e97071a9a49b51ab74fd5d7c13621bc029c967265bf1b38d9e597cea3,"{""kind"":""iri"",""value"":""https://blackcatinformatics.ca/gmeow/examples/claim-impersonation-implicates-001""}",[],[]
node_702542c15877456e49c06caaeeaeecc9c067f4d1aa7bbd157fba43af8c5d3a30,"{""kind"":""iri"",""value"":""https://blackcatinformatics.ca/gmeow/fixtureMathRockWork""}",[],[]
node_70e9712a991b45e043de9b08afc608f663e20866aca12e2f54375ae5b41f2df1,"{""kind"":""triple"",""subject"":{""kind"":""iri"",""value"":""https://blackcatinformatics.ca/gmeow/examples/event-deception-001""},""predicate"":{""kind"":""iri"",""value"":""https://blackcatinformatics.ca/gmeow/eventType""},""object"":{""kind"":""iri"",""value"":""https://blackcatinformatics.ca/gmeow/eventTypeDeception""}}",[],[]
node_7124d9e6fdb4d2e1bfe3055c63d2a233523dfc73e9db6fee056416291129e89d,"{""kind"":""triple"",""subject"":{""kind"":""iri"",""value"":""https://blackcatinformatics.ca/gmeow/examples/standpointclaim-disinformation-origin-projected-001""},""predicate"":{""kind"":""iri"",""value"":""https://blackcatinformatics.ca/gmeow/claimModality""},""object"":{""kind"":""iri"",""value"":""https://blackcatinformatics.ca/gmeow/unequivocal""}}",[],[]
node_71ceb88ed5623aa0342cc489456a4986bf87b1d04492d3457f96acf89657351f,"{""kind"":""triple"",""subject"":{""kind"":""iri"",""value"":""https://blackcatinformatics.ca/gmeow/examples/event-distortion-001""},""predicate"":{""kind"":""iri"",""value"":""https://blackcatinformatics.ca/gmeow/eventType""},""object"":{""kind"":""iri"",""value"":""https://blackcatinformatics.ca/gmeow/eventTypeDistortion""}}",[],[]
node_722bcf780a53d94364029a716ed2fccab4deb96c7e2a8d22d3929eed73ad352b,"{""kind"":""iri"",""value"":""https://blackcatinformatics.ca/gmeow/examples/music/standpoint-popular-tradition""}",[],[]
node_72357ba0fc973cbed5ad6049c459a8ae7ead28241143daf0dfdc1301278008de,"{""kind"":""iri"",""value"":""https://blackcatinformatics.ca/gmeow/eventTypeDistortion""}",[],[]
node_72a92a3c6c25b2b40c962f188fc009340d9477ddecc2cee8fc28211ba273f80a,"{""kind"":""triple"",""subject"":{""kind"":""iri"",""value"":""https://blackcatinformatics.ca/gmeow/examples/birth-alice""},""predicate"":{""kind"":""iri"",""value"":""https://blackcatinformatics.ca/gmeow/eventTime""},""object"":{""kind"":""literal"",""lexical"":""1990-05-01T00:00:00Z"",""datatype"":""http://www.w3.org/2001/XMLSchema#dateTime"",""language"":null,""direction"":null}}",[],[]
node_7553ab0d618b7f805a1b0c95263898ce337acddc080225a94183b0dbc07c24f8,"{""kind"":""triple"",""subject"":{""kind"":""iri"",""value"":""https://blackcatinformatics.ca/gmeow/examples/standpointclaim-disinformation-origin-held-001""},""predicate"":{""kind"":""iri"",""value"":""https://blackcatinformatics.ca/gmeow/claimModality""},""object"":{""kind"":""iri"",""value"":""https://blackcatinformatics.ca/gmeow/refuted""}}",[],[]
node_76f576eaabc54e41928d05d62e0a3fb844c426941484afdb895e16cdc01f5d36,"{""kind"":""iri"",""value"":""https://blackcatinformatics.ca/gmeow/examples/claim-held-001""}",[],[]
node_774f51388d5d48270464e1119d1fddc67bc3af4f4df57fbb80366de9783bdf2e,"{""kind"":""triple"",""subject"":{""kind"":""iri"",""value"":""https://blackcatinformatics.ca/gmeow/examples/event-deception-001""},""predicate"":{""kind"":""iri"",""value"":""https://blackcatinformatics.ca/gmeow/projectedStandpoint""},""object"":{""kind"":""iri"",""value"":""https://blackcatinformatics.ca/gmeow/examples/standpointclaim-projected-001""}}",[],[]
node_787a2ab729917da1ad85ef7aa9a9fed2d88cf4030be4947461e717aad605082e,"{""kind"":""iri"",""value"":""https://blackcatinformatics.ca/gmeow/examples/standpoint-2025-historiography""}",[],[]
node_79771c33e7c802b4121dc70ef1bb9a15e7e7000cef8ac7f7727ba16e6bb9ee95,"{""kind"":""triple"",""subject"":{""kind"":""iri"",""value"":""https://blackcatinformatics.ca/gmeow/examples/standpointclaim-bullshit-001""},""predicate"":{""kind"":""iri"",""value"":""https://blackcatinformatics.ca/gmeow/claimModality""},""object"":{""kind"":""iri"",""value"":""https://blackcatinformatics.ca/gmeow/bullshit""}}",[],[]
node_7b36d7ccc0fa3152453f429c3aba66d87146d3326dc93b893093d8e18a15e86f,"{""kind"":""iri"",""value"":""https://blackcatinformatics.ca/gmeow/examples/claim-distortion-projected-001""}",[],[]
node_7b46620c98ffe749e0d44479496a062a1fa0597aade32e4060f9b74e2e256d4c,"{""kind"":""iri"",""value"":""https://blackcatinformatics.ca/gmeow/examples/event-distortion-001""}",[],[]
node_7ce76b3322f87947f422c2e65bb278da9442ae5b6b20f1e9b9ca2dc9c0cf3d03,"{""kind"":""triple"",""subject"":{""kind"":""iri"",""value"":""https://blackcatinformatics.ca/gmeow/examples/event-bullshit-001""},""predicate"":{""kind"":""iri"",""value"":""https://blackcatinformatics.ca/gmeow/eventType""},""object"":{""kind"":""iri"",""value"":""https://blackcatinformatics.ca/gmeow/eventTypeBullshit""}}",[],[]
node_7d1071c258d701dd479c18524a7180481c0b7c3709715d9dfd9ef34e35af31f4,"{""kind"":""triple"",""subject"":{""kind"":""iri"",""value"":""https://blackcatinformatics.ca/gmeow/examples/event-omission-001""},""predicate"":{""kind"":""iri"",""value"":""https://blackcatinformatics.ca/gmeow/eventType""},""object"":{""kind"":""iri"",""value"":""https://blackcatinformatics.ca/gmeow/eventTypeOmission""}}",[],[]
node_7d6703e80ca32d42006eeabce92f1616b83c43f4715ae7720c42f4f96cb2ac1f,"{""kind"":""triple"",""subject"":{""kind"":""iri"",""value"":""https://blackcatinformatics.ca/gmeow/examples/event-forgery-001""},""predicate"":{""kind"":""iri"",""value"":""https://blackcatinformatics.ca/gmeow/implicates""},""object"":{""kind"":""iri"",""value"":""https://blackcatinformatics.ca/gmeow/examples/cryptographicsignature-forgery-001""}}",[],[]
node_7d838a7c5880396ebde77f467ed67ee113aa15f0f93c60b2d1f72391d245fd4b,"{""kind"":""iri"",""value"":""https://blackcatinformatics.ca/gmeow/examples/claim-disinformation-origin-held-modality-001""}",[],[]
node_7e5f9e39c360683170c8dd7e77f105f134ea84245e0064daa6f4d72526e1ebb9,"{""kind"":""iri"",""value"":""https://blackcatinformatics.ca/gmeow/examples/claim-disinformation-downstream-belief-veridicality-001""}",[],[]
node_7e6910dd5019d9135750acd5cb79465b83c5c95d4ce591e8743a94170402d5a9,"{""kind"":""iri"",""value"":""https://blackcatinformatics.ca/gmeow/examples/rights/standpoint-acme""}",[],[]
node_7f70e4babfb5c4428d84fdc8fc2651d0bd70285dc827a87bbb1bc6ec3bc6085f,"{""kind"":""iri"",""value"":""https://blackcatinformatics.ca/gmeow/examples/music/claim-ai-german-sixth""}",[],[]
node_7fe082c9bae0d07a1d35244a0c33fb599c559b688dba51564744b398d2a59adf,"{""kind"":""iri"",""value"":""https://blackcatinformatics.ca/gmeow/examples/claim-alice-birthdate""}",[],[]
node_80b69d2db54d14d9585c71236acc4088c62962c86460382bfe6b2b87f6fc302e,"{""kind"":""iri"",""value"":""https://blackcatinformatics.ca/gmeow/examples/claim-disinformation-dupe-held-001""}",[],[]
node_819ad695063d389c564a10b0775fadc27c4f904b92c9c1569730b0df3d2083b3,"{""kind"":""iri"",""value"":""https://blackcatinformatics.ca/gmeow/genreMathRock""}",[],[]
node_819be48b136a895bb7dda7da5b2f4ee6a7857772fdc6a40622109cda2ae7059e,"{""kind"":""iri"",""value"":""https://blackcatinformatics.ca/gmeow/examples/standpointclaim-lie-projected-001""}",[],[]
node_827dc19532adeac182f0c002e2cc9c6ab441c260878a3d0bc26fbc58f1f28b60,"{""kind"":""iri"",""value"":""https://blackcatinformatics.ca/gmeow/examples/music/metricStructure-4_4-plus-3_8""}",[],[]
node_836e04d5aab736e0eb80fee0652783c5708f301304d9e607abb902eaf7d4a60f,"{""kind"":""iri"",""value"":""https://blackcatinformatics.ca/gmeow/examples/cryptographicsignature-forgery-001""}",[],[]
node_83bafcc8ecd82dbb85d3346aa7074ca191ffacb6a37c5a4a9bb6e8fb01fb6994,"{""kind"":""iri"",""value"":""https://blackcatinformatics.ca/gmeow/examples/claim-date-julian-1582""}",[],[]
node_83ded583b55bb2f0c1e733c188efe599b6908bb7ad0ebfe145596f8726955dc8,"{""kind"":""iri"",""value"":""https://blackcatinformatics.ca/gmeow/examples/identity-deceiver-001""}",[],[]
node_840fb2e87a97519462e815a7bd1638fd8d508a089eb3d75c1727499e2c37ce51,"{""kind"":""iri"",""value"":""https://blackcatinformatics.ca/gmeow/examples/claim-distortion-held-modality-001""}",[],[]
node_85f5ead7a0d7d42857e91c6175acd34347cdce61683562fcc743ac1b43008e0d,"{""kind"":""iri"",""value"":""https://blackcatinformatics.ca/gmeow/examples/identity-sockpuppet-001""}",[],[]
node_8635c86a6c409287d6a1a7036f859023694c5da125e46b2d58e436a9960fe7d1,"{""kind"":""iri"",""value"":""https://blackcatinformatics.ca/gmeow/examples/music/claim-bar17-meter-4_4-plus-3_8""}",[],[]
node_86c622676ae09c3157d702224a793e86d6a805d7b4f40ed9a3ab5eb754acd76f,"{""kind"":""triple"",""subject"":{""kind"":""iri"",""value"":""https://blackcatinformatics.ca/gmeow/examples/standpointclaim-distortion-held-001""},""predicate"":{""kind"":""iri"",""value"":""https://blackcatinformatics.ca/gmeow/claimModality""},""object"":{""kind"":""iri"",""value"":""https://blackcatinformatics.ca/gmeow/probable""}}",[],[]
node_887939614ab7696496833ace44c890941f6f01b688db2e2b9c5ddcfbafb43d20,"{""kind"":""iri"",""value"":""https://blackcatinformatics.ca/gmeow/examples/standpointclaim-distortion-projected-001""}",[],[]
node_890cd10bff4dac18846933531c258a32ab8ba80bd2545a2a0cc89e3e14186903,"{""kind"":""iri"",""value"":""https://blackcatinformatics.ca/gmeow/examples/claim-event-distortion-001""}",[],[]
node_8a119a3f49b502c340b878c9123d829cd1353aa6f0afdbd4c788f6c07353fc97,"{""kind"":""iri"",""value"":""https://blackcatinformatics.ca/gmeow/examples/claim-disinformation-dupe-belief-veridicality-001""}",[],[]
node_8ab62b1967be8c8f1a6bd7ce6ed1ce6c80419f0fb86bea0e8ffca36212dc5a92,"{""kind"":""iri"",""value"":""https://blackcatinformatics.ca/gmeow/examples/rights/photo""}",[],[]
node_8ad390a32450c20b69800ac4f41da3dd0d3abd5bbaeafe0c7d7423c2cd8978bb,"{""kind"":""iri"",""value"":""https://blackcatinformatics.ca/gmeow/examples/music/greensleeves-work""}",[],[]
node_8b2ae6ef7ed61a242fda03d94270ec20de2dfbb02636adfba687d461f5def3b6,"{""kind"":""triple"",""subject"":{""kind"":""iri"",""value"":""https://blackcatinformatics.ca/gmeow/examples/standpointclaim-forgery-projected-001""},""predicate"":{""kind"":""iri"",""value"":""https://blackcatinformatics.ca/gmeow/claimModality""},""object"":{""kind"":""iri"",""value"":""https://blackcatinformatics.ca/gmeow/unequivocal""}}",[],[]
node_8c22028a86ea3f2b5ba15956a14b1c0714cd6d1b2a0abc8b8428a8bd6e4543c7,"{""kind"":""iri"",""value"":""https://blackcatinformatics.ca/gmeow/examples/standpointclaim-omission-held-001""}",[],[]
node_8d1b3ac450efd292160b68cef398ed0acc2f0f17a8356eb98562f227c9221ddd,"{""kind"":""iri"",""value"":""https://blackcatinformatics.ca/gmeow/examples/claim-distortion-held-001""}",[],[]
node_8f251f7b5e7ffdc530a12ff48b14bc263d2988a415508a2558ecd755c8cb0204,"{""kind"":""iri"",""value"":""https://blackcatinformatics.ca/gmeow/examples/music/standpoint-the-band""}",[],[]
node_90257284a39cee3824f924d152def0ed072182ff9c82eb2b9196168ae48b10bf,"{""kind"":""iri"",""value"":""https://blackcatinformatics.ca/gmeow/examples/rights/claim-mark-holder-omega""}",[],[]
node_906963bfce60c18ea8b7a76a5f5b9a2198896d2d508f0f1ab9fc0038b7e72c02,"{""kind"":""iri"",""value"":""https://blackcatinformatics.ca/gmeow/examples/music/standpoint-spectral-analyst""}",[],[]
node_90f1ee91d5082d4c759a8f04a272eaa065b4c43dbbeabd68df457dc2f812f300,"{""kind"":""iri"",""value"":""https://blackcatinformatics.ca/gmeow/conceivable""}",[],[]
node_9132582e5f8200cdb0a973165c2296b14e5107a117fd7e7f01bc45ec4e34097a,"{""kind"":""iri"",""value"":""https://blackcatinformatics.ca/gmeow/examples/standpointclaim-paltering-held-001""}",[],[]
node_91b6ea02e28fadf5984dbe8d820fcb9a7a8d7284324c819cda0e8074e310692c,"{""kind"":""iri"",""value"":""https://blackcatinformatics.ca/gmeow/examples/standpointclaim-fabrication-held-001""}",[],[]
node_91ea8dd7cf7b609a7d9a9ded0acc0b5f0dce166a3d41d586eaee4daca140c155,"{""kind"":""iri"",""value"":""https://blackcatinformatics.ca/gmeow/examples/event-self-deception-001""}",[],[]
node_927b9f70b597605f0ee220f7b6188968bdf4e05b6548fc3ffdce87cdc802d321,"{""kind"":""triple"",""subject"":{""kind"":""iri"",""value"":""https://blackcatinformatics.ca/gmeow/examples/event-deception-001""},""predicate"":{""kind"":""iri"",""value"":""https://blackcatinformatics.ca/gmeow/heldStandpoint""},""object"":{""kind"":""iri"",""value"":""https://blackcatinformatics.ca/gmeow/examples/standpointclaim-held-001""}}",[],[]
node_92e04731f8b9424b4cd4df64b558e4ab5c9db2be0e2c9f70328ae5b8919d25ce,"{""kind"":""iri"",""value"":""https://blackcatinformatics.ca/gmeow/refuted""}",[],[]
node_94542012a3245f36df8de1a7d876a11260aef287bc42b7215625ea664dd2e56b,"{""kind"":""triple"",""subject"":{""kind"":""iri"",""value"":""https://blackcatinformatics.ca/gmeow/examples/territory-x""},""predicate"":{""kind"":""iri"",""value"":""https://blackcatinformatics.ca/gmeow/containedInPlace""},""object"":{""kind"":""iri"",""value"":""https://blackcatinformatics.ca/gmeow/examples/polity-y""}}",[],[]
node_965653973ba9092af3356986d19bad9fad519f76f182d83323d9b5bbb0d7f811,"{""kind"":""triple"",""subject"":{""kind"":""iri"",""value"":""https://blackcatinformatics.ca/gmeow/examples/event-distortion-001""},""predicate"":{""kind"":""iri"",""value"":""https://blackcatinformatics.ca/gmeow/projectedStandpoint""},""object"":{""kind"":""iri"",""value"":""https://blackcatinformatics.ca/gmeow/examples/standpointclaim-distortion-projected-001""}}",[],[]
node_968e6d103f33d5dcdbd136460c6ee3fb6f80b9393596b3bbeaeedf2fe72a5f7c,"{""kind"":""triple"",""subject"":{""kind"":""iri"",""value"":""https://blackcatinformatics.ca/gmeow/examples/attestation-factcheck-001""},""predicate"":{""kind"":""iri"",""value"":""https://blackcatinformatics.ca/gmeow/attestationType""},""object"":{""kind"":""iri"",""value"":""https://blackcatinformatics.ca/gmeow/attestationTypeFactCheck""}}",[],[]
node_96d7f2ed26edf9f1f4fc5e987f5674e349a1ae222dc93ac08fe4c2d5cc885154,"{""kind"":""iri"",""value"":""https://blackcatinformatics.ca/gmeow/examples/claim-forgery-held-modality-001""}",[],[]
node_9791271b469153c9d2ebe45301d39d7ae54957a30dc6b3eee12444795cc5b8fd,"{""kind"":""iri"",""value"":""https://blackcatinformatics.ca/gmeow/veridicalityLicensedFalsehood""}",[],[]
node_985d1cc9f2af684f411b9878ec90b601c630c510c42db37fd7be609aa9ecaa7d,"{""kind"":""iri"",""value"":""https://blackcatinformatics.ca/gmeow/examples/claim-forgery-counterpart-001""}",[],[]
node_9895336bbf8a4dbabaa7f6d798c5a3a87f4acd5931d39173ab4eafdf1ac0fbec,"{""kind"":""iri"",""value"":""https://blackcatinformatics.ca/gmeow/examples/claim-disinformation-downstream-event-001""}",[],[]
node_98b131441755331c83755d7393210abf46c0152abe604a2137e99be0e9334097,"{""kind"":""iri"",""value"":""https://blackcatinformatics.ca/gmeow/examples/agent-victim-001""}",[],[]
node_99954cdff83b09017b339a466862786cf56924b2826c1a76a0bfec74a49e2d42,"{""kind"":""iri"",""value"":""https://blackcatinformatics.ca/gmeow/examples/creativework-genuine-001""}",[],[]
node_99c7c26855b7576a14d0c17870e9db04b0e390d5bc8f6e5c2ab60f4afe7b49de,"{""kind"":""triple"",""subject"":{""kind"":""iri"",""value"":""https://blackcatinformatics.ca/gmeow/examples/cryptographicsignature-forgery-001""},""predicate"":{""kind"":""iri"",""value"":""https://blackcatinformatics.ca/gmeow/signatureOf""},""object"":{""kind"":""iri"",""value"":""https://blackcatinformatics.ca/gmeow/examples/creativework-forged-001""}}",[],[]
node_9b81852d3b555d0d8aadcf24ffd34df4c6abacf43ce0aa5006639c4bf72ef583,"{""kind"":""iri"",""value"":""https://blackcatinformatics.ca/gmeow/examples/claim-self-deception-held-modality-001""}",[],[]
node_9bba8e0d35db18ddf1720e21a0a64366c1fbedfe28eea1558cb9d8cbed76d01d,"{""kind"":""triple"",""subject"":{""kind"":""iri"",""value"":""https://blackcatinformatics.ca/gmeow/examples/event-dupe-reshare-001""},""predicate"":{""kind"":""iri"",""value"":""https://blackcatinformatics.ca/gmeow/heldStandpoint""},""object"":{""kind"":""iri"",""value"":""https://blackcatinformatics.ca/gmeow/examples/standpointclaim-dupe-belief-001""}}",[],[]
node_9bcc7a8b1f813597dc0ee543afd3185733da77b1020a6eecf50249fb549eaaca,"{""kind"":""iri"",""value"":""https://blackcatinformatics.ca/gmeow/examples/claim-event-disinformation-001""}",[],[]
node_9c350a3f822a2571c81782586033487a87c6946efcf6312517024075adc7d971,"{""kind"":""triple"",""subject"":{""kind"":""iri"",""value"":""https://blackcatinformatics.ca/gmeow/examples/event-self-deception-001""},""predicate"":{""kind"":""iri"",""value"":""https://blackcatinformatics.ca/gmeow/heldStandpoint""},""object"":{""kind"":""iri"",""value"":""https://blackcatinformatics.ca/gmeow/examples/standpointclaim-self-deception-held-001""}}",[],[]
node_9c4ce1ff8c61a4c601cd2ffbd2f38a65b601532308b3c4a3c036ff6d73944064,"{""kind"":""iri"",""value"":""https://blackcatinformatics.ca/gmeow/examples/ai/claim-east-wing-close""}",[],[]
node_9d9a2e9c20cdd59e139d0b3b02875cbbe515e4b1c894053ab352494788b78338,"{""kind"":""iri"",""value"":""https://blackcatinformatics.ca/gmeow/genderWoman""}",[],[]
node_9dbdca49e2597a479afc233e13cbd8bd7250080bcaa174f4dd286a0ab836e350,"{""kind"":""triple"",""subject"":{""kind"":""iri"",""value"":""https://blackcatinformatics.ca/gmeow/examples/music/greensleeves-work""},""predicate"":{""kind"":""iri"",""value"":""https://blackcatinformatics.ca/gmeow/hasComposer""},""object"":{""kind"":""iri"",""value"":""https://blackcatinformatics.ca/gmeow/examples/music/henry-viii""}}",[],[]
node_9e316fbc5d96e229646bdfa98bb4b78e3b9950db875e4333673835aed52a1bc1,"{""kind"":""iri"",""value"":""https://blackcatinformatics.ca/gmeow/examples/standpointclaim-projected-001""}",[],[]
node_9e61c061e95bce516351c5c81ab500b065295e283d65a62c65bf327e30502928,"{""kind"":""triple"",""subject"":{""kind"":""iri"",""value"":""https://blackcatinformatics.ca/gmeow/examples/event-disinformation-001""},""predicate"":{""kind"":""iri"",""value"":""https://blackcatinformatics.ca/gmeow/projectedStandpoint""},""object"":{""kind"":""iri"",""value"":""https://blackcatinformatics.ca/gmeow/examples/standpointclaim-disinformation-origin-projected-001""}}",[],[]
node_9e74bee8fc0b51abeebf5c64f1e9623103cdae0bd66e57c4005f5ce8dcc4a930,"{""kind"":""iri"",""value"":""https://blackcatinformatics.ca/gmeow/examples/claim-disinformation-origin-deceiver-role-001""}",[],[]
node_9f0e2996f8aa518da72421025256f537d0c16aee02c7c974e829e311be7d5e88,"{""kind"":""iri"",""value"":""https://blackcatinformatics.ca/gmeow/examples/claim-disinformation-origin-deceiver-001""}",[],[]
node_a0c5d00f4004266bf33de303574f108e314261936f4a8e8ba7acfc07c733f2cb,"{""kind"":""triple"",""subject"":{""kind"":""iri"",""value"":""https://blackcatinformatics.ca/gmeow/examples/standpointclaim-lie-projected-001""},""predicate"":{""kind"":""iri"",""value"":""https://blackcatinformatics.ca/gmeow/claimModality""},""object"":{""kind"":""iri"",""value"":""https://blackcatinformatics.ca/gmeow/unequivocal""}}",[],[]
node_a1518a7db626017181c1df38fa0468444645315d1d1b8d4bfea96091f5d4f1af,"{""kind"":""iri"",""value"":""https://blackcatinformatics.ca/gmeow/examples/standpoint-downstream""}",[],[]
node_a15f6fe1d5d75a5bb13f3c00f77f6f31ddc06237075a38d37ba51bf3785e90a4,"{""kind"":""iri"",""value"":""https://blackcatinformatics.ca/gmeow/examples/music/standpoint-tonal-analyst""}",[],[]
node_a1605f1a3806c2d3e6998a0465a2661fb9e7a897c0a7efea592928f4bef64d1e,"{""kind"":""iri"",""value"":""https://blackcatinformatics.ca/gmeow/examples/identityfacet-impersonation-001""}",[],[]
node_a3b689cf0f4e1a3859f44dd9c8714510a6c9c8269d7bfdffc343882d390a3306,"{""kind"":""triple"",""subject"":{""kind"":""iri"",""value"":""https://blackcatinformatics.ca/gmeow/examples/crimea""},""predicate"":{""kind"":""iri"",""value"":""https://blackcatinformatics.ca/gmeow/containedInPlace""},""object"":{""kind"":""iri"",""value"":""https://blackcatinformatics.ca/gmeow/examples/russia""}}",[],[]
node_a3c8ba465cc50c5ae78db1e9833b90e3aa890c700f637aef173f22383cc59c5b,"{""kind"":""iri"",""value"":""https://blackcatinformatics.ca/gmeow/examples/event-reformation-date""}",[],"[{""statement_id"":""statement_1678f43de4ab60fd853f1616fd1a29a42898c790ec3fddef588a2ebffc5323e4"",""key"":""https://blackcatinformatics.ca/gmeow/eventTime"",""value"":{""kind"":""string"",""value"":""1582-10-15T00:00:00Z""},""rdf"":{""subject"":{""kind"":""iri"",""value"":""https://blackcatinformatics.ca/gmeow/examples/event-reformation-date""},""predicate"":""https://blackcatinformatics.ca/gmeow/eventTime"",""object"":{""kind"":""literal"",""lexical"":""1582-10-15T00:00:00Z"",""datatype"":""http://www.w3.org/2001/XMLSchema#dateTime"",""language"":null,""direction"":null},""graph"":{""kind"":""default""}}},{""statement_id"":""statement_436af34fe66a1c8928d32e8304d287a6f04661ae528329a1ff4243cda96ac05f"",""key"":""https://blackcatinformatics.ca/gmeow/eventTime"",""value"":{""kind"":""string"",""value"":""1582-10-05T00:00:00Z""},""rdf"":{""subject"":{""kind"":""iri"",""value"":""https://blackcatinformatics.ca/gmeow/examples/event-reformation-date""},""predicate"":""https://blackcatinformatics.ca/gmeow/eventTime"",""object"":{""kind"":""literal"",""lexical"":""1582-10-05T00:00:00Z"",""datatype"":""http://www.w3.org/2001/XMLSchema#dateTime"",""language"":null,""direction"":null},""graph"":{""kind"":""default""}}}]"
node_a5310bbeeab259f738ccbc4fb31077c77fdfb9a1396369829beb7813d8d575e4,"{""kind"":""iri"",""value"":""https://blackcatinformatics.ca/gmeow/metricStructure78""}",[],[]
node_a606415e0cd7ed2eb3e54f42eb3dd8c4893626a9c551413b799d792cc5ab989b,"{""kind"":""iri"",""value"":""https://blackcatinformatics.ca/gmeow/examples/rights/claim-photo-license""}",[],[]
node_a6ff43cb2ad12ba11ab898451a9e3388b2ea82b2e4b2197ddd637aae89a50830,"{""kind"":""triple"",""subject"":{""kind"":""iri"",""value"":""https://blackcatinformatics.ca/gmeow/examples/claim-hogwarts-exists""},""predicate"":{""kind"":""iri"",""value"":""https://blackcatinformatics.ca/gmeow/claimVeridicality""},""object"":{""kind"":""iri"",""value"":""https://blackcatinformatics.ca/gmeow/veridicalityLicensedFalsehood""}}",[],[]
node_a706fdb04a6b85015fabc36de3d26083b997786a290d57b133ab882360176c80,"{""kind"":""triple"",""subject"":{""kind"":""iri"",""value"":""https://blackcatinformatics.ca/gmeow/examples/event-paltering-001""},""predicate"":{""kind"":""iri"",""value"":""https://blackcatinformatics.ca/gmeow/projectedStandpoint""},""object"":{""kind"":""iri"",""value"":""https://blackcatinformatics.ca/gmeow/examples/standpointclaim-paltering-projected-001""}}",[],[]
node_a7a167317b8f1c9e82970c40652b55120d2aa37d977dc3217bc28061abd6f1d8,"{""kind"":""iri"",""value"":""https://blackcatinformatics.ca/gmeow/examples/claim-disinformation-origin-deceiver-participant-001""}",[],[]
node_a8d344dfcc3026f7c492e5c0a20a2855ddf705479f0194da00f3c18e03b001f9,"{""kind"":""iri"",""value"":""https://blackcatinformatics.ca/gmeow/examples/claim-disinformation-dupe-telling-001""}",[],[]
node_aa5ea3a216ab2180cae01e7ebf6b15da1b2b5743c0c0ec086886d44b4d1a424d,"{""kind"":""iri"",""value"":""https://blackcatinformatics.ca/gmeow/examples/standpoint-investigator""}",[],[]
node_ab24d7b1f3320096c573e04e64baad2278809ff5bb20df4b9dd9672bcdf52e38,"{""kind"":""iri"",""value"":""https://blackcatinformatics.ca/gmeow/examples/claim-lie-projected-modality-001""}",[],[]
node_acf3cbd00117679780e3cad73130ed7481fd4854abc845f761d6e31c04fa6003,"{""kind"":""iri"",""value"":""https://blackcatinformatics.ca/gmeow/examples/standpointclaim-disinformation-origin-held-001""}",[],[]
node_ad9f5ac175ba9f2bb5dbdb33a5c3bffd9730aa4edd7380c11b740f64b49f7de1,"{""kind"":""triple"",""subject"":{""kind"":""iri"",""value"":""https://blackcatinformatics.ca/gmeow/examples/standpointclaim-self-deception-held-001""},""predicate"":{""kind"":""iri"",""value"":""https://blackcatinformatics.ca/gmeow/claimModality""},""object"":{""kind"":""iri"",""value"":""https://blackcatinformatics.ca/gmeow/refuted""}}",[],[]
node_ada56c3fa0270c57951cde8a28f10398b0734e8565f5de7a05dbc75847480138,"{""kind"":""triple"",""subject"":{""kind"":""iri"",""value"":""https://blackcatinformatics.ca/gmeow/examples/event-paltering-001""},""predicate"":{""kind"":""iri"",""value"":""https://blackcatinformatics.ca/gmeow/eventType""},""object"":{""kind"":""iri"",""value"":""https://blackcatinformatics.ca/gmeow/eventTypePaltering""}}",[],[]
node_adc7c8961b3c64ab12350ef12afccfb5f96fad49718c118c7140f39e8dad8c4e,"{""kind"":""triple"",""subject"":{""kind"":""iri"",""value"":""https://blackcatinformatics.ca/gmeow/examples/standpointclaim-omission-held-001""},""predicate"":{""kind"":""iri"",""value"":""https://blackcatinformatics.ca/gmeow/claimModality""},""object"":{""kind"":""iri"",""value"":""https://blackcatinformatics.ca/gmeow/unequivocal""}}",[],[]
node_ae9365faa1db99631b56feb6e87e9ff0768e19570305b62f68d17092dd9a05d5,"{""kind"":""triple"",""subject"":{""kind"":""iri"",""value"":""https://blackcatinformatics.ca/gmeow/examples/event-impersonation-001""},""predicate"":{""kind"":""iri"",""value"":""https://blackcatinformatics.ca/gmeow/projectedStandpoint""},""object"":{""kind"":""iri"",""value"":""https://blackcatinformatics.ca/gmeow/examples/standpointclaim-impersonation-projected-001""}}",[],[]
node_af053021a3029eda3d8671596edc06bbb62e8105159310e8253745191e4d279d,"{""kind"":""triple"",""subject"":{""kind"":""iri"",""value"":""https://blackcatinformatics.ca/gmeow/examples/event-forgery-001""},""predicate"":{""kind"":""iri"",""value"":""https://blackcatinformatics.ca/gmeow/heldStandpoint""},""object"":{""kind"":""iri"",""value"":""https://blackcatinformatics.ca/gmeow/examples/standpointclaim-forgery-held-001""}}",[],[]
node_af0bca53526a04d755c3eb9439598eba16fcd2d6f4dbdce12b02f8c44e461a1c,"{""kind"":""iri"",""value"":""https://blackcatinformatics.ca/gmeow/examples/claim-bullshit-001""}",[],[]
node_afca45b29e507e677482d9df81282e594d49ad9394cc281e8ead3a296ffded35,"{""kind"":""triple"",""subject"":{""kind"":""iri"",""value"":""https://blackcatinformatics.ca/gmeow/examples/music/bar17""},""predicate"":{""kind"":""iri"",""value"":""https://blackcatinformatics.ca/gmeow/assignedMeter""},""object"":{""kind"":""iri"",""value"":""https://blackcatinformatics.ca/gmeow/metricStructure78""}}",[],[]
node_b01ebe0cdaa0c2f31e7af00e3297c968214e59b45a40ff63b5a1fe0c10bbd74e,"{""kind"":""iri"",""value"":""https://blackcatinformatics.ca/gmeow/examples/standpointclaim-disinformation-origin-projected-001""}",[],[]
node_b0b2282a9e639a781cc58763095f2c84c75f47590e13d804acfbdaedbb67e3f1,"{""kind"":""iri"",""value"":""https://blackcatinformatics.ca/gmeow/examples/claim-fabrication-projected-001""}",[],[]
node_b20d806d527dbd452ab4668b31c77c817396e1740368448b80f676fcf079e444,"{""kind"":""triple"",""subject"":{""kind"":""iri"",""value"":""https://blackcatinformatics.ca/gmeow/examples/event-forgery-001""},""predicate"":{""kind"":""iri"",""value"":""https://blackcatinformatics.ca/gmeow/eventType""},""object"":{""kind"":""iri"",""value"":""https://blackcatinformatics.ca/gmeow/eventTypeForgery""}}",[],[]
node_b2d2f24b1ab18c6a39144fac4a4d3e41e75c6ac623254781f9f67261aaec30d0,"{""kind"":""iri"",""value"":""https://blackcatinformatics.ca/gmeow/examples/alice""}",[],[]
node_b39050b3575943abbf59b7e5d5279e2e134be58d4891a9415925edc4af5c6eec,"{""kind"":""iri"",""value"":""https://blackcatinformatics.ca/gmeow/examples/rights/src-license-deed""}",[],[]
node_b3aef9702a54917d1e0cf8a79b7e12c136e856095b8db02f95fea4cc4f2835e8,"{""kind"":""triple"",""subject"":{""kind"":""iri"",""value"":""https://blackcatinformatics.ca/gmeow/examples/event-fabrication-001""},""predicate"":{""kind"":""iri"",""value"":""https://blackcatinformatics.ca/gmeow/implicates""},""object"":{""kind"":""iri"",""value"":""https://blackcatinformatics.ca/gmeow/examples/verificationresult-fabrication-001""}}",[],[]
node_b3d1be430d57a3d221603e8d7faa1c02cf8946ad72dc90f0109f2136eebd14af,"{""kind"":""iri"",""value"":""https://blackcatinformatics.ca/gmeow/examples/standpointclaim-fabrication-projected-001""}",[],[]
node_b44cbe5aa451f75f99e53e7fded280d0ca9526097eb4763588cd271a1fde33bf,"{""kind"":""iri"",""value"":""https://blackcatinformatics.ca/gmeow/examples/claim-event-fabrication-001""}",[],[]
node_b5c0cf0460229cab6ae7166b68c2c7b95c00e627e2e14516a7a47609d4c3c8b7,"{""kind"":""iri"",""value"":""https://blackcatinformatics.ca/gmeow/examples/claim-disinformation-dupe-belief-modality-001""}",[],[]
node_b6931cdc2f123c4e98558f0d28260c48467397a6c178585a9015ae109c5ee49a,"{""kind"":""iri"",""value"":""https://blackcatinformatics.ca/gmeow/examples/rights/contested-trademark""}",[],[]
node_b6e30d481aef6ddd599168debc8d36f42482cd94c503603115ca0f0ffc788956,"{""kind"":""iri"",""value"":""https://blackcatinformatics.ca/gmeow/examples/claim-bullshit-held-001""}",[],[]
node_b790c55b47403bef645ce75f0dfd512b87d693ba2bf8244a4bffa75c5ad53c70,"{""kind"":""triple"",""subject"":{""kind"":""iri"",""value"":""https://blackcatinformatics.ca/gmeow/examples/event-paltering-001""},""predicate"":{""kind"":""iri"",""value"":""https://blackcatinformatics.ca/gmeow/implicates""},""object"":{""kind"":""iri"",""value"":""https://blackcatinformatics.ca/gmeow/examples/proposition-paltering-implicated-001""}}",[],[]
node_b898f1a35b3544863d04a61b8839936eced59bae6f2a31511eca29ccceff25e6,"{""kind"":""triple"",""subject"":{""kind"":""iri"",""value"":""https://blackcatinformatics.ca/gmeow/examples/event-downstream-reshare-001""},""predicate"":{""kind"":""iri"",""value"":""https://blackcatinformatics.ca/gmeow/eventType""},""object"":{""kind"":""iri"",""value"":""https://blackcatinformatics.ca/gmeow/eventTypeDeception""}}",[],[]
node_b9138bb35aef4cb6812edf9f565438359391516f71daf7eddccaf84572d129a7,"{""kind"":""iri"",""value"":""https://blackcatinformatics.ca/gmeow/examples/standpoint-gregorian-historiography""}",[],[]
node_b93395d778aaacf2bd33fcff19a636836294399a205c118df16d7419c6a20211,"{""kind"":""iri"",""value"":""https://blackcatinformatics.ca/gmeow/examples/rights/omega""}",[],[]
node_baf7a18aaf2cda87f802c2c6b81656fd3dcd40d2851f60e26f8c3657065a0bce,"{""kind"":""iri"",""value"":""https://blackcatinformatics.ca/gmeow/examples/polity-y""}",[],[]
node_bb04e0729f00a97206ed6e8e6eef55330154afaf322bf409daa901df070473b0,"{""kind"":""triple"",""subject"":{""kind"":""iri"",""value"":""https://blackcatinformatics.ca/gmeow/examples/event-reformation-date""},""predicate"":{""kind"":""iri"",""value"":""https://blackcatinformatics.ca/gmeow/eventTime""},""object"":{""kind"":""literal"",""lexical"":""1582-10-15T00:00:00Z"",""datatype"":""http://www.w3.org/2001/XMLSchema#dateTime"",""language"":null,""direction"":null}}",[],[]
node_be7ad19c36fae61cd6937486213117dfe6627e464df943483d26587275e3ab9f,"{""kind"":""triple"",""subject"":{""kind"":""iri"",""value"":""https://blackcatinformatics.ca/gmeow/examples/rights/photo-copyright""},""predicate"":{""kind"":""iri"",""value"":""https://blackcatinformatics.ca/gmeow/copyrightHolder""},""object"":{""kind"":""iri"",""value"":""https://blackcatinformatics.ca/gmeow/examples/rights/jane""}}",[],[]
node_bf2892191ea4ead792796517e62cc127a670f8505735eaec861ccbee52bb3128,"{""kind"":""iri"",""value"":""https://blackcatinformatics.ca/gmeow/examples/referenceFrameRobotEndEffector""}",[],[]
node_bf6a1e4fcf5e86203c35e7ec7bea4424a9893934c126d5b50b3e5ede91213fa0,"{""kind"":""iri"",""value"":""https://blackcatinformatics.ca/gmeow/examples/claim-distortion-participant-001""}",[],[]
node_bfabfffc7ecfcdb5da1a4fc4a582efceb3ccf701bbc1953d0d9f9668b823e62e,"{""kind"":""iri"",""value"":""https://blackcatinformatics.ca/gmeow/referenceFrameRobotBase""}",[],[]
node_bfbabbf691d1d20502f615657e3bf802d72ab60f130dd6323b8227cfaf2caaeb,"{""kind"":""triple"",""subject"":{""kind"":""iri"",""value"":""https://blackcatinformatics.ca/gmeow/examples/event-fabrication-001""},""predicate"":{""kind"":""iri"",""value"":""https://blackcatinformatics.ca/gmeow/eventType""},""object"":{""kind"":""iri"",""value"":""https://blackcatinformatics.ca/gmeow/eventTypeFabrication""}}",[],[]
node_c0c17ac661a1b23afb1ed9149127ef60a93ff93edf11a2aa29eaee3752c9befa,"{""kind"":""triple"",""subject"":{""kind"":""iri"",""value"":""https://blackcatinformatics.ca/gmeow/examples/identityfacet-impersonation-001""},""predicate"":{""kind"":""iri"",""value"":""https://blackcatinformatics.ca/gmeow/facetSubject""},""object"":{""kind"":""iri"",""value"":""https://blackcatinformatics.ca/gmeow/examples/agent-victim-001""}}",[],[]
node_c219465ca33c4a9028099e6357b13c95d6b207112a3058a262c9dbfdc98148d7,"{""kind"":""iri"",""value"":""https://blackcatinformatics.ca/gmeow/examples/claim-fiction-001""}",[],[]
node_c3a96ed81905c95312900ec1cee6440d288199cfc9dded35d7fdd15295310fa5,"{""kind"":""iri"",""value"":""https://blackcatinformatics.ca/gmeow/examples/claim-disinformation-origin-projected-modality-001""}",[],[]
node_c420aab34112f03a4d95cbc46da8d90c85c9e72782da54ef3ddd7db1ca171b19,"{""kind"":""triple"",""subject"":{""kind"":""iri"",""value"":""https://blackcatinformatics.ca/gmeow/examples/event-fabrication-001""},""predicate"":{""kind"":""iri"",""value"":""https://blackcatinformatics.ca/gmeow/projectedStandpoint""},""object"":{""kind"":""iri"",""value"":""https://blackcatinformatics.ca/gmeow/examples/standpointclaim-fabrication-projected-001""}}",[],[]
node_c44f3b02e151f362c0fd22ccc35cd50ec85981b82508401da0903e512467f49c,"{""kind"":""iri"",""value"":""https://blackcatinformatics.ca/gmeow/examples/standpoint-tacit-self""}",[],[]
node_c4d4f459bc98cd073119930899c4b6f48622562c9bd4bf916db6c911ede83e21,"{""kind"":""triple"",""subject"":{""kind"":""iri"",""value"":""https://blackcatinformatics.ca/gmeow/examples/participation-disinformation-dupe-001""},""predicate"":{""kind"":""iri"",""value"":""https://blackcatinformatics.ca/gmeow/participationParticipant""},""object"":{""kind"":""iri"",""value"":""https://blackcatinformatics.ca/gmeow/examples/agent-dupe-001""}}",[],[]
node_c5f5b92707bbd8a44edcc83632e8566d573901cd050501bc74e35e87afc9903f,"{""kind"":""iri"",""value"":""https://blackcatinformatics.ca/gmeow/examples/slam-cell-42""}",[],[]
node_c67c895a04223628f1d57c76d43c89eba62b0230a6003a0ac9673933a8f7e76f,"{""kind"":""iri"",""value"":""https://blackcatinformatics.ca/gmeow/examples/rights/agent-license-scanner""}",[],[]
node_c6f2a865be4dbc13290ea139b70a16ebafb9f542f16211e07429ff614ca1442c,"{""kind"":""iri"",""value"":""https://blackcatinformatics.ca/gmeow/examples/event-disinformation-001""}",[],[]
node_c7ecc169f7884c98face49fc10af28209ebd90043f1566e133c12f02eb74b394,"{""kind"":""iri"",""value"":""https://blackcatinformatics.ca/gmeow/examples/music/claim-math-rock-critics""}",[],[]
node_c7fc2f643b24aa88da84ffb493c235a90d4d974c9d88d6bfb3fdfcbfd5e3b868,"{""kind"":""iri"",""value"":""https://blackcatinformatics.ca/gmeow/examples/claim-territory-1850-per-2025-historiography""}",[],[]
node_c8293a5e62c3649395687089379b6889a8a7dcafa769a5cc1d58257b00260116,"{""kind"":""iri"",""value"":""https://blackcatinformatics.ca/gmeow/examples/claim-myth-propagation-001""}",[],[]
node_c8639902e6bb5a0c60031032ed29560d41ba268bb6da87454e11a5e65f36868e,"{""kind"":""iri"",""value"":""https://blackcatinformatics.ca/gmeow/examples/claim-impersonation-held-001""}",[],[]
node_c890b646ad52c52cd8c6ce861d2e8cd41f4d509e1383b1c9506d89cba7fa496a,"{""kind"":""iri"",""value"":""https://blackcatinformatics.ca/gmeow/examples/standpointclaim-disinformation-origin-intent-001""}",[],[]
node_c9bede727242092b6c260f67430ff55c1b5eeecf4e11359d6c11bb00e712c460,"{""kind"":""iri"",""value"":""https://blackcatinformatics.ca/gmeow/examples/claim-disinformation-origin-projected-001""}",[],[]
node_cafe3c1755a6c0a7d33e201388367d5f277de849354c3b28f6eff1a787608692,"{""kind"":""iri"",""value"":""https://blackcatinformatics.ca/gmeow/examples/claim-disinformation-origin-deceiver-event-001""}",[],[]
node_cbda4aa7e23588379b47f003e238cedf4e0393c7dd241895c97b3968ff2f039e,"{""kind"":""iri"",""value"":""https://blackcatinformatics.ca/gmeow/examples/standpointclaim-bullshit-projected-001""}",[],[]
node_cd252cb0ccddd5c70a7ab92105dc3e350574ff32ff085e0445f6bdde76017fea,"{""kind"":""triple"",""subject"":{""kind"":""iri"",""value"":""https://blackcatinformatics.ca/gmeow/examples/event-self-deception-001""},""predicate"":{""kind"":""iri"",""value"":""https://blackcatinformatics.ca/gmeow/eventType""},""object"":{""kind"":""iri"",""value"":""https://blackcatinformatics.ca/gmeow/eventTypeSelfDeception""}}",[],[]
node_cdb9623fe0c981990cdd60109e939d68577d53143bcc0097cf291740b7c00d0e,"{""kind"":""iri"",""value"":""https://blackcatinformatics.ca/gmeow/examples/lang-toki-pona""}",[],[]
node_cdf1ef486eb166e281659b52f26d0287c22431483ff16d0ae6a982197695dc37,"{""kind"":""iri"",""value"":""https://blackcatinformatics.ca/gmeow/eventTypeImpersonation""}",[],[]
node_cdff2acd46f6089afb87a8825d5e1c7a23f871dd12b335b5ebeade629ac167c2,"{""kind"":""iri"",""value"":""https://blackcatinformatics.ca/gmeow/examples/standpointclaim-paltering-projected-001""}",[],[]
node_cedadacb35ecfbe68f4bbcba2e8a2081e21c8eaf4f48be9d5bf2a43a9316e7fc,"{""kind"":""iri"",""value"":""https://blackcatinformatics.ca/gmeow/examples/event-bullshit-001""}",[],[]
node_cf027a94624276d43dbb063137cbdc5cb985065ce254fd93ae9b7bbd5104553e,"{""kind"":""triple"",""subject"":{""kind"":""iri"",""value"":""https://blackcatinformatics.ca/gmeow/examples/standpointclaim-impersonation-projected-001""},""predicate"":{""kind"":""iri"",""value"":""https://blackcatinformatics.ca/gmeow/claimModality""},""object"":{""kind"":""iri"",""value"":""https://blackcatinformatics.ca/gmeow/unequivocal""}}",[],[]
node_cf866d1b1df66f992bef7cf968e54273e83b3450c1159cbb8f2f169881da553b,"{""kind"":""iri"",""value"":""https://blackcatinformatics.ca/gmeow/examples/standpointclaim-self-deception-held-001""}",[],[]
node_d03a3ef174bf71dc80f0c6195462d54335aa55c1274fec44d2013d8ce236df7c,"{""kind"":""iri"",""value"":""https://blackcatinformatics.ca/gmeow/examples/claim-forgery-implicates-signature-001""}",[],[]
node_d236919bb469bc8d3b87d74338bc19064141873009d69d1930c2c0a19606449e,"{""kind"":""iri"",""value"":""https://blackcatinformatics.ca/gmeow/examples/claim-deception-event-001""}",[],[]
node_d3e18c804b1178d1419394ffe2106af6b37b080aa27f75c65f5be165b9788b17,"{""kind"":""iri"",""value"":""https://blackcatinformatics.ca/gmeow/examples/standpoint-therapist""}",[],[]
node_d4114a252cee82af04ae2d1a55a03304063c779cd72d10eab6ef32c73300a163,"{""kind"":""iri"",""value"":""https://blackcatinformatics.ca/gmeow/examples/claim-crimea-in-russia-per-ru""}",[],[]
node_d44512748917bf929f1f877ec7ccfb64df1f5fa6e7f23ba44b89712ee63ca1fa,"{""kind"":""iri"",""value"":""https://blackcatinformatics.ca/gmeow/examples/claim-alice-gender-001""}",[],[]
node_d56e1c7f840748fa0bd9a9c4337886dc3faa171d91dea910651a4adb6c297f7c,"{""kind"":""iri"",""value"":""https://blackcatinformatics.ca/gmeow/examples/standpoint-un""}",[],[]
node_d579c86020a87dbac9378218e6e8fa22c99ecfc64bc1a9506dbf48d4e57e109c,"{""kind"":""iri"",""value"":""https://blackcatinformatics.ca/gmeow/examples/claim-self-deception-held-001""}",[],[]
node_d617099d7e54dbcc29b350349dc776d9d5be48df050ace7b4d25921894db1ed7,"{""kind"":""triple"",""subject"":{""kind"":""iri"",""value"":""https://blackcatinformatics.ca/gmeow/examples/standpointclaim-dupe-belief-001""},""predicate"":{""kind"":""iri"",""value"":""https://blackcatinformatics.ca/gmeow/claimModality""},""object"":{""kind"":""iri"",""value"":""https://blackcatinformatics.ca/gmeow/unequivocal""}}",[],[]
node_d641cf797382be73559ce3de2c5863be83657cf793dc7b102ad643e1bed0460a,"{""kind"":""triple"",""subject"":{""kind"":""iri"",""value"":""https://blackcatinformatics.ca/gmeow/examples/music/greensleeves-work""},""predicate"":{""kind"":""iri"",""value"":""https://blackcatinformatics.ca/gmeow/hasComposer""},""object"":{""kind"":""iri"",""value"":""https://blackcatinformatics.ca/gmeow/examples/music/anonymous-composer""}}",[],[]
node_d7b18403c3a55af1c8d184688516034e1673c28c6beeb2271f4019bd9a6482e4,"{""kind"":""triple"",""subject"":{""kind"":""iri"",""value"":""https://blackcatinformatics.ca/gmeow/examples/participation-disinformation-origin-deceiver-001""},""predicate"":{""kind"":""iri"",""value"":""https://blackcatinformatics.ca/gmeow/participationRole""},""object"":{""kind"":""iri"",""value"":""https://blackcatinformatics.ca/gmeow/roleDeceiver""}}",[],[]
node_d86c25548e25a0f9036f6a17d23269338502906da664e7243a7b4f53db55e40f,"{""kind"":""iri"",""value"":""https://blackcatinformatics.ca/gmeow/eventTypeDisinformation""}",[],[]
node_d8a7918ccf645799435d1073289c07aed3ba5b7b56ffc8602ca73cc97c73895c,"{""kind"":""iri"",""value"":""https://blackcatinformatics.ca/gmeow/examples/event-fabrication-001""}",[],[]
node_d8e2e43d2566f5729c1aa4726b013b6c507f4f0eb4fbaca1926270267643239f,"{""kind"":""iri"",""value"":""https://blackcatinformatics.ca/gmeow/roleDeceiver""}",[],[]
node_d9a48f896b1e62c5210ba2d479d118c59fe5e3ca5acddb1055857bad9f5941e7,"{""kind"":""iri"",""value"":""https://blackcatinformatics.ca/gmeow/examples/rights/claim-repo-spdx""}",[],[]
node_d9aeb0ceb41204b22c1bf09e0b5ec80d099dec8a9cb95c55de4bbcec3daef001,"{""kind"":""triple"",""subject"":{""kind"":""iri"",""value"":""https://blackcatinformatics.ca/gmeow/examples/participation-disinformation-dupe-001""},""predicate"":{""kind"":""iri"",""value"":""https://blackcatinformatics.ca/gmeow/participationRole""},""object"":{""kind"":""iri"",""value"":""https://blackcatinformatics.ca/gmeow/roleDupe""}}",[],[]
node_da2f9123d9f61eabe750661d7e6673f0143fae2145263cdfe8ce7e702372124e,"{""kind"":""triple"",""subject"":{""kind"":""iri"",""value"":""https://blackcatinformatics.ca/gmeow/examples/participation-disinformation-origin-deceiver-001""},""predicate"":{""kind"":""iri"",""value"":""https://blackcatinformatics.ca/gmeow/participationEvent""},""object"":{""kind"":""iri"",""value"":""https://blackcatinformatics.ca/gmeow/examples/event-disinformation-001""}}",[],[]
node_da5bc5be91e2a70713af306ebd48db80ab5b8182801e6bb732f206bf0141efb6,"{""kind"":""iri"",""value"":""https://blackcatinformatics.ca/gmeow/examples/event-downstream-reshare-001""}",[],[]
node_dad156d2a8f5bc7bcdd2e7b5c8125200ad0033ded0fc30b32186e2b0f7b56c40,"{""kind"":""iri"",""value"":""https://blackcatinformatics.ca/gmeow/veridicalityUntrue""}",[],[]
node_dae0163fcf48b592a47fecb4c33dec59ea6f0de7cfca3d0e98f22e03168da4be,"{""kind"":""iri"",""value"":""https://blackcatinformatics.ca/gmeow/examples/standpoint-verifier""}",[],[]
node_dc38be3dc24d504c0813ba02a1c7f9a29811c254a6fd1c1b8639ee3dcee1d0fb,"{""kind"":""iri"",""value"":""https://blackcatinformatics.ca/gmeow/attestationTypeFactCheck""}",[],[]
node_dc90595754435e8eb48707dd57344458280cbbc4c0574287b50103ff2745334c,"{""kind"":""iri"",""value"":""https://blackcatinformatics.ca/gmeow/examples/claim-disinformation-downstream-telling-001""}",[],[]
node_de6e9b47305609f504d31de895815b5bfce23045eca7719f3fa31125ecc904e5,"{""kind"":""iri"",""value"":""https://blackcatinformatics.ca/gmeow/examples/narrative-frame-harry-potter""}",[],[]
node_de7d598425ffc346447a6501655975a39272a928eede81c466d5d4e45f83b168,"{""kind"":""iri"",""value"":""https://blackcatinformatics.ca/gmeow/examples/music/ai-chord-model-v3""}",[],[]
node_df19e6818bec52adebdcbe670b8ddce29fc145ea235a6075c363f2e2dff5ace5,"{""kind"":""triple"",""subject"":{""kind"":""iri"",""value"":""https://blackcatinformatics.ca/gmeow/examples/gi-alice""},""predicate"":{""kind"":""iri"",""value"":""https://blackcatinformatics.ca/gmeow/genderValue""},""object"":{""kind"":""iri"",""value"":""https://blackcatinformatics.ca/gmeow/genderWoman""}}",[],[]
node_df2dfcbf4d97a06f13bbc603ee5f031f270a74bd66d4340e50755685b675aa97,"{""kind"":""iri"",""value"":""https://blackcatinformatics.ca/gmeow/examples/claim-fabrication-held-modality-001""}",[],[]
node_df34fe3e1c322f1bbf15a256b046c4addd8a4a893f6444fb2a991e1b31dab43f,"{""kind"":""iri"",""value"":""https://blackcatinformatics.ca/gmeow/examples/territory-x""}",[],[]
node_df5e77ccfb6c38036d3a2ccbc8b5c9b8e641698b919aeb071b8c0214861fc950,"{""kind"":""iri"",""value"":""https://blackcatinformatics.ca/gmeow/examples/claim-fabrication-verification-001""}",[],[]
node_e02c275ecf867057027a367f2774550fa745f491d03d9b9310969195e08855b9,"{""kind"":""iri"",""value"":""https://blackcatinformatics.ca/gmeow/pitchValue12EDOE4""}",[],[]
node_e0516a66ae59cbdb1680eb0c83c1817424b8ae0c30f1d237338d41672c32c125,"{""kind"":""triple"",""subject"":{""kind"":""iri"",""value"":""https://blackcatinformatics.ca/gmeow/examples/standpointclaim-lie-held-001""},""predicate"":{""kind"":""iri"",""value"":""https://blackcatinformatics.ca/gmeow/claimModality""},""object"":{""kind"":""iri"",""value"":""https://blackcatinformatics.ca/gmeow/refuted""}}",[],[]
node_e063c7c496b9617c89b0e5bbb9c6301423e2b6c9702bff6ca988a2b119d9c1ab,"{""kind"":""triple"",""subject"":{""kind"":""iri"",""value"":""https://blackcatinformatics.ca/gmeow/examples/event-lie-001""},""predicate"":{""kind"":""iri"",""value"":""https://blackcatinformatics.ca/gmeow/projectedStandpoint""},""object"":{""kind"":""iri"",""value"":""https://blackcatinformatics.ca/gmeow/examples/standpointclaim-lie-projected-001""}}",[],[]
node_e09bd2456e7238a0b26628b41072a6d27af34fd1aa714e3303bb30c0e60c6985,"{""kind"":""iri"",""value"":""https://blackcatinformatics.ca/gmeow/examples/claim-disinformation-dupe-event-binding-001""}",[],[]
node_e0e95a280d2a4e97fc084cc675f3268aecf9a1624b89673f41d20c40451c8121,"{""kind"":""triple"",""subject"":{""kind"":""iri"",""value"":""https://blackcatinformatics.ca/gmeow/examples/rights/contested-trademark""},""predicate"":{""kind"":""iri"",""value"":""https://blackcatinformatics.ca/gmeow/trademarkHolder""},""object"":{""kind"":""iri"",""value"":""https://blackcatinformatics.ca/gmeow/examples/rights/acme""}}",[],[]
node_e1bd5221ab2c9055c6fd9e71d4bd380ad1e8353cf5b80a1d155cfbdd3ca98acf,"{""kind"":""iri"",""value"":""https://blackcatinformatics.ca/gmeow/examples/claim-self-deception-roles-001""}",[],[]
node_e1c98143e23f4afb6251bc87681def8f06c1864d7a9b206b983b22811efa4999,"{""kind"":""triple"",""subject"":{""kind"":""iri"",""value"":""https://blackcatinformatics.ca/gmeow/examples/event-impersonation-001""},""predicate"":{""kind"":""iri"",""value"":""https://blackcatinformatics.ca/gmeow/eventType""},""object"":{""kind"":""iri"",""value"":""https://blackcatinformatics.ca/gmeow/eventTypeImpersonation""}}",[],[]
node_e26a55901fdce0113e3fbe02d85d3ad0e0b0f8624a44db275f64312549e39fec,"{""kind"":""triple"",""subject"":{""kind"":""iri"",""value"":""https://blackcatinformatics.ca/gmeow/examples/claim-hogwarts-in-canon""},""predicate"":{""kind"":""iri"",""value"":""https://blackcatinformatics.ca/gmeow/claimVeridicality""},""object"":{""kind"":""iri"",""value"":""https://blackcatinformatics.ca/gmeow/veridicalityLicensedFalsehood""}}",[],[]
node_e408267172402b104add54cb200a4b9e9d8a40f07a0299bd5945b88e7d6ffaee,"{""kind"":""triple"",""subject"":{""kind"":""iri"",""value"":""https://blackcatinformatics.ca/gmeow/examples/event-impersonation-001""},""predicate"":{""kind"":""iri"",""value"":""https://blackcatinformatics.ca/gmeow/implicates""},""object"":{""kind"":""iri"",""value"":""https://blackcatinformatics.ca/gmeow/examples/identityfacet-impersonation-001""}}",[],[]
node_e42c8879dd38d42d947c8e02d386a457a69dfd71f14496760631041c3d1d6c4f,"{""kind"":""iri"",""value"":""https://blackcatinformatics.ca/gmeow/examples/music/claim-spectral-key-tonal""}",[],[]
node_e4739bb492e6a7fb3a77c8aca721221d43ec6eeb849480732340a32602d1cd62,"{""kind"":""iri"",""value"":""https://blackcatinformatics.ca/gmeow/examples/ai/invocation-19""}",[],[]
node_e48da2a31d7db339c83bffbab22698fc151cb55daefc69300c91cac5a629a1da,"{""kind"":""iri"",""value"":""https://blackcatinformatics.ca/gmeow/examples/creativework-forged-001""}",[],[]
node_e4cfa9eccd45296c8639a0d973dd7876776e4edcdb1ba9382ad7dcafe094cb5c,"{""kind"":""iri"",""value"":""https://blackcatinformatics.ca/gmeow/examples/claim-crimea-in-ukraine-per-un""}",[],[]
node_e4d81294cfccd750f972102d67064ed335fe2f0837c42aa84fe33c6fcc2d91d7,"{""kind"":""iri"",""value"":""https://blackcatinformatics.ca/gmeow/examples/claim-lie-held-001""}",[],[]
node_e582660b97902540672a1de2e39dddb802137e3e3e1a1ac8c3ca9ed77f3b7a70,"{""kind"":""iri"",""value"":""https://blackcatinformatics.ca/gmeow/examples/music/claim-greensleeves-henry-viii""}",[],[]
node_e6dcabc78f07e1b7c7d452b963c7c49da6e66495fd7597994d01394707d30afa,"{""kind"":""triple"",""subject"":{""kind"":""iri"",""value"":""https://blackcatinformatics.ca/gmeow/examples/standpointclaim-dupe-belief-001""},""predicate"":{""kind"":""iri"",""value"":""https://blackcatinformatics.ca/gmeow/claimVeridicality""},""object"":{""kind"":""iri"",""value"":""https://blackcatinformatics.ca/gmeow/veridicalityUntrue""}}",[],[]
node_e7485c5e87e232e9f39141f42b1197cc0679f1b35b7c9ea43911508f97f01059,"{""kind"":""iri"",""value"":""https://blackcatinformatics.ca/gmeow/unequivocal""}",[],[]
node_e7a870b45ed0637d732448e9b7edb423291d0185e0999a8472a45540f965a51e,"{""kind"":""iri"",""value"":""https://blackcatinformatics.ca/gmeow/examples/claim-slam-occupancy-cell-42""}",[],[]
node_e819170dd2c42de47cc228e7404ca331f2a769ded064c7327781387a5cfdd1ae,"{""kind"":""iri"",""value"":""https://blackcatinformatics.ca/gmeow/examples/claim-forgery-signature-of-001""}",[],[]
node_ea1320e588cf9124f08e80150f4973380f48ab1d453233df6419b59667361d3c,"{""kind"":""triple"",""subject"":{""kind"":""iri"",""value"":""https://blackcatinformatics.ca/gmeow/examples/event-dupe-reshare-001""},""predicate"":{""kind"":""iri"",""value"":""https://blackcatinformatics.ca/gmeow/eventType""},""object"":{""kind"":""iri"",""value"":""https://blackcatinformatics.ca/gmeow/eventTypeDeception""}}",[],[]
node_ea8497a4a1939eeb78daaedb2767154b928d7db9a3a873d5cf7c4aead31d6368,"{""kind"":""iri"",""value"":""https://blackcatinformatics.ca/gmeow/examples/birth-alice""}",[],"[{""statement_id"":""statement_cb7e12a33fd19678b21df997e38cbefee92a0d210f8fd98b6899607d33d0f749"",""key"":""https://blackcatinformatics.ca/gmeow/eventTime"",""value"":{""kind"":""string"",""value"":""1990-05-01T00:00:00Z""},""rdf"":{""subject"":{""kind"":""iri"",""value"":""https://blackcatinformatics.ca/gmeow/examples/birth-alice""},""predicate"":""https://blackcatinformatics.ca/gmeow/eventTime"",""object"":{""kind"":""literal"",""lexical"":""1990-05-01T00:00:00Z"",""datatype"":""http://www.w3.org/2001/XMLSchema#dateTime"",""language"":null,""direction"":null},""graph"":{""kind"":""default""}}}]"
node_ec02649b548e5aa1eda4fe23625d1911ac4a4fb8a34ec7aeb0a47945ecbe328c,"{""kind"":""iri"",""value"":""https://blackcatinformatics.ca/gmeow/examples/claim-hogwarts-exists""}",[],[]
node_ecc9a7a78929f225c6d5faa5d07790943f4d6e17edf032122b75f476d60ba886,"{""kind"":""iri"",""value"":""https://blackcatinformatics.ca/gmeow/examples/rights/repo-license""}",[],"[{""statement_id"":""statement_8d26bfdb3fad8542082bdd3a0bebbcb5a686a6e5094544434d135c98b2c0c7d4"",""key"":""https://blackcatinformatics.ca/gmeow/spdxLicenseId"",""value"":{""kind"":""string"",""value"":""Apache-2.0""},""rdf"":{""subject"":{""kind"":""iri"",""value"":""https://blackcatinformatics.ca/gmeow/examples/rights/repo-license""},""predicate"":""https://blackcatinformatics.ca/gmeow/spdxLicenseId"",""object"":{""kind"":""literal"",""lexical"":""Apache-2.0"",""datatype"":""http://www.w3.org/2001/XMLSchema#string"",""language"":null,""direction"":null},""graph"":{""kind"":""default""}}}]"
node_ed1d31d40eb05819df570d89fddde1e8b07b4327f46b2f59db8de9ef1a461a28,"{""kind"":""iri"",""value"":""https://blackcatinformatics.ca/gmeow/verificationStatusFailed""}",[],[]
node_ed59f0fda13b3934d07192a5aa871a824f29d688559f8aa6aa7bea5708a4ed1d,"{""kind"":""iri"",""value"":""https://blackcatinformatics.ca/gmeow/examples/telling-origin-article-001""}",[],[]
node_ed6e473a0659f7edce6090f1e5c51754cdd57e81af08a215032fda17e5cd071e,"{""kind"":""triple"",""subject"":{""kind"":""iri"",""value"":""https://blackcatinformatics.ca/gmeow/examples/participation-disinformation-dupe-001""},""predicate"":{""kind"":""iri"",""value"":""https://blackcatinformatics.ca/gmeow/participationEvent""},""object"":{""kind"":""iri"",""value"":""https://blackcatinformatics.ca/gmeow/examples/event-dupe-reshare-001""}}",[],[]
node_ed98af62de67c67ca64bbec4a9221e8b6332dc25e11fc5e6f6ff84f8d82a9cbc,"{""kind"":""iri"",""value"":""https://blackcatinformatics.ca/gmeow/examples/standpointclaim-bullshit-001""}",[],[]
node_ee44e437b0f07f232b846619c17f51bbb158924bd01f7c070f554d4173634460,"{""kind"":""triple"",""subject"":{""kind"":""iri"",""value"":""https://blackcatinformatics.ca/gmeow/examples/standpointclaim-bullshit-held-001""},""predicate"":{""kind"":""iri"",""value"":""https://blackcatinformatics.ca/gmeow/claimModality""},""object"":{""kind"":""iri"",""value"":""https://blackcatinformatics.ca/gmeow/bullshit""}}",[],[]
node_ee4e59fb4041fbbaf48be3ac9da960c598d9fc9ae47b1122a3ec210a84e03e6e,"{""kind"":""iri"",""value"":""https://blackcatinformatics.ca/gmeow/examples/claim-event-self-deception-001""}",[],[]
node_eecee9a16551446fb5f57c27227ecd9296cc6a3d2175d32f7011e90f767f91e5,"{""kind"":""iri"",""value"":""https://blackcatinformatics.ca/gmeow/examples/claim-fiction-veridicality-001""}",[],[]
node_ef397ab614609f32db2ffd194288104a1ebebe0ed55c83b8702c433e65dafe1c,"{""kind"":""iri"",""value"":""https://blackcatinformatics.ca/gmeow/examples/telling-article-001""}",[],[]
node_ef7847b1e1ad4e469e8b0b59de6134d827b6ad4b80f6a0bb739c821f17c8b53f,"{""kind"":""iri"",""value"":""https://blackcatinformatics.ca/gmeow/examples/standpointclaim-impersonation-projected-001""}",[],[]
node_eff966546bf739f15257f8364aef3b4ae0b8caa5a713ecd26864a91ad5e60b3c,"{""kind"":""iri"",""value"":""https://blackcatinformatics.ca/gmeow/examples/claim-fabrication-held-001""}",[],[]
node_f051f034f799f6fd59f0d726682f3ab17128a670efb8a16dcddf3af86e594b8f,"{""kind"":""iri"",""value"":""https://blackcatinformatics.ca/gmeow/examples/rights/src-rights-register""}",[],[]
node_f10bb8e244474346ce506abacb9e655182dd72303a28d40bccf99d84660bc384,"{""kind"":""triple"",""subject"":{""kind"":""iri"",""value"":""https://blackcatinformatics.ca/gmeow/fixtureRomanNumeralGermanSixthClaim""},""predicate"":{""kind"":""iri"",""value"":""https://blackcatinformatics.ca/gmeow/analysisResult""},""object"":{""kind"":""iri"",""value"":""https://blackcatinformatics.ca/gmeow/harmonicFunctionGermanSixth""}}",[],[]
node_f1a5e56177a11b82305e738648cd54d28197b3fe7526d25593724cdba3a7d470,"{""kind"":""triple"",""subject"":{""kind"":""iri"",""value"":""https://blackcatinformatics.ca/gmeow/examples/crimea""},""predicate"":{""kind"":""iri"",""value"":""https://blackcatinformatics.ca/gmeow/containedInPlace""},""object"":{""kind"":""iri"",""value"":""https://blackcatinformatics.ca/gmeow/examples/ukraine""}}",[],[]
node_f2262d10a542cb7a88e1b8e70d10bce46c5c70973259345be2c2aebd8d8adba0,"{""kind"":""triple"",""subject"":{""kind"":""iri"",""value"":""https://blackcatinformatics.ca/gmeow/examples/verificationresult-fabrication-001""},""predicate"":{""kind"":""iri"",""value"":""https://blackcatinformatics.ca/gmeow/hasVerificationStatus""},""object"":{""kind"":""iri"",""value"":""https://blackcatinformatics.ca/gmeow/verificationStatusFailed""}}",[],[]
node_f226a963c0802c9c2580a1c5b80022ecae52fb6f4633541772409c8af2a0acbd,"{""kind"":""iri"",""value"":""https://blackcatinformatics.ca/gmeow/examples/verificationresult-fabrication-001""}",[],[]
node_f3295b7beab585f8c6311761d5dfe098e0ed436d74bf1fd3282805d67cd83bfc,"{""kind"":""iri"",""value"":""https://blackcatinformatics.ca/gmeow/examples/standpoint-dupe""}",[],[]
node_f41809b55fc0a465938059c8d292c411303e76a7e63219918d4b8a02ca6b9a70,"{""kind"":""iri"",""value"":""https://blackcatinformatics.ca/gmeow/examples/music/standpoint-music-critics""}",[],[]
node_f4182c555ee5bfee467ce288e97a576cc443784c37232ada8de40f9930c0fc35,"{""kind"":""iri"",""value"":""https://blackcatinformatics.ca/gmeow/examples/telling-dupe-post-001""}",[],[]
node_f4b38992eff8e466c0c8a676f41f4e95dc8e946ba9f2a14ebf14dbc9236314c6,"{""kind"":""iri"",""value"":""https://blackcatinformatics.ca/gmeow/examples/music/standpoint-transcriber-b""}",[],[]
node_f59e477a5583141e0fa6d3196ef453050c6dbf05d330061c6cfaa7cf5705a196,"{""kind"":""iri"",""value"":""https://blackcatinformatics.ca/gmeow/examples/claim-forgery-signature-fail-001""}",[],[]
node_f6410ae7477f262855eff95cd15f31ac9653ef7462f381310f51319feea1ccff,"{""kind"":""iri"",""value"":""https://blackcatinformatics.ca/gmeow/examples/ai/east-wing""}",[],"[{""statement_id"":""statement_02c06e84cc8b2f25688f10f9cefd4a5d911b8d64a69314268b9c03fc4df863d2"",""key"":""https://blackcatinformatics.ca/gmeow/validUntil"",""value"":{""kind"":""string"",""value"":""2026-12-31T22:00:00Z""},""rdf"":{""subject"":{""kind"":""iri"",""value"":""https://blackcatinformatics.ca/gmeow/examples/ai/east-wing""},""predicate"":""https://blackcatinformatics.ca/gmeow/validUntil"",""object"":{""kind"":""literal"",""lexical"":""2026-12-31T22:00:00Z"",""datatype"":""http://www.w3.org/2001/XMLSchema#dateTime"",""language"":null,""direction"":null},""graph"":{""kind"":""default""}}}]"
node_f64a9320da5654c2c64c8386208f7fe13f9d91fa5b38b2d47049e5f87e2b45b6,"{""kind"":""iri"",""value"":""https://blackcatinformatics.ca/gmeow/examples/claim-disinformation-downstream-held-001""}",[],[]
node_f76c0b68a752784b9219fbc9759ae7c8aa88e895f655e4ea5340e3aabba5ea49,"{""kind"":""iri"",""value"":""https://blackcatinformatics.ca/gmeow/examples/agent-dupe-001""}",[],[]
node_f9b354a365b99376b15db14fdf8f4c56072990fcc0353cc0875dfc8915dc9876,"{""kind"":""iri"",""value"":""https://blackcatinformatics.ca/gmeow/examples/standpointclaim-lie-held-001""}",[],[]
node_fa3f65c2249f9840ccb58a65514cfc57b2a945d8258ed051e4601494c95da79b,"{""kind"":""iri"",""value"":""https://blackcatinformatics.ca/gmeow/examples/music/spectral-key-claim""}",[],[]
node_fbc671fc2c2b9d1e1176dc5e34ebdf2025f06a06ffae7aa3845ffaf076395123,"{""kind"":""iri"",""value"":""https://blackcatinformatics.ca/gmeow/examples/claim-sockpuppet-counterpart-001""}",[],[]
node_fbc8921ae8f75c0965384b8ef4520131499edabf0678b6250685eb59de42f761,"{""kind"":""iri"",""value"":""https://blackcatinformatics.ca/gmeow/examples/standpointclaim-downstream-belief-001""}",[],[]
node_fc277c92b7d598ced0f4f2f35d8820d79c87c554dde19cdc618e7af9bfd82d74,"{""kind"":""triple"",""subject"":{""kind"":""iri"",""value"":""https://blackcatinformatics.ca/gmeow/examples/telling-downstream-blog-001""},""predicate"":{""kind"":""iri"",""value"":""https://blackcatinformatics.ca/gmeow/propagatesFrom""},""object"":{""kind"":""iri"",""value"":""https://blackcatinformatics.ca/gmeow/examples/telling-dupe-post-001""}}",[],[]
node_fc6bb1e1ea532e5a314abc1884b49f4b0022803672827d96bc66f07dac1f191c,"{""kind"":""iri"",""value"":""https://blackcatinformatics.ca/gmeow/roleDupe""}",[],[]
node_fd35e2c0f1fa4a768116ae224b30a6d20c4b15334527edc7994e55265d0911d5,"{""kind"":""triple"",""subject"":{""kind"":""iri"",""value"":""https://blackcatinformatics.ca/gmeow/examples/event-self-deception-001""},""predicate"":{""kind"":""iri"",""value"":""https://blackcatinformatics.ca/gmeow/projectedStandpoint""},""object"":{""kind"":""iri"",""value"":""https://blackcatinformatics.ca/gmeow/examples/standpointclaim-self-deception-projected-001""}}",[],[]
node_fdd2b2fb414a77ba32ba8d7250b843edc08fd4f73169d4970aee46f5b61a9c9f,"{""kind"":""iri"",""value"":""https://blackcatinformatics.ca/gmeow/examples/telling-downstream-blog-001""}",[],[]
node_fe1bf35c5284a3f82618feaa26160ee966fb1fe28760813399a6b94f15f13443,"{""kind"":""iri"",""value"":""https://blackcatinformatics.ca/gmeow/examples/src-ru-decree""}",[],[]
node_fec8e4c94dc3b85004b7e1cfdfd7e200cd109d982317e9b2a74194585379fec8,"{""kind"":""triple"",""subject"":{""kind"":""iri"",""value"":""https://blackcatinformatics.ca/gmeow/examples/event-disinformation-001""},""predicate"":{""kind"":""iri"",""value"":""https://blackcatinformatics.ca/gmeow/deceptiveIntentClaim""},""object"":{""kind"":""iri"",""value"":""https://blackcatinformatics.ca/gmeow/examples/standpointclaim-disinformation-origin-intent-001""}}",[],[]
node_ff32c791426381151d5d16107d89d466ffd765078aba783fc1ddbccc9644a54a,"{""kind"":""iri"",""value"":""https://blackcatinformatics.ca/gmeow/referenceFrameRobotSLAM""}",[],[]
